[2026-08-13 09:48:42 +0200] [58341] [INFO] Starting gunicorn 26.0.0
[2026-08-13 09:48:42 +0200] [58341] [INFO] Listening at: http://127.0.0.1:8090 (58341)
[2026-08-13 09:48:42 +0200] [58341] [INFO] Using worker: sync
[2026-08-13 09:48:42 +0200] [58344] [INFO] Booting worker with pid: 58344
2026-08-13 09:48:43,041 INFO axes.apps AXES: BEGIN version 8.3.1, blocking by combination of username and ip_address
[2026-08-13 09:48:43 +0200] [58345] [INFO] Booting worker with pid: 58345
/Users/michaelkatschko/Projects/rettungswache-wachbuch/.venv/lib/python3.12/site-packages/django/core/handlers/base.py:63: UserWarning: No directory at: /Users/michaelkatschko/Projects/rettungswache-wachbuch/staticfiles/
  mw_instance = middleware(adapted_handler)
[2026-08-13 09:48:43 +0200] [58341] [INFO] Control socket listening at /Users/michaelkatschko/.gunicorn/gunicorn.ctl
2026-08-13 09:48:43,216 INFO axes.apps AXES: BEGIN version 8.3.1, blocking by combination of username and ip_address
/Users/michaelkatschko/Projects/rettungswache-wachbuch/.venv/lib/python3.12/site-packages/django/core/handlers/base.py:63: UserWarning: No directory at: /Users/michaelkatschko/Projects/rettungswache-wachbuch/staticfiles/
  mw_instance = middleware(adapted_handler)
2026-08-13 09:48:46,361 INFO wachbuch.requests request_started method=GET path=/healthz/ correlation_id=3eeaf715358348d28a1ac872ade1aaea
127.0.0.1 - - [13/Aug/2026:09:48:46 +0200] "GET /healthz/ HTTP/1.1" 200 37 "-" "curl/8.7.1"
2026-08-13 09:49:05,665 INFO wachbuch.requests request_started method=GET path=/healthz/ correlation_id=46bb0441a0c1451291950ddcdcbbc942
127.0.0.1 - - [13/Aug/2026:09:49:05 +0200] "GET /healthz/ HTTP/1.1" 200 37 "-" "curl/8.7.1"
2026-08-13 09:49:05,805 INFO wachbuch.requests request_started method=GET path=/anmeldung/ correlation_id=a81e3860d2e742eb9fb777ea9bcd5da3
2026-08-13 09:49:05,834 ERROR wachbuch.errors unhandled_exception message=handler500 method=GET path=/anmeldung/ correlation_id=a81e3860d2e742eb9fb777ea9bcd5da3
2026-08-13 09:49:05,835 ERROR wachbuch.errors unhandled_exception message=handler500 method=GET path=/anmeldung/ correlation_id=a81e3860d2e742eb9fb777ea9bcd5da3
2026-08-13 09:49:05,836 ERROR wachbuch.errors unhandled_exception message=handler500 method=GET path=/anmeldung/ correlation_id=a81e3860d2e742eb9fb777ea9bcd5da3
2026-08-13 09:49:05,836 ERROR wachbuch.errors unhandled_exception message=handler500 method=GET path=/anmeldung/ correlation_id=a81e3860d2e742eb9fb777ea9bcd5da3
2026-08-13 09:49:05,837 ERROR wachbuch.errors unhandled_exception message=request_failed method=GET path=/anmeldung/ correlation_id=a81e3860d2e742eb9fb777ea9bcd5da3
2026-08-13 09:49:05,837 ERROR wachbuch.errors unhandled_exception message=handler500 method=GET path=/anmeldung/ correlation_id=a81e3860d2e742eb9fb777ea9bcd5da3
2026-08-13 09:49:05,837 ERROR wachbuch.errors unhandled_exception message=handler500 method=GET path=/anmeldung/ correlation_id=a81e3860d2e742eb9fb777ea9bcd5da3
2026-08-13 09:49:05,838 ERROR wachbuch.errors unhandled_exception message=handler500 method=GET path=/anmeldung/ correlation_id=a81e3860d2e742eb9fb777ea9bcd5da3
2026-08-13 09:49:05,838 ERROR wachbuch.errors unhandled_exception message=handler500 method=GET path=/anmeldung/ correlation_id=a81e3860d2e742eb9fb777ea9bcd5da3
2026-08-13 09:49:05,839 ERROR wachbuch.errors unhandled_exception message=handler500 method=GET path=/anmeldung/ correlation_id=a81e3860d2e742eb9fb777ea9bcd5da3
2026-08-13 09:49:05,839 ERROR wachbuch.errors unhandled_exception message=handler500 method=GET path=/anmeldung/ correlation_id=a81e3860d2e742eb9fb777ea9bcd5da3
2026-08-13 09:49:05,840 ERROR wachbuch.errors unhandled_exception message=handler500 method=GET path=/anmeldung/ correlation_id=a81e3860d2e742eb9fb777ea9bcd5da3
2026-08-13 09:49:05,840 ERROR wachbuch.errors unhandled_exception message=handler500 method=GET path=/anmeldung/ correlation_id=a81e3860d2e742eb9fb777ea9bcd5da3
2026-08-13 09:49:05,841 ERROR wachbuch.errors unhandled_exception message=handler500 method=GET path=/anmeldung/ correlation_id=a81e3860d2e742eb9fb777ea9bcd5da3
[2026-08-13 09:49:05 +0200] [58345] [ERROR] Error handling request GET /anmeldung/
Traceback (most recent call last):
  File "/Users/michaelkatschko/Projects/rettungswache-wachbuch/.venv/lib/python3.12/site-packages/django/core/handlers/exception.py", line 56, in inner
    response = get_response(request)
               ^^^^^^^^^^^^^^^^^^^^^
  File "/Users/michaelkatschko/Projects/rettungswache-wachbuch/.venv/lib/python3.12/site-packages/django/core/handlers/base.py", line 183, in _get_response
    callback, callback_args, callback_kwargs = self.resolve_request(request)
                                               ^^^^^^^^^^^^^^^^^^^^^^^^^^^^^
  File "/Users/michaelkatschko/Projects/rettungswache-wachbuch/.venv/lib/python3.12/site-packages/django/core/handlers/base.py", line 315, in resolve_request
    resolver_match = resolver.resolve(request.path_info)
                     ^^^^^^^^^^^^^^^^^^^^^^^^^^^^^^^^^^^
  File "/Users/michaelkatschko/Projects/rettungswache-wachbuch/.venv/lib/python3.12/site-packages/django/urls/resolvers.py", line 716, in resolve
    raise Resolver404({"tried": tried, "path": new_path})
django.urls.exceptions.Resolver404: {'tried': [[<URLPattern 'healthz/' [name='healthz']>], [<URLPattern 'manifest.webmanifest' [name='web_manifest']>], [<URLPattern 'service-worker.js' [name='service_worker']>], [<URLPattern 'offline/' [name='offline']>], [<URLPattern 'datenschutz/' [name='privacy']>], [<URLPattern 'anmelden/' [name='login']>], [<URLPattern 'registrieren/' [name='register']>], [<URLPattern 'konto/' [name='account_home']>], [<URLPattern 'konto/avatar/<int:user_id>/' [name='avatar_image']>], [<URLPattern 'konto/crypto/' [name='crypto_setup']>], [<URLPattern 'konto/crypto/bundle.json' [name='crypto_bundle']>], [<URLPattern 'anmelden/mfa/' [name='mfa_verify']>], [<URLPattern 'anmelden/passkey/optionen/' [name='passkey_login_options']>], [<URLPattern 'anmelden/passkey/pruefen/' [name='passkey_login_verify']>], [<URLPattern 'anmelden/mfa/passkey/optionen/' [name='passkey_mfa_options']>], [<URLPattern 'anmelden/mfa/passkey/pruefen/' [name='passkey_mfa_verify']>], [<URLPattern 'konto/mfa/' [name='mfa_setup']>], [<URLPattern 'konto/mfa/deaktivieren/' [name='mfa_disable']>], [<URLPattern 'konto/mfa/passkey/optionen/' [name='passkey_register_options']>], [<URLPattern 'konto/mfa/passkey/pruefen/' [name='passkey_register_verify']>], [<URLPattern 'konto/mfa/passkey/<int:pk>/entfernen/' [name='passkey_delete']>], [<URLPattern 'konto/api/' [name='api_tokens_manage']>], [<URLPattern 'konto/api/mobile-qr.png' [name='mobile_setup_qr']>], [<URLPattern 'abmelden/' [name='logout']>], [<URLResolver <URLPattern list> (admin:admin) 'django-admin/'>], [<URLResolver <module 'core.api.urls' from '/Users/michaelkatschko/Projects/rettungswache-wachbuch/core/api/urls.py'> (None:None) 'api/v1/'>], [<URLResolver <module 'core.urls' from '/Users/michaelkatschko/Projects/rettungswache-wachbuch/core/urls.py'> (None:None) ''>, <URLPattern '' [name='landing']>], [<URLResolver <module 'core.urls' from '/Users/michaelkatschko/Projects/rettungswache-wachbuch/core/urls.py'> (None:None) ''>, <URLPattern 'zugang/' [name='access']>], [<URLResolver <module 'core.urls' from '/Users/michaelkatschko/Projects/rettungswache-wachbuch/core/urls.py'> (None:None) ''>, <URLPattern 'uebersicht/' [name='dashboard']>], [<URLResolver <module 'core.urls' from '/Users/michaelkatschko/Projects/rettungswache-wachbuch/core/urls.py'> (None:None) ''>, <URLPattern 'uebergaben/' [name='handover_list']>], [<URLResolver <module 'core.urls' from '/Users/michaelkatschko/Projects/rettungswache-wachbuch/core/urls.py'> (None:None) ''>, <URLPattern 'uebergaben/neu/' [name='handover_create']>], [<URLResolver <module 'core.urls' from '/Users/michaelkatschko/Projects/rettungswache-wachbuch/core/urls.py'> (None:None) ''>, <URLPattern 'uebergaben/<int:pk>/' [name='handover_detail']>], [<URLResolver <module 'core.urls' from '/Users/michaelkatschko/Projects/rettungswache-wachbuch/core/urls.py'> (None:None) ''>, <URLPattern 'uebergaben/<int:pk>/bearbeiten/' [name='handover_edit']>], [<URLResolver <module 'core.urls' from '/Users/michaelkatschko/Projects/rettungswache-wachbuch/core/urls.py'> (None:None) ''>, <URLPattern 'uebergaben/<int:pk>/status/' [name='handover_status']>], [<URLResolver <module 'core.urls' from '/Users/michaelkatschko/Projects/rettungswache-wachbuch/core/urls.py'> (None:None) ''>, <URLPattern 'maengel/' [name='defects_web']>], [<URLResolver <module 'core.urls' from '/Users/michaelkatschko/Projects/rettungswache-wachbuch/core/urls.py'> (None:None) ''>, <URLPattern 'maengel/neu/' [name='defect_create_web']>], [<URLResolver <module 'core.urls' from '/Users/michaelkatschko/Projects/rettungswache-wachbuch/core/urls.py'> (None:None) ''>, <URLPattern 'maengel/<int:pk>/' [name='defect_detail_web']>], [<URLResolver <module 'core.urls' from '/Users/michaelkatschko/Projects/rettungswache-wachbuch/core/urls.py'> (None:None) ''>, <URLPattern 'maengel/anhaenge/<int:pk>/' [name='defect_attachment_web']>], [<URLResolver <module 'core.urls' from '/Users/michaelkatschko/Projects/rettungswache-wachbuch/core/urls.py'> (None:None) ''>, <URLPattern 'geraete/' [name='assets_inventory_web']>], [<URLResolver <module 'core.urls' from '/Users/michaelkatschko/Projects/rettungswache-wachbuch/core/urls.py'> (None:None) ''>, <URLPattern 'checklisten/intervalle/' [name='checklist_schedules_web']>], [<URLResolver <module 'core.urls' from '/Users/michaelkatschko/Projects/rettungswache-wachbuch/core/urls.py'> (None:None) ''>, <URLPattern 'auswertung/' [name='wachalltag_reports_web']>], [<URLResolver <module 'core.urls' from '/Users/michaelkatschko/Projects/rettungswache-wachbuch/core/urls.py'> (None:None) ''>, <URLPattern 'kalender/' [name='calendar']>], [<URLResolver <module 'core.urls' from '/Users/michaelkatschko/Projects/rettungswache-wachbuch/core/urls.py'> (None:None) ''>, <URLPattern 'kalender/neu/' [name='calendar_create']>], [<URLResolver <module 'core.urls' from '/Users/michaelkatschko/Projects/rettungswache-wachbuch/core/urls.py'> (None:None) ''>, <URLPattern 'kalender/feed.ics' [name='calendar_feed_ics']>], [<URLResolver <module 'core.urls' from '/Users/michaelkatschko/Projects/rettungswache-wachbuch/core/urls.py'> (None:None) ''>, <URLPattern 'kalender/abo/' [name='calendar_feed_manage']>], [<URLResolver <module 'core.urls' from '/Users/michaelkatschko/Projects/rettungswache-wachbuch/core/urls.py'> (None:None) ''>, <URLPattern 'kalender/abo/<str:token>.ics' [name='calendar_feed_token_ics']>], [<URLResolver <module 'core.urls' from '/Users/michaelkatschko/Projects/rettungswache-wachbuch/core/urls.py'> (None:None) ''>, <URLPattern 'kalender/<int:pk>/termin.ics' [name='calendar_event_ics']>], [<URLResolver <module 'core.urls' from '/Users/michaelkatschko/Projects/rettungswache-wachbuch/core/urls.py'> (None:None) ''>, <URLPattern 'benachrichtigungen/' [name='push_settings']>], [<URLResolver <module 'core.urls' from '/Users/michaelkatschko/Projects/rettungswache-wachbuch/core/urls.py'> (None:None) ''>, <URLPattern 'geburtstage/' [name='birthdays']>], [<URLResolver <module 'core.urls' from '/Users/michaelkatschko/Projects/rettungswache-wachbuch/core/urls.py'> (None:None) ''>, <URLPattern 'geburtstage/einstellung/' [name='birthday_settings']>], [<URLResolver <module 'core.urls' from '/Users/michaelkatschko/Projects/rettungswache-wachbuch/core/urls.py'> (None:None) ''>, <URLPattern 'kaffeekasse/' [name='coffee']>], [<URLResolver <module 'core.urls' from '/Users/michaelkatschko/Projects/rettungswache-wachbuch/core/urls.py'> (None:None) ''>, <URLPattern 'kaffeekasse/neu/' [name='coffee_create']>], [<URLResolver <module 'core.urls' from '/Users/michaelkatschko/Projects/rettungswache-wachbuch/core/urls.py'> (None:None) ''>, <URLPattern 'kaffeekasse/<int:pk>/korrigieren/' [name='coffee_correct']>], [<URLResolver <module 'core.urls' from '/Users/michaelkatschko/Projects/rettungswache-wachbuch/core/urls.py'> (None:None) ''>, <URLPattern 'lage/' [name='feeds']>], [<URLResolver <module 'core.urls' from '/Users/michaelkatschko/Projects/rettungswache-wachbuch/core/urls.py'> (None:None) ''>, <URLPattern 'aufgaben/' [name='tasks_today']>], [<URLResolver <module 'core.urls' from '/Users/michaelkatschko/Projects/rettungswache-wachbuch/core/urls.py'> (None:None) ''>, <URLPattern 'aufgaben/woche/' [name='tasks_week']>], [<URLResolver <module 'core.urls' from '/Users/michaelkatschko/Projects/rettungswache-wachbuch/core/urls.py'> (None:None) ''>, <URLPattern 'aufgaben/verwaltung/' [name='tasks_manage']>], [<URLResolver <module 'core.urls' from '/Users/michaelkatschko/Projects/rettungswache-wachbuch/core/urls.py'> (None:None) ''>, <URLPattern 'aufgaben/neu/' [name='task_create']>], [<URLResolver <module 'core.urls' from '/Users/michaelkatschko/Projects/rettungswache-wachbuch/core/urls.py'> (None:None) ''>, <URLPattern 'aufgaben/<int:pk>/bearbeiten/' [name='task_edit']>], [<URLResolver <module 'core.urls' from '/Users/michaelkatschko/Projects/rettungswache-wachbuch/core/urls.py'> (None:None) ''>, <URLPattern 'aufgaben/<int:pk>/status/' [name='task_toggle']>], [<URLResolver <module 'core.urls' from '/Users/michaelkatschko/Projects/rettungswache-wachbuch/core/urls.py'> (None:None) ''>, <URLPattern 'checklisten/' [name='checklists']>], [<URLResolver <module 'core.urls' from '/Users/michaelkatschko/Projects/rettungswache-wachbuch/core/urls.py'> (None:None) ''>, <URLPattern 'checklisten/<int:pk>/erledigt/' [name='checklist_complete']>], [<URLResolver <module 'core.urls' from '/Users/michaelkatschko/Projects/rettungswache-wachbuch/core/urls.py'> (None:None) ''>, <URLPattern 'pinnwand/' [name='pinboard']>], [<URLResolver <module 'core.urls' from '/Users/michaelkatschko/Projects/rettungswache-wachbuch/core/urls.py'> (None:None) ''>, <URLPattern 'pinnwand/neu/' [name='pinboard_create']>], [<URLResolver <module 'core.urls' from '/Users/michaelkatschko/Projects/rettungswache-wachbuch/core/urls.py'> (None:None) ''>, <URLPattern 'pinnwand/<int:pk>/bearbeiten/' [name='pinboard_edit']>], [<URLResolver <module 'core.urls' from '/Users/michaelkatschko/Projects/rettungswache-wachbuch/core/urls.py'> (None:None) ''>, <URLPattern 'pinnwand/<int:pk>/anpinnen/' [name='pinboard_pin']>], [<URLResolver <module 'core.urls' from '/Users/michaelkatschko/Projects/rettungswache-wachbuch/core/urls.py'> (None:None) ''>, <URLPattern 'pinnwand/<int:pk>/archivieren/' [name='pinboard_archive']>], [<URLResolver <module 'core.urls' from '/Users/michaelkatschko/Projects/rettungswache-wachbuch/core/urls.py'> (None:None) ''>, <URLPattern 'chat/' [name='chat']>], [<URLResolver <module 'core.urls' from '/Users/michaelkatschko/Projects/rettungswache-wachbuch/core/urls.py'> (None:None) ''>, <URLPattern 'chat/<int:pk>/ausblenden/' [name='chat_hide']>], [<URLResolver <module 'core.urls' from '/Users/michaelkatschko/Projects/rettungswache-wachbuch/core/urls.py'> (None:None) ''>, <URLPattern 'chat/privat/' [name='private_chat_home']>], [<URLResolver <module 'core.urls' from '/Users/michaelkatschko/Projects/rettungswache-wachbuch/core/urls.py'> (None:None) ''>, <URLPattern 'chat/privat/<int:pk>/' [name='private_chat_thread']>], [<URLResolver <module 'core.urls' from '/Users/michaelkatschko/Projects/rettungswache-wachbuch/core/urls.py'> (None:None) ''>, <URLPattern 'post/' [name='secure_mail_inbox']>], [<URLResolver <module 'core.urls' from '/Users/michaelkatschko/Projects/rettungswache-wachbuch/core/urls.py'> (None:None) ''>, <URLPattern 'post/<int:pk>/' [name='secure_mail_detail']>], [<URLResolver <module 'core.urls' from '/Users/michaelkatschko/Projects/rettungswache-wachbuch/core/urls.py'> (None:None) ''>, <URLPattern 'chat/schluessel.json' [name='station_member_keys']>], [<URLResolver <module 'core.urls' from '/Users/michaelkatschko/Projects/rettungswache-wachbuch/core/urls.py'> (None:None) ''>, <URLPattern 'mehr/' [name='more']>], [<URLResolver <module 'core.urls' from '/Users/michaelkatschko/Projects/rettungswache-wachbuch/core/urls.py'> (None:None) ''>, <URLPattern 'team/' [name='team']>], [<URLResolver <module 'core.urls' from '/Users/michaelkatschko/Projects/rettungswache-wachbuch/core/urls.py'> (None:None) ''>, <URLPattern 'team/anlegen/' [name='team_user_create']>], [<URLResolver <module 'core.urls' from '/Users/michaelkatschko/Projects/rettungswache-wachbuch/core/urls.py'> (None:None) ''>, <URLPattern 'team/freigeben/' [name='team_create']>], [<URLResolver <module 'core.urls' from '/Users/michaelkatschko/Projects/rettungswache-wachbuch/core/urls.py'> (None:None) ''>, <URLPattern 'team/registrierung/<int:pk>/ablehnen/' [name='registration_reject']>], [<URLResolver <module 'core.urls' from '/Users/michaelkatschko/Projects/rettungswache-wachbuch/core/urls.py'> (None:None) ''>, <URLPattern 'team/<int:pk>/' [name='membership_update']>], [<URLResolver <module 'core.urls' from '/Users/michaelkatschko/Projects/rettungswache-wachbuch/core/urls.py'> (None:None) ''>, <URLPattern 'einstellungen/' [name='station_settings']>], [<URLResolver <module 'core.urls' from '/Users/michaelkatschko/Projects/rettungswache-wachbuch/core/urls.py'> (None:None) ''>, <URLPattern 'audit/' [name='audit_log']>]], 'path': 'anmeldung/'}

During handling of the above exception, another exception occurred:

Traceback (most recent call last):
  File "/Users/michaelkatschko/Projects/rettungswache-wachbuch/.venv/lib/python3.12/site-packages/django/core/handlers/exception.py", line 166, in get_exception_response
    response = callback(request, exception=exception)
               ^^^^^^^^^^^^^^^^^^^^^^^^^^^^^^^^^^^^^^
  File "/Users/michaelkatschko/Projects/rettungswache-wachbuch/core/views.py", line 141, in page_not_found
    return _render_error(
           ^^^^^^^^^^^^^^
  File "/Users/michaelkatschko/Projects/rettungswache-wachbuch/core/views.py", line 117, in _render_error
    response = render(request, template_name, context, status=status)
               ^^^^^^^^^^^^^^^^^^^^^^^^^^^^^^^^^^^^^^^^^^^^^^^^^^^^^^
  File "/Users/michaelkatschko/Projects/rettungswache-wachbuch/.venv/lib/python3.12/site-packages/django/shortcuts.py", line 27, in render
    content = loader.render_to_string(template_name, context, request, using=using)
              ^^^^^^^^^^^^^^^^^^^^^^^^^^^^^^^^^^^^^^^^^^^^^^^^^^^^^^^^^^^^^^^^^^^^^
  File "/Users/michaelkatschko/Projects/rettungswache-wachbuch/.venv/lib/python3.12/site-packages/django/template/loader.py", line 62, in render_to_string
    return template.render(context, request)
           ^^^^^^^^^^^^^^^^^^^^^^^^^^^^^^^^^
  File "/Users/michaelkatschko/Projects/rettungswache-wachbuch/.venv/lib/python3.12/site-packages/django/template/backends/django.py", line 107, in render
    return self.template.render(context)
           ^^^^^^^^^^^^^^^^^^^^^^^^^^^^^
  File "/Users/michaelkatschko/Projects/rettungswache-wachbuch/.venv/lib/python3.12/site-packages/django/template/base.py", line 174, in render
    return self._render(context)
           ^^^^^^^^^^^^^^^^^^^^^
  File "/Users/michaelkatschko/Projects/rettungswache-wachbuch/.venv/lib/python3.12/site-packages/django/template/base.py", line 166, in _render
    return self.nodelist.render(context)
           ^^^^^^^^^^^^^^^^^^^^^^^^^^^^^
  File "/Users/michaelkatschko/Projects/rettungswache-wachbuch/.venv/lib/python3.12/site-packages/django/template/base.py", line 1107, in render
    return SafeString("".join([node.render_annotated(context) for node in self]))
                               ^^^^^^^^^^^^^^^^^^^^^^^^^^^^^^
  File "/Users/michaelkatschko/Projects/rettungswache-wachbuch/.venv/lib/python3.12/site-packages/django/template/base.py", line 1068, in render_annotated
    return self.render(context)
           ^^^^^^^^^^^^^^^^^^^^
  File "/Users/michaelkatschko/Projects/rettungswache-wachbuch/.venv/lib/python3.12/site-packages/django/template/loader_tags.py", line 160, in render
    return compiled_parent._render(context)
           ^^^^^^^^^^^^^^^^^^^^^^^^^^^^^^^^
  File "/Users/michaelkatschko/Projects/rettungswache-wachbuch/.venv/lib/python3.12/site-packages/django/template/base.py", line 166, in _render
    return self.nodelist.render(context)
           ^^^^^^^^^^^^^^^^^^^^^^^^^^^^^
  File "/Users/michaelkatschko/Projects/rettungswache-wachbuch/.venv/lib/python3.12/site-packages/django/template/base.py", line 1107, in render
    return SafeString("".join([node.render_annotated(context) for node in self]))
                               ^^^^^^^^^^^^^^^^^^^^^^^^^^^^^^
  File "/Users/michaelkatschko/Projects/rettungswache-wachbuch/.venv/lib/python3.12/site-packages/django/template/base.py", line 1068, in render_annotated
    return self.render(context)
           ^^^^^^^^^^^^^^^^^^^^
  File "/Users/michaelkatschko/Projects/rettungswache-wachbuch/.venv/lib/python3.12/site-packages/django/templatetags/static.py", line 116, in render
    url = self.url(context)
          ^^^^^^^^^^^^^^^^^
  File "/Users/michaelkatschko/Projects/rettungswache-wachbuch/.venv/lib/python3.12/site-packages/django/templatetags/static.py", line 113, in url
    return self.handle_simple(path)
           ^^^^^^^^^^^^^^^^^^^^^^^^
  File "/Users/michaelkatschko/Projects/rettungswache-wachbuch/.venv/lib/python3.12/site-packages/django/templatetags/static.py", line 129, in handle_simple
    return staticfiles_storage.url(path)
           ^^^^^^^^^^^^^^^^^^^^^^^^^^^^^
  File "/Users/michaelkatschko/Projects/rettungswache-wachbuch/.venv/lib/python3.12/site-packages/django/contrib/staticfiles/storage.py", line 235, in url
    return self._url(self.stored_name, name, force)
           ^^^^^^^^^^^^^^^^^^^^^^^^^^^^^^^^^^^^^^^^
  File "/Users/michaelkatschko/Projects/rettungswache-wachbuch/.venv/lib/python3.12/site-packages/django/contrib/staticfiles/storage.py", line 214, in _url
    hashed_name = hashed_name_func(*args)
                  ^^^^^^^^^^^^^^^^^^^^^^^
  File "/Users/michaelkatschko/Projects/rettungswache-wachbuch/.venv/lib/python3.12/site-packages/django/contrib/staticfiles/storage.py", line 601, in stored_name
    raise ValueError(
ValueError: Missing staticfiles manifest entry for 'core/icons/icon-192.png'

During handling of the above exception, another exception occurred:

Traceback (most recent call last):
  File "/Users/michaelkatschko/Projects/rettungswache-wachbuch/.venv/lib/python3.12/site-packages/django/core/handlers/exception.py", line 56, in inner
    response = get_response(request)
               ^^^^^^^^^^^^^^^^^^^^^
  File "/Users/michaelkatschko/Projects/rettungswache-wachbuch/.venv/lib/python3.12/site-packages/axes/middleware.py", line 47, in __call__
    response = self.get_response(request)
               ^^^^^^^^^^^^^^^^^^^^^^^^^^
  File "/Users/michaelkatschko/Projects/rettungswache-wachbuch/.venv/lib/python3.12/site-packages/django/core/handlers/exception.py", line 58, in inner
    response = response_for_exception(request, exc)
               ^^^^^^^^^^^^^^^^^^^^^^^^^^^^^^^^^^^^
  File "/Users/michaelkatschko/Projects/rettungswache-wachbuch/.venv/lib/python3.12/site-packages/django/core/handlers/exception.py", line 69, in response_for_exception
    response = get_exception_response(
               ^^^^^^^^^^^^^^^^^^^^^^^
  File "/Users/michaelkatschko/Projects/rettungswache-wachbuch/.venv/lib/python3.12/site-packages/django/core/handlers/exception.py", line 169, in get_exception_response
    response = handle_uncaught_exception(request, resolver, sys.exc_info())
               ^^^^^^^^^^^^^^^^^^^^^^^^^^^^^^^^^^^^^^^^^^^^^^^^^^^^^^^^^^^^
  File "/Users/michaelkatschko/Projects/rettungswache-wachbuch/.venv/lib/python3.12/site-packages/django/core/handlers/exception.py", line 187, in handle_uncaught_exception
    return callback(request)
           ^^^^^^^^^^^^^^^^^
  File "/Users/michaelkatschko/Projects/rettungswache-wachbuch/core/views.py", line 162, in server_error
    response = render(
               ^^^^^^^
  File "/Users/michaelkatschko/Projects/rettungswache-wachbuch/.venv/lib/python3.12/site-packages/django/shortcuts.py", line 27, in render
    content = loader.render_to_string(template_name, context, request, using=using)
              ^^^^^^^^^^^^^^^^^^^^^^^^^^^^^^^^^^^^^^^^^^^^^^^^^^^^^^^^^^^^^^^^^^^^^
  File "/Users/michaelkatschko/Projects/rettungswache-wachbuch/.venv/lib/python3.12/site-packages/django/template/loader.py", line 62, in render_to_string
    return template.render(context, request)
           ^^^^^^^^^^^^^^^^^^^^^^^^^^^^^^^^^
  File "/Users/michaelkatschko/Projects/rettungswache-wachbuch/.venv/lib/python3.12/site-packages/django/template/backends/django.py", line 107, in render
    return self.template.render(context)
           ^^^^^^^^^^^^^^^^^^^^^^^^^^^^^
  File "/Users/michaelkatschko/Projects/rettungswache-wachbuch/.venv/lib/python3.12/site-packages/django/template/base.py", line 174, in render
    return self._render(context)
           ^^^^^^^^^^^^^^^^^^^^^
  File "/Users/michaelkatschko/Projects/rettungswache-wachbuch/.venv/lib/python3.12/site-packages/django/template/base.py", line 166, in _render
    return self.nodelist.render(context)
           ^^^^^^^^^^^^^^^^^^^^^^^^^^^^^
  File "/Users/michaelkatschko/Projects/rettungswache-wachbuch/.venv/lib/python3.12/site-packages/django/template/base.py", line 1107, in render
    return SafeString("".join([node.render_annotated(context) for node in self]))
                               ^^^^^^^^^^^^^^^^^^^^^^^^^^^^^^
  File "/Users/michaelkatschko/Projects/rettungswache-wachbuch/.venv/lib/python3.12/site-packages/django/template/base.py", line 1068, in render_annotated
    return self.render(context)
           ^^^^^^^^^^^^^^^^^^^^
  File "/Users/michaelkatschko/Projects/rettungswache-wachbuch/.venv/lib/python3.12/site-packages/django/template/loader_tags.py", line 160, in render
    return compiled_parent._render(context)
           ^^^^^^^^^^^^^^^^^^^^^^^^^^^^^^^^
  File "/Users/michaelkatschko/Projects/rettungswache-wachbuch/.venv/lib/python3.12/site-packages/django/template/base.py", line 166, in _render
    return self.nodelist.render(context)
           ^^^^^^^^^^^^^^^^^^^^^^^^^^^^^
  File "/Users/michaelkatschko/Projects/rettungswache-wachbuch/.venv/lib/python3.12/site-packages/django/template/base.py", line 1107, in render
    return SafeString("".join([node.render_annotated(context) for node in self]))
                               ^^^^^^^^^^^^^^^^^^^^^^^^^^^^^^
  File "/Users/michaelkatschko/Projects/rettungswache-wachbuch/.venv/lib/python3.12/site-packages/django/template/base.py", line 1068, in render_annotated
    return self.render(context)
           ^^^^^^^^^^^^^^^^^^^^
  File "/Users/michaelkatschko/Projects/rettungswache-wachbuch/.venv/lib/python3.12/site-packages/django/templatetags/static.py", line 116, in render
    url = self.url(context)
          ^^^^^^^^^^^^^^^^^
  File "/Users/michaelkatschko/Projects/rettungswache-wachbuch/.venv/lib/python3.12/site-packages/django/templatetags/static.py", line 113, in url
    return self.handle_simple(path)
           ^^^^^^^^^^^^^^^^^^^^^^^^
  File "/Users/michaelkatschko/Projects/rettungswache-wachbuch/.venv/lib/python3.12/site-packages/django/templatetags/static.py", line 129, in handle_simple
    return staticfiles_storage.url(path)
           ^^^^^^^^^^^^^^^^^^^^^^^^^^^^^
  File "/Users/michaelkatschko/Projects/rettungswache-wachbuch/.venv/lib/python3.12/site-packages/django/contrib/staticfiles/storage.py", line 235, in url
    return self._url(self.stored_name, name, force)
           ^^^^^^^^^^^^^^^^^^^^^^^^^^^^^^^^^^^^^^^^
  File "/Users/michaelkatschko/Projects/rettungswache-wachbuch/.venv/lib/python3.12/site-packages/django/contrib/staticfiles/storage.py", line 214, in _url
    hashed_name = hashed_name_func(*args)
                  ^^^^^^^^^^^^^^^^^^^^^^^
  File "/Users/michaelkatschko/Projects/rettungswache-wachbuch/.venv/lib/python3.12/site-packages/django/contrib/staticfiles/storage.py", line 601, in stored_name
    raise ValueError(
ValueError: Missing staticfiles manifest entry for 'core/icons/icon-192.png'

During handling of the above exception, another exception occurred:

Traceback (most recent call last):
  File "/Users/michaelkatschko/Projects/rettungswache-wachbuch/.venv/lib/python3.12/site-packages/django/core/handlers/exception.py", line 56, in inner
    response = get_response(request)
               ^^^^^^^^^^^^^^^^^^^^^
  File "/Users/michaelkatschko/Projects/rettungswache-wachbuch/core/middleware.py", line 90, in __call__
    return self.get_response(request)
           ^^^^^^^^^^^^^^^^^^^^^^^^^^
  File "/Users/michaelkatschko/Projects/rettungswache-wachbuch/.venv/lib/python3.12/site-packages/django/core/handlers/exception.py", line 58, in inner
    response = response_for_exception(request, exc)
               ^^^^^^^^^^^^^^^^^^^^^^^^^^^^^^^^^^^^
  File "/Users/michaelkatschko/Projects/rettungswache-wachbuch/.venv/lib/python3.12/site-packages/django/core/handlers/exception.py", line 142, in response_for_exception
    response = handle_uncaught_exception(
               ^^^^^^^^^^^^^^^^^^^^^^^^^^
  File "/Users/michaelkatschko/Projects/rettungswache-wachbuch/.venv/lib/python3.12/site-packages/django/core/handlers/exception.py", line 187, in handle_uncaught_exception
    return callback(request)
           ^^^^^^^^^^^^^^^^^
  File "/Users/michaelkatschko/Projects/rettungswache-wachbuch/core/views.py", line 162, in server_error
    response = render(
               ^^^^^^^
  File "/Users/michaelkatschko/Projects/rettungswache-wachbuch/.venv/lib/python3.12/site-packages/django/shortcuts.py", line 27, in render
    content = loader.render_to_string(template_name, context, request, using=using)
              ^^^^^^^^^^^^^^^^^^^^^^^^^^^^^^^^^^^^^^^^^^^^^^^^^^^^^^^^^^^^^^^^^^^^^
  File "/Users/michaelkatschko/Projects/rettungswache-wachbuch/.venv/lib/python3.12/site-packages/django/template/loader.py", line 62, in render_to_string
    return template.render(context, request)
           ^^^^^^^^^^^^^^^^^^^^^^^^^^^^^^^^^
  File "/Users/michaelkatschko/Projects/rettungswache-wachbuch/.venv/lib/python3.12/site-packages/django/template/backends/django.py", line 107, in render
    return self.template.render(context)
           ^^^^^^^^^^^^^^^^^^^^^^^^^^^^^
  File "/Users/michaelkatschko/Projects/rettungswache-wachbuch/.venv/lib/python3.12/site-packages/django/template/base.py", line 174, in render
    return self._render(context)
           ^^^^^^^^^^^^^^^^^^^^^
  File "/Users/michaelkatschko/Projects/rettungswache-wachbuch/.venv/lib/python3.12/site-packages/django/template/base.py", line 166, in _render
    return self.nodelist.render(context)
           ^^^^^^^^^^^^^^^^^^^^^^^^^^^^^
  File "/Users/michaelkatschko/Projects/rettungswache-wachbuch/.venv/lib/python3.12/site-packages/django/template/base.py", line 1107, in render
    return SafeString("".join([node.render_annotated(context) for node in self]))
                               ^^^^^^^^^^^^^^^^^^^^^^^^^^^^^^
  File "/Users/michaelkatschko/Projects/rettungswache-wachbuch/.venv/lib/python3.12/site-packages/django/template/base.py", line 1068, in render_annotated
    return self.render(context)
           ^^^^^^^^^^^^^^^^^^^^
  File "/Users/michaelkatschko/Projects/rettungswache-wachbuch/.venv/lib/python3.12/site-packages/django/template/loader_tags.py", line 160, in render
    return compiled_parent._render(context)
           ^^^^^^^^^^^^^^^^^^^^^^^^^^^^^^^^
  File "/Users/michaelkatschko/Projects/rettungswache-wachbuch/.venv/lib/python3.12/site-packages/django/template/base.py", line 166, in _render
    return self.nodelist.render(context)
           ^^^^^^^^^^^^^^^^^^^^^^^^^^^^^
  File "/Users/michaelkatschko/Projects/rettungswache-wachbuch/.venv/lib/python3.12/site-packages/django/template/base.py", line 1107, in render
    return SafeString("".join([node.render_annotated(context) for node in self]))
                               ^^^^^^^^^^^^^^^^^^^^^^^^^^^^^^
  File "/Users/michaelkatschko/Projects/rettungswache-wachbuch/.venv/lib/python3.12/site-packages/django/template/base.py", line 1068, in render_annotated
    return self.render(context)
           ^^^^^^^^^^^^^^^^^^^^
  File "/Users/michaelkatschko/Projects/rettungswache-wachbuch/.venv/lib/python3.12/site-packages/django/templatetags/static.py", line 116, in render
    url = self.url(context)
          ^^^^^^^^^^^^^^^^^
  File "/Users/michaelkatschko/Projects/rettungswache-wachbuch/.venv/lib/python3.12/site-packages/django/templatetags/static.py", line 113, in url
    return self.handle_simple(path)
           ^^^^^^^^^^^^^^^^^^^^^^^^
  File "/Users/michaelkatschko/Projects/rettungswache-wachbuch/.venv/lib/python3.12/site-packages/django/templatetags/static.py", line 129, in handle_simple
    return staticfiles_storage.url(path)
           ^^^^^^^^^^^^^^^^^^^^^^^^^^^^^
  File "/Users/michaelkatschko/Projects/rettungswache-wachbuch/.venv/lib/python3.12/site-packages/django/contrib/staticfiles/storage.py", line 235, in url
    return self._url(self.stored_name, name, force)
           ^^^^^^^^^^^^^^^^^^^^^^^^^^^^^^^^^^^^^^^^
  File "/Users/michaelkatschko/Projects/rettungswache-wachbuch/.venv/lib/python3.12/site-packages/django/contrib/staticfiles/storage.py", line 214, in _url
    hashed_name = hashed_name_func(*args)
                  ^^^^^^^^^^^^^^^^^^^^^^^
  File "/Users/michaelkatschko/Projects/rettungswache-wachbuch/.venv/lib/python3.12/site-packages/django/contrib/staticfiles/storage.py", line 601, in stored_name
    raise ValueError(
ValueError: Missing staticfiles manifest entry for 'core/icons/icon-192.png'

During handling of the above exception, another exception occurred:

Traceback (most recent call last):
  File "/Users/michaelkatschko/Projects/rettungswache-wachbuch/.venv/lib/python3.12/site-packages/django/core/handlers/exception.py", line 56, in inner
    response = get_response(request)
               ^^^^^^^^^^^^^^^^^^^^^
  File "/Users/michaelkatschko/Projects/rettungswache-wachbuch/core/middleware.py", line 28, in __call__
    response = self.get_response(request)
               ^^^^^^^^^^^^^^^^^^^^^^^^^^
  File "/Users/michaelkatschko/Projects/rettungswache-wachbuch/.venv/lib/python3.12/site-packages/django/core/handlers/exception.py", line 58, in inner
    response = response_for_exception(request, exc)
               ^^^^^^^^^^^^^^^^^^^^^^^^^^^^^^^^^^^^
  File "/Users/michaelkatschko/Projects/rettungswache-wachbuch/.venv/lib/python3.12/site-packages/django/core/handlers/exception.py", line 142, in response_for_exception
    response = handle_uncaught_exception(
               ^^^^^^^^^^^^^^^^^^^^^^^^^^
  File "/Users/michaelkatschko/Projects/rettungswache-wachbuch/.venv/lib/python3.12/site-packages/django/core/handlers/exception.py", line 187, in handle_uncaught_exception
    return callback(request)
           ^^^^^^^^^^^^^^^^^
  File "/Users/michaelkatschko/Projects/rettungswache-wachbuch/core/views.py", line 162, in server_error
    response = render(
               ^^^^^^^
  File "/Users/michaelkatschko/Projects/rettungswache-wachbuch/.venv/lib/python3.12/site-packages/django/shortcuts.py", line 27, in render
    content = loader.render_to_string(template_name, context, request, using=using)
              ^^^^^^^^^^^^^^^^^^^^^^^^^^^^^^^^^^^^^^^^^^^^^^^^^^^^^^^^^^^^^^^^^^^^^
  File "/Users/michaelkatschko/Projects/rettungswache-wachbuch/.venv/lib/python3.12/site-packages/django/template/loader.py", line 62, in render_to_string
    return template.render(context, request)
           ^^^^^^^^^^^^^^^^^^^^^^^^^^^^^^^^^
  File "/Users/michaelkatschko/Projects/rettungswache-wachbuch/.venv/lib/python3.12/site-packages/django/template/backends/django.py", line 107, in render
    return self.template.render(context)
           ^^^^^^^^^^^^^^^^^^^^^^^^^^^^^
  File "/Users/michaelkatschko/Projects/rettungswache-wachbuch/.venv/lib/python3.12/site-packages/django/template/base.py", line 174, in render
    return self._render(context)
           ^^^^^^^^^^^^^^^^^^^^^
  File "/Users/michaelkatschko/Projects/rettungswache-wachbuch/.venv/lib/python3.12/site-packages/django/template/base.py", line 166, in _render
    return self.nodelist.render(context)
           ^^^^^^^^^^^^^^^^^^^^^^^^^^^^^
  File "/Users/michaelkatschko/Projects/rettungswache-wachbuch/.venv/lib/python3.12/site-packages/django/template/base.py", line 1107, in render
    return SafeString("".join([node.render_annotated(context) for node in self]))
                               ^^^^^^^^^^^^^^^^^^^^^^^^^^^^^^
  File "/Users/michaelkatschko/Projects/rettungswache-wachbuch/.venv/lib/python3.12/site-packages/django/template/base.py", line 1068, in render_annotated
    return self.render(context)
           ^^^^^^^^^^^^^^^^^^^^
  File "/Users/michaelkatschko/Projects/rettungswache-wachbuch/.venv/lib/python3.12/site-packages/django/template/loader_tags.py", line 160, in render
    return compiled_parent._render(context)
           ^^^^^^^^^^^^^^^^^^^^^^^^^^^^^^^^
  File "/Users/michaelkatschko/Projects/rettungswache-wachbuch/.venv/lib/python3.12/site-packages/django/template/base.py", line 166, in _render
    return self.nodelist.render(context)
           ^^^^^^^^^^^^^^^^^^^^^^^^^^^^^
  File "/Users/michaelkatschko/Projects/rettungswache-wachbuch/.venv/lib/python3.12/site-packages/django/template/base.py", line 1107, in render
    return SafeString("".join([node.render_annotated(context) for node in self]))
                               ^^^^^^^^^^^^^^^^^^^^^^^^^^^^^^
  File "/Users/michaelkatschko/Projects/rettungswache-wachbuch/.venv/lib/python3.12/site-packages/django/template/base.py", line 1068, in render_annotated
    return self.render(context)
           ^^^^^^^^^^^^^^^^^^^^
  File "/Users/michaelkatschko/Projects/rettungswache-wachbuch/.venv/lib/python3.12/site-packages/django/templatetags/static.py", line 116, in render
    url = self.url(context)
          ^^^^^^^^^^^^^^^^^
  File "/Users/michaelkatschko/Projects/rettungswache-wachbuch/.venv/lib/python3.12/site-packages/django/templatetags/static.py", line 113, in url
    return self.handle_simple(path)
           ^^^^^^^^^^^^^^^^^^^^^^^^
  File "/Users/michaelkatschko/Projects/rettungswache-wachbuch/.venv/lib/python3.12/site-packages/django/templatetags/static.py", line 129, in handle_simple
    return staticfiles_storage.url(path)
           ^^^^^^^^^^^^^^^^^^^^^^^^^^^^^
  File "/Users/michaelkatschko/Projects/rettungswache-wachbuch/.venv/lib/python3.12/site-packages/django/contrib/staticfiles/storage.py", line 235, in url
    return self._url(self.stored_name, name, force)
           ^^^^^^^^^^^^^^^^^^^^^^^^^^^^^^^^^^^^^^^^
  File "/Users/michaelkatschko/Projects/rettungswache-wachbuch/.venv/lib/python3.12/site-packages/django/contrib/staticfiles/storage.py", line 214, in _url
    hashed_name = hashed_name_func(*args)
                  ^^^^^^^^^^^^^^^^^^^^^^^
  File "/Users/michaelkatschko/Projects/rettungswache-wachbuch/.venv/lib/python3.12/site-packages/django/contrib/staticfiles/storage.py", line 601, in stored_name
    raise ValueError(
ValueError: Missing staticfiles manifest entry for 'core/icons/icon-192.png'

During handling of the above exception, another exception occurred:

Traceback (most recent call last):
  File "/Users/michaelkatschko/Projects/rettungswache-wachbuch/.venv/lib/python3.12/site-packages/django/core/handlers/exception.py", line 56, in inner
    response = get_response(request)
               ^^^^^^^^^^^^^^^^^^^^^
  File "/Users/michaelkatschko/Projects/rettungswache-wachbuch/core/middleware.py", line 76, in __call__
    response = self.get_response(request)
               ^^^^^^^^^^^^^^^^^^^^^^^^^^
  File "/Users/michaelkatschko/Projects/rettungswache-wachbuch/.venv/lib/python3.12/site-packages/django/core/handlers/exception.py", line 58, in inner
    response = response_for_exception(request, exc)
               ^^^^^^^^^^^^^^^^^^^^^^^^^^^^^^^^^^^^
  File "/Users/michaelkatschko/Projects/rettungswache-wachbuch/.venv/lib/python3.12/site-packages/django/core/handlers/exception.py", line 142, in response_for_exception
    response = handle_uncaught_exception(
               ^^^^^^^^^^^^^^^^^^^^^^^^^^
  File "/Users/michaelkatschko/Projects/rettungswache-wachbuch/.venv/lib/python3.12/site-packages/django/core/handlers/exception.py", line 187, in handle_uncaught_exception
    return callback(request)
           ^^^^^^^^^^^^^^^^^
  File "/Users/michaelkatschko/Projects/rettungswache-wachbuch/core/views.py", line 162, in server_error
    response = render(
               ^^^^^^^
  File "/Users/michaelkatschko/Projects/rettungswache-wachbuch/.venv/lib/python3.12/site-packages/django/shortcuts.py", line 27, in render
    content = loader.render_to_string(template_name, context, request, using=using)
              ^^^^^^^^^^^^^^^^^^^^^^^^^^^^^^^^^^^^^^^^^^^^^^^^^^^^^^^^^^^^^^^^^^^^^
  File "/Users/michaelkatschko/Projects/rettungswache-wachbuch/.venv/lib/python3.12/site-packages/django/template/loader.py", line 62, in render_to_string
    return template.render(context, request)
           ^^^^^^^^^^^^^^^^^^^^^^^^^^^^^^^^^
  File "/Users/michaelkatschko/Projects/rettungswache-wachbuch/.venv/lib/python3.12/site-packages/django/template/backends/django.py", line 107, in render
    return self.template.render(context)
           ^^^^^^^^^^^^^^^^^^^^^^^^^^^^^
  File "/Users/michaelkatschko/Projects/rettungswache-wachbuch/.venv/lib/python3.12/site-packages/django/template/base.py", line 174, in render
    return self._render(context)
           ^^^^^^^^^^^^^^^^^^^^^
  File "/Users/michaelkatschko/Projects/rettungswache-wachbuch/.venv/lib/python3.12/site-packages/django/template/base.py", line 166, in _render
    return self.nodelist.render(context)
           ^^^^^^^^^^^^^^^^^^^^^^^^^^^^^
  File "/Users/michaelkatschko/Projects/rettungswache-wachbuch/.venv/lib/python3.12/site-packages/django/template/base.py", line 1107, in render
    return SafeString("".join([node.render_annotated(context) for node in self]))
                               ^^^^^^^^^^^^^^^^^^^^^^^^^^^^^^
  File "/Users/michaelkatschko/Projects/rettungswache-wachbuch/.venv/lib/python3.12/site-packages/django/template/base.py", line 1068, in render_annotated
    return self.render(context)
           ^^^^^^^^^^^^^^^^^^^^
  File "/Users/michaelkatschko/Projects/rettungswache-wachbuch/.venv/lib/python3.12/site-packages/django/template/loader_tags.py", line 160, in render
    return compiled_parent._render(context)
           ^^^^^^^^^^^^^^^^^^^^^^^^^^^^^^^^
  File "/Users/michaelkatschko/Projects/rettungswache-wachbuch/.venv/lib/python3.12/site-packages/django/template/base.py", line 166, in _render
    return self.nodelist.render(context)
           ^^^^^^^^^^^^^^^^^^^^^^^^^^^^^
  File "/Users/michaelkatschko/Projects/rettungswache-wachbuch/.venv/lib/python3.12/site-packages/django/template/base.py", line 1107, in render
    return SafeString("".join([node.render_annotated(context) for node in self]))
                               ^^^^^^^^^^^^^^^^^^^^^^^^^^^^^^
  File "/Users/michaelkatschko/Projects/rettungswache-wachbuch/.venv/lib/python3.12/site-packages/django/template/base.py", line 1068, in render_annotated
    return self.render(context)
           ^^^^^^^^^^^^^^^^^^^^
  File "/Users/michaelkatschko/Projects/rettungswache-wachbuch/.venv/lib/python3.12/site-packages/django/templatetags/static.py", line 116, in render
    url = self.url(context)
          ^^^^^^^^^^^^^^^^^
  File "/Users/michaelkatschko/Projects/rettungswache-wachbuch/.venv/lib/python3.12/site-packages/django/templatetags/static.py", line 113, in url
    return self.handle_simple(path)
           ^^^^^^^^^^^^^^^^^^^^^^^^
  File "/Users/michaelkatschko/Projects/rettungswache-wachbuch/.venv/lib/python3.12/site-packages/django/templatetags/static.py", line 129, in handle_simple
    return staticfiles_storage.url(path)
           ^^^^^^^^^^^^^^^^^^^^^^^^^^^^^
  File "/Users/michaelkatschko/Projects/rettungswache-wachbuch/.venv/lib/python3.12/site-packages/django/contrib/staticfiles/storage.py", line 235, in url
    return self._url(self.stored_name, name, force)
           ^^^^^^^^^^^^^^^^^^^^^^^^^^^^^^^^^^^^^^^^
  File "/Users/michaelkatschko/Projects/rettungswache-wachbuch/.venv/lib/python3.12/site-packages/django/contrib/staticfiles/storage.py", line 214, in _url
    hashed_name = hashed_name_func(*args)
                  ^^^^^^^^^^^^^^^^^^^^^^^
  File "/Users/michaelkatschko/Projects/rettungswache-wachbuch/.venv/lib/python3.12/site-packages/django/contrib/staticfiles/storage.py", line 601, in stored_name
    raise ValueError(
ValueError: Missing staticfiles manifest entry for 'core/icons/icon-192.png'

During handling of the above exception, another exception occurred:

Traceback (most recent call last):
  File "/Users/michaelkatschko/Projects/rettungswache-wachbuch/.venv/lib/python3.12/site-packages/django/core/handlers/exception.py", line 56, in inner
    response = get_response(request)
               ^^^^^^^^^^^^^^^^^^^^^
  File "/Users/michaelkatschko/Projects/rettungswache-wachbuch/.venv/lib/python3.12/site-packages/django/utils/deprecation.py", line 441, in __call__
    response = response or self.get_response(request)
                           ^^^^^^^^^^^^^^^^^^^^^^^^^^
  File "/Users/michaelkatschko/Projects/rettungswache-wachbuch/.venv/lib/python3.12/site-packages/django/core/handlers/exception.py", line 58, in inner
    response = response_for_exception(request, exc)
               ^^^^^^^^^^^^^^^^^^^^^^^^^^^^^^^^^^^^
  File "/Users/michaelkatschko/Projects/rettungswache-wachbuch/.venv/lib/python3.12/site-packages/django/core/handlers/exception.py", line 142, in response_for_exception
    response = handle_uncaught_exception(
               ^^^^^^^^^^^^^^^^^^^^^^^^^^
  File "/Users/michaelkatschko/Projects/rettungswache-wachbuch/.venv/lib/python3.12/site-packages/django/core/handlers/exception.py", line 187, in handle_uncaught_exception
    return callback(request)
           ^^^^^^^^^^^^^^^^^
  File "/Users/michaelkatschko/Projects/rettungswache-wachbuch/core/views.py", line 162, in server_error
    response = render(
               ^^^^^^^
  File "/Users/michaelkatschko/Projects/rettungswache-wachbuch/.venv/lib/python3.12/site-packages/django/shortcuts.py", line 27, in render
    content = loader.render_to_string(template_name, context, request, using=using)
              ^^^^^^^^^^^^^^^^^^^^^^^^^^^^^^^^^^^^^^^^^^^^^^^^^^^^^^^^^^^^^^^^^^^^^
  File "/Users/michaelkatschko/Projects/rettungswache-wachbuch/.venv/lib/python3.12/site-packages/django/template/loader.py", line 62, in render_to_string
    return template.render(context, request)
           ^^^^^^^^^^^^^^^^^^^^^^^^^^^^^^^^^
  File "/Users/michaelkatschko/Projects/rettungswache-wachbuch/.venv/lib/python3.12/site-packages/django/template/backends/django.py", line 107, in render
    return self.template.render(context)
           ^^^^^^^^^^^^^^^^^^^^^^^^^^^^^
  File "/Users/michaelkatschko/Projects/rettungswache-wachbuch/.venv/lib/python3.12/site-packages/django/template/base.py", line 174, in render
    return self._render(context)
           ^^^^^^^^^^^^^^^^^^^^^
  File "/Users/michaelkatschko/Projects/rettungswache-wachbuch/.venv/lib/python3.12/site-packages/django/template/base.py", line 166, in _render
    return self.nodelist.render(context)
           ^^^^^^^^^^^^^^^^^^^^^^^^^^^^^
  File "/Users/michaelkatschko/Projects/rettungswache-wachbuch/.venv/lib/python3.12/site-packages/django/template/base.py", line 1107, in render
    return SafeString("".join([node.render_annotated(context) for node in self]))
                               ^^^^^^^^^^^^^^^^^^^^^^^^^^^^^^
  File "/Users/michaelkatschko/Projects/rettungswache-wachbuch/.venv/lib/python3.12/site-packages/django/template/base.py", line 1068, in render_annotated
    return self.render(context)
           ^^^^^^^^^^^^^^^^^^^^
  File "/Users/michaelkatschko/Projects/rettungswache-wachbuch/.venv/lib/python3.12/site-packages/django/template/loader_tags.py", line 160, in render
    return compiled_parent._render(context)
           ^^^^^^^^^^^^^^^^^^^^^^^^^^^^^^^^
  File "/Users/michaelkatschko/Projects/rettungswache-wachbuch/.venv/lib/python3.12/site-packages/django/template/base.py", line 166, in _render
    return self.nodelist.render(context)
           ^^^^^^^^^^^^^^^^^^^^^^^^^^^^^
  File "/Users/michaelkatschko/Projects/rettungswache-wachbuch/.venv/lib/python3.12/site-packages/django/template/base.py", line 1107, in render
    return SafeString("".join([node.render_annotated(context) for node in self]))
                               ^^^^^^^^^^^^^^^^^^^^^^^^^^^^^^
  File "/Users/michaelkatschko/Projects/rettungswache-wachbuch/.venv/lib/python3.12/site-packages/django/template/base.py", line 1068, in render_annotated
    return self.render(context)
           ^^^^^^^^^^^^^^^^^^^^
  File "/Users/michaelkatschko/Projects/rettungswache-wachbuch/.venv/lib/python3.12/site-packages/django/templatetags/static.py", line 116, in render
    url = self.url(context)
          ^^^^^^^^^^^^^^^^^
  File "/Users/michaelkatschko/Projects/rettungswache-wachbuch/.venv/lib/python3.12/site-packages/django/templatetags/static.py", line 113, in url
    return self.handle_simple(path)
           ^^^^^^^^^^^^^^^^^^^^^^^^
  File "/Users/michaelkatschko/Projects/rettungswache-wachbuch/.venv/lib/python3.12/site-packages/django/templatetags/static.py", line 129, in handle_simple
    return staticfiles_storage.url(path)
           ^^^^^^^^^^^^^^^^^^^^^^^^^^^^^
  File "/Users/michaelkatschko/Projects/rettungswache-wachbuch/.venv/lib/python3.12/site-packages/django/contrib/staticfiles/storage.py", line 235, in url
    return self._url(self.stored_name, name, force)
           ^^^^^^^^^^^^^^^^^^^^^^^^^^^^^^^^^^^^^^^^
  File "/Users/michaelkatschko/Projects/rettungswache-wachbuch/.venv/lib/python3.12/site-packages/django/contrib/staticfiles/storage.py", line 214, in _url
    hashed_name = hashed_name_func(*args)
                  ^^^^^^^^^^^^^^^^^^^^^^^
  File "/Users/michaelkatschko/Projects/rettungswache-wachbuch/.venv/lib/python3.12/site-packages/django/contrib/staticfiles/storage.py", line 601, in stored_name
    raise ValueError(
ValueError: Missing staticfiles manifest entry for 'core/icons/icon-192.png'

During handling of the above exception, another exception occurred:

Traceback (most recent call last):
  File "/Users/michaelkatschko/Projects/rettungswache-wachbuch/.venv/lib/python3.12/site-packages/django/core/handlers/exception.py", line 56, in inner
    response = get_response(request)
               ^^^^^^^^^^^^^^^^^^^^^
  File "/Users/michaelkatschko/Projects/rettungswache-wachbuch/.venv/lib/python3.12/site-packages/django/utils/deprecation.py", line 441, in __call__
    response = response or self.get_response(request)
                           ^^^^^^^^^^^^^^^^^^^^^^^^^^
  File "/Users/michaelkatschko/Projects/rettungswache-wachbuch/.venv/lib/python3.12/site-packages/django/core/handlers/exception.py", line 58, in inner
    response = response_for_exception(request, exc)
               ^^^^^^^^^^^^^^^^^^^^^^^^^^^^^^^^^^^^
  File "/Users/michaelkatschko/Projects/rettungswache-wachbuch/.venv/lib/python3.12/site-packages/django/core/handlers/exception.py", line 142, in response_for_exception
    response = handle_uncaught_exception(
               ^^^^^^^^^^^^^^^^^^^^^^^^^^
  File "/Users/michaelkatschko/Projects/rettungswache-wachbuch/.venv/lib/python3.12/site-packages/django/core/handlers/exception.py", line 187, in handle_uncaught_exception
    return callback(request)
           ^^^^^^^^^^^^^^^^^
  File "/Users/michaelkatschko/Projects/rettungswache-wachbuch/core/views.py", line 162, in server_error
    response = render(
               ^^^^^^^
  File "/Users/michaelkatschko/Projects/rettungswache-wachbuch/.venv/lib/python3.12/site-packages/django/shortcuts.py", line 27, in render
    content = loader.render_to_string(template_name, context, request, using=using)
              ^^^^^^^^^^^^^^^^^^^^^^^^^^^^^^^^^^^^^^^^^^^^^^^^^^^^^^^^^^^^^^^^^^^^^
  File "/Users/michaelkatschko/Projects/rettungswache-wachbuch/.venv/lib/python3.12/site-packages/django/template/loader.py", line 62, in render_to_string
    return template.render(context, request)
           ^^^^^^^^^^^^^^^^^^^^^^^^^^^^^^^^^
  File "/Users/michaelkatschko/Projects/rettungswache-wachbuch/.venv/lib/python3.12/site-packages/django/template/backends/django.py", line 107, in render
    return self.template.render(context)
           ^^^^^^^^^^^^^^^^^^^^^^^^^^^^^
  File "/Users/michaelkatschko/Projects/rettungswache-wachbuch/.venv/lib/python3.12/site-packages/django/template/base.py", line 174, in render
    return self._render(context)
           ^^^^^^^^^^^^^^^^^^^^^
  File "/Users/michaelkatschko/Projects/rettungswache-wachbuch/.venv/lib/python3.12/site-packages/django/template/base.py", line 166, in _render
    return self.nodelist.render(context)
           ^^^^^^^^^^^^^^^^^^^^^^^^^^^^^
  File "/Users/michaelkatschko/Projects/rettungswache-wachbuch/.venv/lib/python3.12/site-packages/django/template/base.py", line 1107, in render
    return SafeString("".join([node.render_annotated(context) for node in self]))
                               ^^^^^^^^^^^^^^^^^^^^^^^^^^^^^^
  File "/Users/michaelkatschko/Projects/rettungswache-wachbuch/.venv/lib/python3.12/site-packages/django/template/base.py", line 1068, in render_annotated
    return self.render(context)
           ^^^^^^^^^^^^^^^^^^^^
  File "/Users/michaelkatschko/Projects/rettungswache-wachbuch/.venv/lib/python3.12/site-packages/django/template/loader_tags.py", line 160, in render
    return compiled_parent._render(context)
           ^^^^^^^^^^^^^^^^^^^^^^^^^^^^^^^^
  File "/Users/michaelkatschko/Projects/rettungswache-wachbuch/.venv/lib/python3.12/site-packages/django/template/base.py", line 166, in _render
    return self.nodelist.render(context)
           ^^^^^^^^^^^^^^^^^^^^^^^^^^^^^
  File "/Users/michaelkatschko/Projects/rettungswache-wachbuch/.venv/lib/python3.12/site-packages/django/template/base.py", line 1107, in render
    return SafeString("".join([node.render_annotated(context) for node in self]))
                               ^^^^^^^^^^^^^^^^^^^^^^^^^^^^^^
  File "/Users/michaelkatschko/Projects/rettungswache-wachbuch/.venv/lib/python3.12/site-packages/django/template/base.py", line 1068, in render_annotated
    return self.render(context)
           ^^^^^^^^^^^^^^^^^^^^
  File "/Users/michaelkatschko/Projects/rettungswache-wachbuch/.venv/lib/python3.12/site-packages/django/templatetags/static.py", line 116, in render
    url = self.url(context)
          ^^^^^^^^^^^^^^^^^
  File "/Users/michaelkatschko/Projects/rettungswache-wachbuch/.venv/lib/python3.12/site-packages/django/templatetags/static.py", line 113, in url
    return self.handle_simple(path)
           ^^^^^^^^^^^^^^^^^^^^^^^^
  File "/Users/michaelkatschko/Projects/rettungswache-wachbuch/.venv/lib/python3.12/site-packages/django/templatetags/static.py", line 129, in handle_simple
    return staticfiles_storage.url(path)
           ^^^^^^^^^^^^^^^^^^^^^^^^^^^^^
  File "/Users/michaelkatschko/Projects/rettungswache-wachbuch/.venv/lib/python3.12/site-packages/django/contrib/staticfiles/storage.py", line 235, in url
    return self._url(self.stored_name, name, force)
           ^^^^^^^^^^^^^^^^^^^^^^^^^^^^^^^^^^^^^^^^
  File "/Users/michaelkatschko/Projects/rettungswache-wachbuch/.venv/lib/python3.12/site-packages/django/contrib/staticfiles/storage.py", line 214, in _url
    hashed_name = hashed_name_func(*args)
                  ^^^^^^^^^^^^^^^^^^^^^^^
  File "/Users/michaelkatschko/Projects/rettungswache-wachbuch/.venv/lib/python3.12/site-packages/django/contrib/staticfiles/storage.py", line 601, in stored_name
    raise ValueError(
ValueError: Missing staticfiles manifest entry for 'core/icons/icon-192.png'

During handling of the above exception, another exception occurred:

Traceback (most recent call last):
  File "/Users/michaelkatschko/Projects/rettungswache-wachbuch/.venv/lib/python3.12/site-packages/django/core/handlers/exception.py", line 56, in inner
    response = get_response(request)
               ^^^^^^^^^^^^^^^^^^^^^
  File "/Users/michaelkatschko/Projects/rettungswache-wachbuch/.venv/lib/python3.12/site-packages/django/utils/deprecation.py", line 441, in __call__
    response = response or self.get_response(request)
                           ^^^^^^^^^^^^^^^^^^^^^^^^^^
  File "/Users/michaelkatschko/Projects/rettungswache-wachbuch/.venv/lib/python3.12/site-packages/django/core/handlers/exception.py", line 58, in inner
    response = response_for_exception(request, exc)
               ^^^^^^^^^^^^^^^^^^^^^^^^^^^^^^^^^^^^
  File "/Users/michaelkatschko/Projects/rettungswache-wachbuch/.venv/lib/python3.12/site-packages/django/core/handlers/exception.py", line 142, in response_for_exception
    response = handle_uncaught_exception(
               ^^^^^^^^^^^^^^^^^^^^^^^^^^
  File "/Users/michaelkatschko/Projects/rettungswache-wachbuch/.venv/lib/python3.12/site-packages/django/core/handlers/exception.py", line 187, in handle_uncaught_exception
    return callback(request)
           ^^^^^^^^^^^^^^^^^
  File "/Users/michaelkatschko/Projects/rettungswache-wachbuch/core/views.py", line 162, in server_error
    response = render(
               ^^^^^^^
  File "/Users/michaelkatschko/Projects/rettungswache-wachbuch/.venv/lib/python3.12/site-packages/django/shortcuts.py", line 27, in render
    content = loader.render_to_string(template_name, context, request, using=using)
              ^^^^^^^^^^^^^^^^^^^^^^^^^^^^^^^^^^^^^^^^^^^^^^^^^^^^^^^^^^^^^^^^^^^^^
  File "/Users/michaelkatschko/Projects/rettungswache-wachbuch/.venv/lib/python3.12/site-packages/django/template/loader.py", line 62, in render_to_string
    return template.render(context, request)
           ^^^^^^^^^^^^^^^^^^^^^^^^^^^^^^^^^
  File "/Users/michaelkatschko/Projects/rettungswache-wachbuch/.venv/lib/python3.12/site-packages/django/template/backends/django.py", line 107, in render
    return self.template.render(context)
           ^^^^^^^^^^^^^^^^^^^^^^^^^^^^^
  File "/Users/michaelkatschko/Projects/rettungswache-wachbuch/.venv/lib/python3.12/site-packages/django/template/base.py", line 174, in render
    return self._render(context)
           ^^^^^^^^^^^^^^^^^^^^^
  File "/Users/michaelkatschko/Projects/rettungswache-wachbuch/.venv/lib/python3.12/site-packages/django/template/base.py", line 166, in _render
    return self.nodelist.render(context)
           ^^^^^^^^^^^^^^^^^^^^^^^^^^^^^
  File "/Users/michaelkatschko/Projects/rettungswache-wachbuch/.venv/lib/python3.12/site-packages/django/template/base.py", line 1107, in render
    return SafeString("".join([node.render_annotated(context) for node in self]))
                               ^^^^^^^^^^^^^^^^^^^^^^^^^^^^^^
  File "/Users/michaelkatschko/Projects/rettungswache-wachbuch/.venv/lib/python3.12/site-packages/django/template/base.py", line 1068, in render_annotated
    return self.render(context)
           ^^^^^^^^^^^^^^^^^^^^
  File "/Users/michaelkatschko/Projects/rettungswache-wachbuch/.venv/lib/python3.12/site-packages/django/template/loader_tags.py", line 160, in render
    return compiled_parent._render(context)
           ^^^^^^^^^^^^^^^^^^^^^^^^^^^^^^^^
  File "/Users/michaelkatschko/Projects/rettungswache-wachbuch/.venv/lib/python3.12/site-packages/django/template/base.py", line 166, in _render
    return self.nodelist.render(context)
           ^^^^^^^^^^^^^^^^^^^^^^^^^^^^^
  File "/Users/michaelkatschko/Projects/rettungswache-wachbuch/.venv/lib/python3.12/site-packages/django/template/base.py", line 1107, in render
    return SafeString("".join([node.render_annotated(context) for node in self]))
                               ^^^^^^^^^^^^^^^^^^^^^^^^^^^^^^
  File "/Users/michaelkatschko/Projects/rettungswache-wachbuch/.venv/lib/python3.12/site-packages/django/template/base.py", line 1068, in render_annotated
    return self.render(context)
           ^^^^^^^^^^^^^^^^^^^^
  File "/Users/michaelkatschko/Projects/rettungswache-wachbuch/.venv/lib/python3.12/site-packages/django/templatetags/static.py", line 116, in render
    url = self.url(context)
          ^^^^^^^^^^^^^^^^^
  File "/Users/michaelkatschko/Projects/rettungswache-wachbuch/.venv/lib/python3.12/site-packages/django/templatetags/static.py", line 113, in url
    return self.handle_simple(path)
           ^^^^^^^^^^^^^^^^^^^^^^^^
  File "/Users/michaelkatschko/Projects/rettungswache-wachbuch/.venv/lib/python3.12/site-packages/django/templatetags/static.py", line 129, in handle_simple
    return staticfiles_storage.url(path)
           ^^^^^^^^^^^^^^^^^^^^^^^^^^^^^
  File "/Users/michaelkatschko/Projects/rettungswache-wachbuch/.venv/lib/python3.12/site-packages/django/contrib/staticfiles/storage.py", line 235, in url
    return self._url(self.stored_name, name, force)
           ^^^^^^^^^^^^^^^^^^^^^^^^^^^^^^^^^^^^^^^^
  File "/Users/michaelkatschko/Projects/rettungswache-wachbuch/.venv/lib/python3.12/site-packages/django/contrib/staticfiles/storage.py", line 214, in _url
    hashed_name = hashed_name_func(*args)
                  ^^^^^^^^^^^^^^^^^^^^^^^
  File "/Users/michaelkatschko/Projects/rettungswache-wachbuch/.venv/lib/python3.12/site-packages/django/contrib/staticfiles/storage.py", line 601, in stored_name
    raise ValueError(
ValueError: Missing staticfiles manifest entry for 'core/icons/icon-192.png'

During handling of the above exception, another exception occurred:

Traceback (most recent call last):
  File "/Users/michaelkatschko/Projects/rettungswache-wachbuch/.venv/lib/python3.12/site-packages/django/core/handlers/exception.py", line 56, in inner
    response = get_response(request)
               ^^^^^^^^^^^^^^^^^^^^^
  File "/Users/michaelkatschko/Projects/rettungswache-wachbuch/.venv/lib/python3.12/site-packages/django/utils/deprecation.py", line 441, in __call__
    response = response or self.get_response(request)
                           ^^^^^^^^^^^^^^^^^^^^^^^^^^
  File "/Users/michaelkatschko/Projects/rettungswache-wachbuch/.venv/lib/python3.12/site-packages/django/core/handlers/exception.py", line 58, in inner
    response = response_for_exception(request, exc)
               ^^^^^^^^^^^^^^^^^^^^^^^^^^^^^^^^^^^^
  File "/Users/michaelkatschko/Projects/rettungswache-wachbuch/.venv/lib/python3.12/site-packages/django/core/handlers/exception.py", line 142, in response_for_exception
    response = handle_uncaught_exception(
               ^^^^^^^^^^^^^^^^^^^^^^^^^^
  File "/Users/michaelkatschko/Projects/rettungswache-wachbuch/.venv/lib/python3.12/site-packages/django/core/handlers/exception.py", line 187, in handle_uncaught_exception
    return callback(request)
           ^^^^^^^^^^^^^^^^^
  File "/Users/michaelkatschko/Projects/rettungswache-wachbuch/core/views.py", line 162, in server_error
    response = render(
               ^^^^^^^
  File "/Users/michaelkatschko/Projects/rettungswache-wachbuch/.venv/lib/python3.12/site-packages/django/shortcuts.py", line 27, in render
    content = loader.render_to_string(template_name, context, request, using=using)
              ^^^^^^^^^^^^^^^^^^^^^^^^^^^^^^^^^^^^^^^^^^^^^^^^^^^^^^^^^^^^^^^^^^^^^
  File "/Users/michaelkatschko/Projects/rettungswache-wachbuch/.venv/lib/python3.12/site-packages/django/template/loader.py", line 62, in render_to_string
    return template.render(context, request)
           ^^^^^^^^^^^^^^^^^^^^^^^^^^^^^^^^^
  File "/Users/michaelkatschko/Projects/rettungswache-wachbuch/.venv/lib/python3.12/site-packages/django/template/backends/django.py", line 107, in render
    return self.template.render(context)
           ^^^^^^^^^^^^^^^^^^^^^^^^^^^^^
  File "/Users/michaelkatschko/Projects/rettungswache-wachbuch/.venv/lib/python3.12/site-packages/django/template/base.py", line 174, in render
    return self._render(context)
           ^^^^^^^^^^^^^^^^^^^^^
  File "/Users/michaelkatschko/Projects/rettungswache-wachbuch/.venv/lib/python3.12/site-packages/django/template/base.py", line 166, in _render
    return self.nodelist.render(context)
           ^^^^^^^^^^^^^^^^^^^^^^^^^^^^^
  File "/Users/michaelkatschko/Projects/rettungswache-wachbuch/.venv/lib/python3.12/site-packages/django/template/base.py", line 1107, in render
    return SafeString("".join([node.render_annotated(context) for node in self]))
                               ^^^^^^^^^^^^^^^^^^^^^^^^^^^^^^
  File "/Users/michaelkatschko/Projects/rettungswache-wachbuch/.venv/lib/python3.12/site-packages/django/template/base.py", line 1068, in render_annotated
    return self.render(context)
           ^^^^^^^^^^^^^^^^^^^^
  File "/Users/michaelkatschko/Projects/rettungswache-wachbuch/.venv/lib/python3.12/site-packages/django/template/loader_tags.py", line 160, in render
    return compiled_parent._render(context)
           ^^^^^^^^^^^^^^^^^^^^^^^^^^^^^^^^
  File "/Users/michaelkatschko/Projects/rettungswache-wachbuch/.venv/lib/python3.12/site-packages/django/template/base.py", line 166, in _render
    return self.nodelist.render(context)
           ^^^^^^^^^^^^^^^^^^^^^^^^^^^^^
  File "/Users/michaelkatschko/Projects/rettungswache-wachbuch/.venv/lib/python3.12/site-packages/django/template/base.py", line 1107, in render
    return SafeString("".join([node.render_annotated(context) for node in self]))
                               ^^^^^^^^^^^^^^^^^^^^^^^^^^^^^^
  File "/Users/michaelkatschko/Projects/rettungswache-wachbuch/.venv/lib/python3.12/site-packages/django/template/base.py", line 1068, in render_annotated
    return self.render(context)
           ^^^^^^^^^^^^^^^^^^^^
  File "/Users/michaelkatschko/Projects/rettungswache-wachbuch/.venv/lib/python3.12/site-packages/django/templatetags/static.py", line 116, in render
    url = self.url(context)
          ^^^^^^^^^^^^^^^^^
  File "/Users/michaelkatschko/Projects/rettungswache-wachbuch/.venv/lib/python3.12/site-packages/django/templatetags/static.py", line 113, in url
    return self.handle_simple(path)
           ^^^^^^^^^^^^^^^^^^^^^^^^
  File "/Users/michaelkatschko/Projects/rettungswache-wachbuch/.venv/lib/python3.12/site-packages/django/templatetags/static.py", line 129, in handle_simple
    return staticfiles_storage.url(path)
           ^^^^^^^^^^^^^^^^^^^^^^^^^^^^^
  File "/Users/michaelkatschko/Projects/rettungswache-wachbuch/.venv/lib/python3.12/site-packages/django/contrib/staticfiles/storage.py", line 235, in url
    return self._url(self.stored_name, name, force)
           ^^^^^^^^^^^^^^^^^^^^^^^^^^^^^^^^^^^^^^^^
  File "/Users/michaelkatschko/Projects/rettungswache-wachbuch/.venv/lib/python3.12/site-packages/django/contrib/staticfiles/storage.py", line 214, in _url
    hashed_name = hashed_name_func(*args)
                  ^^^^^^^^^^^^^^^^^^^^^^^
  File "/Users/michaelkatschko/Projects/rettungswache-wachbuch/.venv/lib/python3.12/site-packages/django/contrib/staticfiles/storage.py", line 601, in stored_name
    raise ValueError(
ValueError: Missing staticfiles manifest entry for 'core/icons/icon-192.png'

During handling of the above exception, another exception occurred:

Traceback (most recent call last):
  File "/Users/michaelkatschko/Projects/rettungswache-wachbuch/.venv/lib/python3.12/site-packages/django/core/handlers/exception.py", line 56, in inner
    response = get_response(request)
               ^^^^^^^^^^^^^^^^^^^^^
  File "/Users/michaelkatschko/Projects/rettungswache-wachbuch/.venv/lib/python3.12/site-packages/django/utils/deprecation.py", line 441, in __call__
    response = response or self.get_response(request)
                           ^^^^^^^^^^^^^^^^^^^^^^^^^^
  File "/Users/michaelkatschko/Projects/rettungswache-wachbuch/.venv/lib/python3.12/site-packages/django/core/handlers/exception.py", line 58, in inner
    response = response_for_exception(request, exc)
               ^^^^^^^^^^^^^^^^^^^^^^^^^^^^^^^^^^^^
  File "/Users/michaelkatschko/Projects/rettungswache-wachbuch/.venv/lib/python3.12/site-packages/django/core/handlers/exception.py", line 142, in response_for_exception
    response = handle_uncaught_exception(
               ^^^^^^^^^^^^^^^^^^^^^^^^^^
  File "/Users/michaelkatschko/Projects/rettungswache-wachbuch/.venv/lib/python3.12/site-packages/django/core/handlers/exception.py", line 187, in handle_uncaught_exception
    return callback(request)
           ^^^^^^^^^^^^^^^^^
  File "/Users/michaelkatschko/Projects/rettungswache-wachbuch/core/views.py", line 162, in server_error
    response = render(
               ^^^^^^^
  File "/Users/michaelkatschko/Projects/rettungswache-wachbuch/.venv/lib/python3.12/site-packages/django/shortcuts.py", line 27, in render
    content = loader.render_to_string(template_name, context, request, using=using)
              ^^^^^^^^^^^^^^^^^^^^^^^^^^^^^^^^^^^^^^^^^^^^^^^^^^^^^^^^^^^^^^^^^^^^^
  File "/Users/michaelkatschko/Projects/rettungswache-wachbuch/.venv/lib/python3.12/site-packages/django/template/loader.py", line 62, in render_to_string
    return template.render(context, request)
           ^^^^^^^^^^^^^^^^^^^^^^^^^^^^^^^^^
  File "/Users/michaelkatschko/Projects/rettungswache-wachbuch/.venv/lib/python3.12/site-packages/django/template/backends/django.py", line 107, in render
    return self.template.render(context)
           ^^^^^^^^^^^^^^^^^^^^^^^^^^^^^
  File "/Users/michaelkatschko/Projects/rettungswache-wachbuch/.venv/lib/python3.12/site-packages/django/template/base.py", line 174, in render
    return self._render(context)
           ^^^^^^^^^^^^^^^^^^^^^
  File "/Users/michaelkatschko/Projects/rettungswache-wachbuch/.venv/lib/python3.12/site-packages/django/template/base.py", line 166, in _render
    return self.nodelist.render(context)
           ^^^^^^^^^^^^^^^^^^^^^^^^^^^^^
  File "/Users/michaelkatschko/Projects/rettungswache-wachbuch/.venv/lib/python3.12/site-packages/django/template/base.py", line 1107, in render
    return SafeString("".join([node.render_annotated(context) for node in self]))
                               ^^^^^^^^^^^^^^^^^^^^^^^^^^^^^^
  File "/Users/michaelkatschko/Projects/rettungswache-wachbuch/.venv/lib/python3.12/site-packages/django/template/base.py", line 1068, in render_annotated
    return self.render(context)
           ^^^^^^^^^^^^^^^^^^^^
  File "/Users/michaelkatschko/Projects/rettungswache-wachbuch/.venv/lib/python3.12/site-packages/django/template/loader_tags.py", line 160, in render
    return compiled_parent._render(context)
           ^^^^^^^^^^^^^^^^^^^^^^^^^^^^^^^^
  File "/Users/michaelkatschko/Projects/rettungswache-wachbuch/.venv/lib/python3.12/site-packages/django/template/base.py", line 166, in _render
    return self.nodelist.render(context)
           ^^^^^^^^^^^^^^^^^^^^^^^^^^^^^
  File "/Users/michaelkatschko/Projects/rettungswache-wachbuch/.venv/lib/python3.12/site-packages/django/template/base.py", line 1107, in render
    return SafeString("".join([node.render_annotated(context) for node in self]))
                               ^^^^^^^^^^^^^^^^^^^^^^^^^^^^^^
  File "/Users/michaelkatschko/Projects/rettungswache-wachbuch/.venv/lib/python3.12/site-packages/django/template/base.py", line 1068, in render_annotated
    return self.render(context)
           ^^^^^^^^^^^^^^^^^^^^
  File "/Users/michaelkatschko/Projects/rettungswache-wachbuch/.venv/lib/python3.12/site-packages/django/templatetags/static.py", line 116, in render
    url = self.url(context)
          ^^^^^^^^^^^^^^^^^
  File "/Users/michaelkatschko/Projects/rettungswache-wachbuch/.venv/lib/python3.12/site-packages/django/templatetags/static.py", line 113, in url
    return self.handle_simple(path)
           ^^^^^^^^^^^^^^^^^^^^^^^^
  File "/Users/michaelkatschko/Projects/rettungswache-wachbuch/.venv/lib/python3.12/site-packages/django/templatetags/static.py", line 129, in handle_simple
    return staticfiles_storage.url(path)
           ^^^^^^^^^^^^^^^^^^^^^^^^^^^^^
  File "/Users/michaelkatschko/Projects/rettungswache-wachbuch/.venv/lib/python3.12/site-packages/django/contrib/staticfiles/storage.py", line 235, in url
    return self._url(self.stored_name, name, force)
           ^^^^^^^^^^^^^^^^^^^^^^^^^^^^^^^^^^^^^^^^
  File "/Users/michaelkatschko/Projects/rettungswache-wachbuch/.venv/lib/python3.12/site-packages/django/contrib/staticfiles/storage.py", line 214, in _url
    hashed_name = hashed_name_func(*args)
                  ^^^^^^^^^^^^^^^^^^^^^^^
  File "/Users/michaelkatschko/Projects/rettungswache-wachbuch/.venv/lib/python3.12/site-packages/django/contrib/staticfiles/storage.py", line 601, in stored_name
    raise ValueError(
ValueError: Missing staticfiles manifest entry for 'core/icons/icon-192.png'

During handling of the above exception, another exception occurred:

Traceback (most recent call last):
  File "/Users/michaelkatschko/Projects/rettungswache-wachbuch/.venv/lib/python3.12/site-packages/django/core/handlers/exception.py", line 56, in inner
    response = get_response(request)
               ^^^^^^^^^^^^^^^^^^^^^
  File "/Users/michaelkatschko/Projects/rettungswache-wachbuch/.venv/lib/python3.12/site-packages/django/utils/deprecation.py", line 441, in __call__
    response = response or self.get_response(request)
                           ^^^^^^^^^^^^^^^^^^^^^^^^^^
  File "/Users/michaelkatschko/Projects/rettungswache-wachbuch/.venv/lib/python3.12/site-packages/django/core/handlers/exception.py", line 58, in inner
    response = response_for_exception(request, exc)
               ^^^^^^^^^^^^^^^^^^^^^^^^^^^^^^^^^^^^
  File "/Users/michaelkatschko/Projects/rettungswache-wachbuch/.venv/lib/python3.12/site-packages/django/core/handlers/exception.py", line 142, in response_for_exception
    response = handle_uncaught_exception(
               ^^^^^^^^^^^^^^^^^^^^^^^^^^
  File "/Users/michaelkatschko/Projects/rettungswache-wachbuch/.venv/lib/python3.12/site-packages/django/core/handlers/exception.py", line 187, in handle_uncaught_exception
    return callback(request)
           ^^^^^^^^^^^^^^^^^
  File "/Users/michaelkatschko/Projects/rettungswache-wachbuch/core/views.py", line 162, in server_error
    response = render(
               ^^^^^^^
  File "/Users/michaelkatschko/Projects/rettungswache-wachbuch/.venv/lib/python3.12/site-packages/django/shortcuts.py", line 27, in render
    content = loader.render_to_string(template_name, context, request, using=using)
              ^^^^^^^^^^^^^^^^^^^^^^^^^^^^^^^^^^^^^^^^^^^^^^^^^^^^^^^^^^^^^^^^^^^^^
  File "/Users/michaelkatschko/Projects/rettungswache-wachbuch/.venv/lib/python3.12/site-packages/django/template/loader.py", line 62, in render_to_string
    return template.render(context, request)
           ^^^^^^^^^^^^^^^^^^^^^^^^^^^^^^^^^
  File "/Users/michaelkatschko/Projects/rettungswache-wachbuch/.venv/lib/python3.12/site-packages/django/template/backends/django.py", line 107, in render
    return self.template.render(context)
           ^^^^^^^^^^^^^^^^^^^^^^^^^^^^^
  File "/Users/michaelkatschko/Projects/rettungswache-wachbuch/.venv/lib/python3.12/site-packages/django/template/base.py", line 174, in render
    return self._render(context)
           ^^^^^^^^^^^^^^^^^^^^^
  File "/Users/michaelkatschko/Projects/rettungswache-wachbuch/.venv/lib/python3.12/site-packages/django/template/base.py", line 166, in _render
    return self.nodelist.render(context)
           ^^^^^^^^^^^^^^^^^^^^^^^^^^^^^
  File "/Users/michaelkatschko/Projects/rettungswache-wachbuch/.venv/lib/python3.12/site-packages/django/template/base.py", line 1107, in render
    return SafeString("".join([node.render_annotated(context) for node in self]))
                               ^^^^^^^^^^^^^^^^^^^^^^^^^^^^^^
  File "/Users/michaelkatschko/Projects/rettungswache-wachbuch/.venv/lib/python3.12/site-packages/django/template/base.py", line 1068, in render_annotated
    return self.render(context)
           ^^^^^^^^^^^^^^^^^^^^
  File "/Users/michaelkatschko/Projects/rettungswache-wachbuch/.venv/lib/python3.12/site-packages/django/template/loader_tags.py", line 160, in render
    return compiled_parent._render(context)
           ^^^^^^^^^^^^^^^^^^^^^^^^^^^^^^^^
  File "/Users/michaelkatschko/Projects/rettungswache-wachbuch/.venv/lib/python3.12/site-packages/django/template/base.py", line 166, in _render
    return self.nodelist.render(context)
           ^^^^^^^^^^^^^^^^^^^^^^^^^^^^^
  File "/Users/michaelkatschko/Projects/rettungswache-wachbuch/.venv/lib/python3.12/site-packages/django/template/base.py", line 1107, in render
    return SafeString("".join([node.render_annotated(context) for node in self]))
                               ^^^^^^^^^^^^^^^^^^^^^^^^^^^^^^
  File "/Users/michaelkatschko/Projects/rettungswache-wachbuch/.venv/lib/python3.12/site-packages/django/template/base.py", line 1068, in render_annotated
    return self.render(context)
           ^^^^^^^^^^^^^^^^^^^^
  File "/Users/michaelkatschko/Projects/rettungswache-wachbuch/.venv/lib/python3.12/site-packages/django/templatetags/static.py", line 116, in render
    url = self.url(context)
          ^^^^^^^^^^^^^^^^^
  File "/Users/michaelkatschko/Projects/rettungswache-wachbuch/.venv/lib/python3.12/site-packages/django/templatetags/static.py", line 113, in url
    return self.handle_simple(path)
           ^^^^^^^^^^^^^^^^^^^^^^^^
  File "/Users/michaelkatschko/Projects/rettungswache-wachbuch/.venv/lib/python3.12/site-packages/django/templatetags/static.py", line 129, in handle_simple
    return staticfiles_storage.url(path)
           ^^^^^^^^^^^^^^^^^^^^^^^^^^^^^
  File "/Users/michaelkatschko/Projects/rettungswache-wachbuch/.venv/lib/python3.12/site-packages/django/contrib/staticfiles/storage.py", line 235, in url
    return self._url(self.stored_name, name, force)
           ^^^^^^^^^^^^^^^^^^^^^^^^^^^^^^^^^^^^^^^^
  File "/Users/michaelkatschko/Projects/rettungswache-wachbuch/.venv/lib/python3.12/site-packages/django/contrib/staticfiles/storage.py", line 214, in _url
    hashed_name = hashed_name_func(*args)
                  ^^^^^^^^^^^^^^^^^^^^^^^
  File "/Users/michaelkatschko/Projects/rettungswache-wachbuch/.venv/lib/python3.12/site-packages/django/contrib/staticfiles/storage.py", line 601, in stored_name
    raise ValueError(
ValueError: Missing staticfiles manifest entry for 'core/icons/icon-192.png'

During handling of the above exception, another exception occurred:

Traceback (most recent call last):
  File "/Users/michaelkatschko/Projects/rettungswache-wachbuch/.venv/lib/python3.12/site-packages/django/core/handlers/exception.py", line 56, in inner
    response = get_response(request)
               ^^^^^^^^^^^^^^^^^^^^^
  File "/Users/michaelkatschko/Projects/rettungswache-wachbuch/.venv/lib/python3.12/site-packages/whitenoise/middleware.py", line 123, in __call__
    return self.get_response(request)
           ^^^^^^^^^^^^^^^^^^^^^^^^^^
  File "/Users/michaelkatschko/Projects/rettungswache-wachbuch/.venv/lib/python3.12/site-packages/django/core/handlers/exception.py", line 58, in inner
    response = response_for_exception(request, exc)
               ^^^^^^^^^^^^^^^^^^^^^^^^^^^^^^^^^^^^
  File "/Users/michaelkatschko/Projects/rettungswache-wachbuch/.venv/lib/python3.12/site-packages/django/core/handlers/exception.py", line 142, in response_for_exception
    response = handle_uncaught_exception(
               ^^^^^^^^^^^^^^^^^^^^^^^^^^
  File "/Users/michaelkatschko/Projects/rettungswache-wachbuch/.venv/lib/python3.12/site-packages/django/core/handlers/exception.py", line 187, in handle_uncaught_exception
    return callback(request)
           ^^^^^^^^^^^^^^^^^
  File "/Users/michaelkatschko/Projects/rettungswache-wachbuch/core/views.py", line 162, in server_error
    response = render(
               ^^^^^^^
  File "/Users/michaelkatschko/Projects/rettungswache-wachbuch/.venv/lib/python3.12/site-packages/django/shortcuts.py", line 27, in render
    content = loader.render_to_string(template_name, context, request, using=using)
              ^^^^^^^^^^^^^^^^^^^^^^^^^^^^^^^^^^^^^^^^^^^^^^^^^^^^^^^^^^^^^^^^^^^^^
  File "/Users/michaelkatschko/Projects/rettungswache-wachbuch/.venv/lib/python3.12/site-packages/django/template/loader.py", line 62, in render_to_string
    return template.render(context, request)
           ^^^^^^^^^^^^^^^^^^^^^^^^^^^^^^^^^
  File "/Users/michaelkatschko/Projects/rettungswache-wachbuch/.venv/lib/python3.12/site-packages/django/template/backends/django.py", line 107, in render
    return self.template.render(context)
           ^^^^^^^^^^^^^^^^^^^^^^^^^^^^^
  File "/Users/michaelkatschko/Projects/rettungswache-wachbuch/.venv/lib/python3.12/site-packages/django/template/base.py", line 174, in render
    return self._render(context)
           ^^^^^^^^^^^^^^^^^^^^^
  File "/Users/michaelkatschko/Projects/rettungswache-wachbuch/.venv/lib/python3.12/site-packages/django/template/base.py", line 166, in _render
    return self.nodelist.render(context)
           ^^^^^^^^^^^^^^^^^^^^^^^^^^^^^
  File "/Users/michaelkatschko/Projects/rettungswache-wachbuch/.venv/lib/python3.12/site-packages/django/template/base.py", line 1107, in render
    return SafeString("".join([node.render_annotated(context) for node in self]))
                               ^^^^^^^^^^^^^^^^^^^^^^^^^^^^^^
  File "/Users/michaelkatschko/Projects/rettungswache-wachbuch/.venv/lib/python3.12/site-packages/django/template/base.py", line 1068, in render_annotated
    return self.render(context)
           ^^^^^^^^^^^^^^^^^^^^
  File "/Users/michaelkatschko/Projects/rettungswache-wachbuch/.venv/lib/python3.12/site-packages/django/template/loader_tags.py", line 160, in render
    return compiled_parent._render(context)
           ^^^^^^^^^^^^^^^^^^^^^^^^^^^^^^^^
  File "/Users/michaelkatschko/Projects/rettungswache-wachbuch/.venv/lib/python3.12/site-packages/django/template/base.py", line 166, in _render
    return self.nodelist.render(context)
           ^^^^^^^^^^^^^^^^^^^^^^^^^^^^^
  File "/Users/michaelkatschko/Projects/rettungswache-wachbuch/.venv/lib/python3.12/site-packages/django/template/base.py", line 1107, in render
    return SafeString("".join([node.render_annotated(context) for node in self]))
                               ^^^^^^^^^^^^^^^^^^^^^^^^^^^^^^
  File "/Users/michaelkatschko/Projects/rettungswache-wachbuch/.venv/lib/python3.12/site-packages/django/template/base.py", line 1068, in render_annotated
    return self.render(context)
           ^^^^^^^^^^^^^^^^^^^^
  File "/Users/michaelkatschko/Projects/rettungswache-wachbuch/.venv/lib/python3.12/site-packages/django/templatetags/static.py", line 116, in render
    url = self.url(context)
          ^^^^^^^^^^^^^^^^^
  File "/Users/michaelkatschko/Projects/rettungswache-wachbuch/.venv/lib/python3.12/site-packages/django/templatetags/static.py", line 113, in url
    return self.handle_simple(path)
           ^^^^^^^^^^^^^^^^^^^^^^^^
  File "/Users/michaelkatschko/Projects/rettungswache-wachbuch/.venv/lib/python3.12/site-packages/django/templatetags/static.py", line 129, in handle_simple
    return staticfiles_storage.url(path)
           ^^^^^^^^^^^^^^^^^^^^^^^^^^^^^
  File "/Users/michaelkatschko/Projects/rettungswache-wachbuch/.venv/lib/python3.12/site-packages/django/contrib/staticfiles/storage.py", line 235, in url
    return self._url(self.stored_name, name, force)
           ^^^^^^^^^^^^^^^^^^^^^^^^^^^^^^^^^^^^^^^^
  File "/Users/michaelkatschko/Projects/rettungswache-wachbuch/.venv/lib/python3.12/site-packages/django/contrib/staticfiles/storage.py", line 214, in _url
    hashed_name = hashed_name_func(*args)
                  ^^^^^^^^^^^^^^^^^^^^^^^
  File "/Users/michaelkatschko/Projects/rettungswache-wachbuch/.venv/lib/python3.12/site-packages/django/contrib/staticfiles/storage.py", line 601, in stored_name
    raise ValueError(
ValueError: Missing staticfiles manifest entry for 'core/icons/icon-192.png'

During handling of the above exception, another exception occurred:

Traceback (most recent call last):
  File "/Users/michaelkatschko/Projects/rettungswache-wachbuch/.venv/lib/python3.12/site-packages/django/core/handlers/exception.py", line 56, in inner
    response = get_response(request)
               ^^^^^^^^^^^^^^^^^^^^^
  File "/Users/michaelkatschko/Projects/rettungswache-wachbuch/.venv/lib/python3.12/site-packages/django/utils/deprecation.py", line 441, in __call__
    response = response or self.get_response(request)
                           ^^^^^^^^^^^^^^^^^^^^^^^^^^
  File "/Users/michaelkatschko/Projects/rettungswache-wachbuch/.venv/lib/python3.12/site-packages/django/core/handlers/exception.py", line 58, in inner
    response = response_for_exception(request, exc)
               ^^^^^^^^^^^^^^^^^^^^^^^^^^^^^^^^^^^^
  File "/Users/michaelkatschko/Projects/rettungswache-wachbuch/.venv/lib/python3.12/site-packages/django/core/handlers/exception.py", line 142, in response_for_exception
    response = handle_uncaught_exception(
               ^^^^^^^^^^^^^^^^^^^^^^^^^^
  File "/Users/michaelkatschko/Projects/rettungswache-wachbuch/.venv/lib/python3.12/site-packages/django/core/handlers/exception.py", line 187, in handle_uncaught_exception
    return callback(request)
           ^^^^^^^^^^^^^^^^^
  File "/Users/michaelkatschko/Projects/rettungswache-wachbuch/core/views.py", line 162, in server_error
    response = render(
               ^^^^^^^
  File "/Users/michaelkatschko/Projects/rettungswache-wachbuch/.venv/lib/python3.12/site-packages/django/shortcuts.py", line 27, in render
    content = loader.render_to_string(template_name, context, request, using=using)
              ^^^^^^^^^^^^^^^^^^^^^^^^^^^^^^^^^^^^^^^^^^^^^^^^^^^^^^^^^^^^^^^^^^^^^
  File "/Users/michaelkatschko/Projects/rettungswache-wachbuch/.venv/lib/python3.12/site-packages/django/template/loader.py", line 62, in render_to_string
    return template.render(context, request)
           ^^^^^^^^^^^^^^^^^^^^^^^^^^^^^^^^^
  File "/Users/michaelkatschko/Projects/rettungswache-wachbuch/.venv/lib/python3.12/site-packages/django/template/backends/django.py", line 107, in render
    return self.template.render(context)
           ^^^^^^^^^^^^^^^^^^^^^^^^^^^^^
  File "/Users/michaelkatschko/Projects/rettungswache-wachbuch/.venv/lib/python3.12/site-packages/django/template/base.py", line 174, in render
    return self._render(context)
           ^^^^^^^^^^^^^^^^^^^^^
  File "/Users/michaelkatschko/Projects/rettungswache-wachbuch/.venv/lib/python3.12/site-packages/django/template/base.py", line 166, in _render
    return self.nodelist.render(context)
           ^^^^^^^^^^^^^^^^^^^^^^^^^^^^^
  File "/Users/michaelkatschko/Projects/rettungswache-wachbuch/.venv/lib/python3.12/site-packages/django/template/base.py", line 1107, in render
    return SafeString("".join([node.render_annotated(context) for node in self]))
                               ^^^^^^^^^^^^^^^^^^^^^^^^^^^^^^
  File "/Users/michaelkatschko/Projects/rettungswache-wachbuch/.venv/lib/python3.12/site-packages/django/template/base.py", line 1068, in render_annotated
    return self.render(context)
           ^^^^^^^^^^^^^^^^^^^^
  File "/Users/michaelkatschko/Projects/rettungswache-wachbuch/.venv/lib/python3.12/site-packages/django/template/loader_tags.py", line 160, in render
    return compiled_parent._render(context)
           ^^^^^^^^^^^^^^^^^^^^^^^^^^^^^^^^
  File "/Users/michaelkatschko/Projects/rettungswache-wachbuch/.venv/lib/python3.12/site-packages/django/template/base.py", line 166, in _render
    return self.nodelist.render(context)
           ^^^^^^^^^^^^^^^^^^^^^^^^^^^^^
  File "/Users/michaelkatschko/Projects/rettungswache-wachbuch/.venv/lib/python3.12/site-packages/django/template/base.py", line 1107, in render
    return SafeString("".join([node.render_annotated(context) for node in self]))
                               ^^^^^^^^^^^^^^^^^^^^^^^^^^^^^^
  File "/Users/michaelkatschko/Projects/rettungswache-wachbuch/.venv/lib/python3.12/site-packages/django/template/base.py", line 1068, in render_annotated
    return self.render(context)
           ^^^^^^^^^^^^^^^^^^^^
  File "/Users/michaelkatschko/Projects/rettungswache-wachbuch/.venv/lib/python3.12/site-packages/django/templatetags/static.py", line 116, in render
    url = self.url(context)
          ^^^^^^^^^^^^^^^^^
  File "/Users/michaelkatschko/Projects/rettungswache-wachbuch/.venv/lib/python3.12/site-packages/django/templatetags/static.py", line 113, in url
    return self.handle_simple(path)
           ^^^^^^^^^^^^^^^^^^^^^^^^
  File "/Users/michaelkatschko/Projects/rettungswache-wachbuch/.venv/lib/python3.12/site-packages/django/templatetags/static.py", line 129, in handle_simple
    return staticfiles_storage.url(path)
           ^^^^^^^^^^^^^^^^^^^^^^^^^^^^^
  File "/Users/michaelkatschko/Projects/rettungswache-wachbuch/.venv/lib/python3.12/site-packages/django/contrib/staticfiles/storage.py", line 235, in url
    return self._url(self.stored_name, name, force)
           ^^^^^^^^^^^^^^^^^^^^^^^^^^^^^^^^^^^^^^^^
  File "/Users/michaelkatschko/Projects/rettungswache-wachbuch/.venv/lib/python3.12/site-packages/django/contrib/staticfiles/storage.py", line 214, in _url
    hashed_name = hashed_name_func(*args)
                  ^^^^^^^^^^^^^^^^^^^^^^^
  File "/Users/michaelkatschko/Projects/rettungswache-wachbuch/.venv/lib/python3.12/site-packages/django/contrib/staticfiles/storage.py", line 601, in stored_name
    raise ValueError(
ValueError: Missing staticfiles manifest entry for 'core/icons/icon-192.png'

During handling of the above exception, another exception occurred:

Traceback (most recent call last):
  File "/Users/michaelkatschko/Projects/rettungswache-wachbuch/.venv/lib/python3.12/site-packages/gunicorn/workers/sync.py", line 141, in handle
    self.handle_request(listener, req, client, addr)
  File "/Users/michaelkatschko/Projects/rettungswache-wachbuch/.venv/lib/python3.12/site-packages/gunicorn/workers/sync.py", line 184, in handle_request
    respiter = self.wsgi(environ, resp.start_response)
               ^^^^^^^^^^^^^^^^^^^^^^^^^^^^^^^^^^^^^^^
  File "/Users/michaelkatschko/Projects/rettungswache-wachbuch/.venv/lib/python3.12/site-packages/django/core/handlers/wsgi.py", line 124, in __call__
    response = self.get_response(request)
               ^^^^^^^^^^^^^^^^^^^^^^^^^^
  File "/Users/michaelkatschko/Projects/rettungswache-wachbuch/.venv/lib/python3.12/site-packages/django/core/handlers/base.py", line 142, in get_response
    response = self._middleware_chain(request)
               ^^^^^^^^^^^^^^^^^^^^^^^^^^^^^^^
  File "/Users/michaelkatschko/Projects/rettungswache-wachbuch/.venv/lib/python3.12/site-packages/django/core/handlers/exception.py", line 58, in inner
    response = response_for_exception(request, exc)
               ^^^^^^^^^^^^^^^^^^^^^^^^^^^^^^^^^^^^
  File "/Users/michaelkatschko/Projects/rettungswache-wachbuch/.venv/lib/python3.12/site-packages/django/core/handlers/exception.py", line 142, in response_for_exception
    response = handle_uncaught_exception(
               ^^^^^^^^^^^^^^^^^^^^^^^^^^
  File "/Users/michaelkatschko/Projects/rettungswache-wachbuch/.venv/lib/python3.12/site-packages/django/core/handlers/exception.py", line 187, in handle_uncaught_exception
    return callback(request)
           ^^^^^^^^^^^^^^^^^
  File "/Users/michaelkatschko/Projects/rettungswache-wachbuch/core/views.py", line 162, in server_error
    response = render(
               ^^^^^^^
  File "/Users/michaelkatschko/Projects/rettungswache-wachbuch/.venv/lib/python3.12/site-packages/django/shortcuts.py", line 27, in render
    content = loader.render_to_string(template_name, context, request, using=using)
              ^^^^^^^^^^^^^^^^^^^^^^^^^^^^^^^^^^^^^^^^^^^^^^^^^^^^^^^^^^^^^^^^^^^^^
  File "/Users/michaelkatschko/Projects/rettungswache-wachbuch/.venv/lib/python3.12/site-packages/django/template/loader.py", line 62, in render_to_string
    return template.render(context, request)
           ^^^^^^^^^^^^^^^^^^^^^^^^^^^^^^^^^
  File "/Users/michaelkatschko/Projects/rettungswache-wachbuch/.venv/lib/python3.12/site-packages/django/template/backends/django.py", line 107, in render
    return self.template.render(context)
           ^^^^^^^^^^^^^^^^^^^^^^^^^^^^^
  File "/Users/michaelkatschko/Projects/rettungswache-wachbuch/.venv/lib/python3.12/site-packages/django/template/base.py", line 174, in render
    return self._render(context)
           ^^^^^^^^^^^^^^^^^^^^^
  File "/Users/michaelkatschko/Projects/rettungswache-wachbuch/.venv/lib/python3.12/site-packages/django/template/base.py", line 166, in _render
    return self.nodelist.render(context)
           ^^^^^^^^^^^^^^^^^^^^^^^^^^^^^
  File "/Users/michaelkatschko/Projects/rettungswache-wachbuch/.venv/lib/python3.12/site-packages/django/template/base.py", line 1107, in render
    return SafeString("".join([node.render_annotated(context) for node in self]))
                               ^^^^^^^^^^^^^^^^^^^^^^^^^^^^^^
  File "/Users/michaelkatschko/Projects/rettungswache-wachbuch/.venv/lib/python3.12/site-packages/django/template/base.py", line 1068, in render_annotated
    return self.render(context)
           ^^^^^^^^^^^^^^^^^^^^
  File "/Users/michaelkatschko/Projects/rettungswache-wachbuch/.venv/lib/python3.12/site-packages/django/template/loader_tags.py", line 160, in render
    return compiled_parent._render(context)
           ^^^^^^^^^^^^^^^^^^^^^^^^^^^^^^^^
  File "/Users/michaelkatschko/Projects/rettungswache-wachbuch/.venv/lib/python3.12/site-packages/django/template/base.py", line 166, in _render
    return self.nodelist.render(context)
           ^^^^^^^^^^^^^^^^^^^^^^^^^^^^^
  File "/Users/michaelkatschko/Projects/rettungswache-wachbuch/.venv/lib/python3.12/site-packages/django/template/base.py", line 1107, in render
    return SafeString("".join([node.render_annotated(context) for node in self]))
                               ^^^^^^^^^^^^^^^^^^^^^^^^^^^^^^
  File "/Users/michaelkatschko/Projects/rettungswache-wachbuch/.venv/lib/python3.12/site-packages/django/template/base.py", line 1068, in render_annotated
    return self.render(context)
           ^^^^^^^^^^^^^^^^^^^^
  File "/Users/michaelkatschko/Projects/rettungswache-wachbuch/.venv/lib/python3.12/site-packages/django/templatetags/static.py", line 116, in render
    url = self.url(context)
          ^^^^^^^^^^^^^^^^^
  File "/Users/michaelkatschko/Projects/rettungswache-wachbuch/.venv/lib/python3.12/site-packages/django/templatetags/static.py", line 113, in url
    return self.handle_simple(path)
           ^^^^^^^^^^^^^^^^^^^^^^^^
  File "/Users/michaelkatschko/Projects/rettungswache-wachbuch/.venv/lib/python3.12/site-packages/django/templatetags/static.py", line 129, in handle_simple
    return staticfiles_storage.url(path)
           ^^^^^^^^^^^^^^^^^^^^^^^^^^^^^
  File "/Users/michaelkatschko/Projects/rettungswache-wachbuch/.venv/lib/python3.12/site-packages/django/contrib/staticfiles/storage.py", line 235, in url
    return self._url(self.stored_name, name, force)
           ^^^^^^^^^^^^^^^^^^^^^^^^^^^^^^^^^^^^^^^^
  File "/Users/michaelkatschko/Projects/rettungswache-wachbuch/.venv/lib/python3.12/site-packages/django/contrib/staticfiles/storage.py", line 214, in _url
    hashed_name = hashed_name_func(*args)
                  ^^^^^^^^^^^^^^^^^^^^^^^
  File "/Users/michaelkatschko/Projects/rettungswache-wachbuch/.venv/lib/python3.12/site-packages/django/contrib/staticfiles/storage.py", line 601, in stored_name
    raise ValueError(
ValueError: Missing staticfiles manifest entry for 'core/icons/icon-192.png'
127.0.0.1 - - [13/Aug/2026:09:49:05 +0200] "GET /anmeldung/ HTTP/1.1" 500 0 "-" "-"
2026-08-13 09:49:05,867 INFO wachbuch.requests request_started method=POST path=/anmeldung/ correlation_id=c78570988e5f4f32b52266cd16977e9f
2026-08-13 09:49:05,868 ERROR wachbuch.errors unhandled_exception message=handler500 method=POST path=/anmeldung/ correlation_id=c78570988e5f4f32b52266cd16977e9f
2026-08-13 09:49:05,868 ERROR wachbuch.errors unhandled_exception message=handler500 method=POST path=/anmeldung/ correlation_id=c78570988e5f4f32b52266cd16977e9f
2026-08-13 09:49:05,869 ERROR wachbuch.errors unhandled_exception message=handler500 method=POST path=/anmeldung/ correlation_id=c78570988e5f4f32b52266cd16977e9f
2026-08-13 09:49:05,869 ERROR wachbuch.errors unhandled_exception message=handler500 method=POST path=/anmeldung/ correlation_id=c78570988e5f4f32b52266cd16977e9f
2026-08-13 09:49:05,869 ERROR wachbuch.errors unhandled_exception message=request_failed method=POST path=/anmeldung/ correlation_id=c78570988e5f4f32b52266cd16977e9f
2026-08-13 09:49:05,870 ERROR wachbuch.errors unhandled_exception message=handler500 method=POST path=/anmeldung/ correlation_id=c78570988e5f4f32b52266cd16977e9f
2026-08-13 09:49:05,870 ERROR wachbuch.errors unhandled_exception message=handler500 method=POST path=/anmeldung/ correlation_id=c78570988e5f4f32b52266cd16977e9f
2026-08-13 09:49:05,870 ERROR wachbuch.errors unhandled_exception message=handler500 method=POST path=/anmeldung/ correlation_id=c78570988e5f4f32b52266cd16977e9f
2026-08-13 09:49:05,871 ERROR wachbuch.errors unhandled_exception message=handler500 method=POST path=/anmeldung/ correlation_id=c78570988e5f4f32b52266cd16977e9f
2026-08-13 09:49:05,871 ERROR wachbuch.errors unhandled_exception message=handler500 method=POST path=/anmeldung/ correlation_id=c78570988e5f4f32b52266cd16977e9f
2026-08-13 09:49:05,871 ERROR wachbuch.errors unhandled_exception message=handler500 method=POST path=/anmeldung/ correlation_id=c78570988e5f4f32b52266cd16977e9f
2026-08-13 09:49:05,872 ERROR wachbuch.errors unhandled_exception message=handler500 method=POST path=/anmeldung/ correlation_id=c78570988e5f4f32b52266cd16977e9f
2026-08-13 09:49:05,872 ERROR wachbuch.errors unhandled_exception message=handler500 method=POST path=/anmeldung/ correlation_id=c78570988e5f4f32b52266cd16977e9f
2026-08-13 09:49:05,872 ERROR wachbuch.errors unhandled_exception message=handler500 method=POST path=/anmeldung/ correlation_id=c78570988e5f4f32b52266cd16977e9f
[2026-08-13 09:49:05 +0200] [58345] [ERROR] Error handling request POST /anmeldung/
Traceback (most recent call last):
  File "/Users/michaelkatschko/Projects/rettungswache-wachbuch/.venv/lib/python3.12/site-packages/django/core/handlers/exception.py", line 56, in inner
    response = get_response(request)
               ^^^^^^^^^^^^^^^^^^^^^
  File "/Users/michaelkatschko/Projects/rettungswache-wachbuch/.venv/lib/python3.12/site-packages/django/core/handlers/base.py", line 183, in _get_response
    callback, callback_args, callback_kwargs = self.resolve_request(request)
                                               ^^^^^^^^^^^^^^^^^^^^^^^^^^^^^
  File "/Users/michaelkatschko/Projects/rettungswache-wachbuch/.venv/lib/python3.12/site-packages/django/core/handlers/base.py", line 315, in resolve_request
    resolver_match = resolver.resolve(request.path_info)
                     ^^^^^^^^^^^^^^^^^^^^^^^^^^^^^^^^^^^
  File "/Users/michaelkatschko/Projects/rettungswache-wachbuch/.venv/lib/python3.12/site-packages/django/urls/resolvers.py", line 716, in resolve
    raise Resolver404({"tried": tried, "path": new_path})
django.urls.exceptions.Resolver404: {'tried': [[<URLPattern 'healthz/' [name='healthz']>], [<URLPattern 'manifest.webmanifest' [name='web_manifest']>], [<URLPattern 'service-worker.js' [name='service_worker']>], [<URLPattern 'offline/' [name='offline']>], [<URLPattern 'datenschutz/' [name='privacy']>], [<URLPattern 'anmelden/' [name='login']>], [<URLPattern 'registrieren/' [name='register']>], [<URLPattern 'konto/' [name='account_home']>], [<URLPattern 'konto/avatar/<int:user_id>/' [name='avatar_image']>], [<URLPattern 'konto/crypto/' [name='crypto_setup']>], [<URLPattern 'konto/crypto/bundle.json' [name='crypto_bundle']>], [<URLPattern 'anmelden/mfa/' [name='mfa_verify']>], [<URLPattern 'anmelden/passkey/optionen/' [name='passkey_login_options']>], [<URLPattern 'anmelden/passkey/pruefen/' [name='passkey_login_verify']>], [<URLPattern 'anmelden/mfa/passkey/optionen/' [name='passkey_mfa_options']>], [<URLPattern 'anmelden/mfa/passkey/pruefen/' [name='passkey_mfa_verify']>], [<URLPattern 'konto/mfa/' [name='mfa_setup']>], [<URLPattern 'konto/mfa/deaktivieren/' [name='mfa_disable']>], [<URLPattern 'konto/mfa/passkey/optionen/' [name='passkey_register_options']>], [<URLPattern 'konto/mfa/passkey/pruefen/' [name='passkey_register_verify']>], [<URLPattern 'konto/mfa/passkey/<int:pk>/entfernen/' [name='passkey_delete']>], [<URLPattern 'konto/api/' [name='api_tokens_manage']>], [<URLPattern 'konto/api/mobile-qr.png' [name='mobile_setup_qr']>], [<URLPattern 'abmelden/' [name='logout']>], [<URLResolver <URLPattern list> (admin:admin) 'django-admin/'>], [<URLResolver <module 'core.api.urls' from '/Users/michaelkatschko/Projects/rettungswache-wachbuch/core/api/urls.py'> (None:None) 'api/v1/'>], [<URLResolver <module 'core.urls' from '/Users/michaelkatschko/Projects/rettungswache-wachbuch/core/urls.py'> (None:None) ''>, <URLPattern '' [name='landing']>], [<URLResolver <module 'core.urls' from '/Users/michaelkatschko/Projects/rettungswache-wachbuch/core/urls.py'> (None:None) ''>, <URLPattern 'zugang/' [name='access']>], [<URLResolver <module 'core.urls' from '/Users/michaelkatschko/Projects/rettungswache-wachbuch/core/urls.py'> (None:None) ''>, <URLPattern 'uebersicht/' [name='dashboard']>], [<URLResolver <module 'core.urls' from '/Users/michaelkatschko/Projects/rettungswache-wachbuch/core/urls.py'> (None:None) ''>, <URLPattern 'uebergaben/' [name='handover_list']>], [<URLResolver <module 'core.urls' from '/Users/michaelkatschko/Projects/rettungswache-wachbuch/core/urls.py'> (None:None) ''>, <URLPattern 'uebergaben/neu/' [name='handover_create']>], [<URLResolver <module 'core.urls' from '/Users/michaelkatschko/Projects/rettungswache-wachbuch/core/urls.py'> (None:None) ''>, <URLPattern 'uebergaben/<int:pk>/' [name='handover_detail']>], [<URLResolver <module 'core.urls' from '/Users/michaelkatschko/Projects/rettungswache-wachbuch/core/urls.py'> (None:None) ''>, <URLPattern 'uebergaben/<int:pk>/bearbeiten/' [name='handover_edit']>], [<URLResolver <module 'core.urls' from '/Users/michaelkatschko/Projects/rettungswache-wachbuch/core/urls.py'> (None:None) ''>, <URLPattern 'uebergaben/<int:pk>/status/' [name='handover_status']>], [<URLResolver <module 'core.urls' from '/Users/michaelkatschko/Projects/rettungswache-wachbuch/core/urls.py'> (None:None) ''>, <URLPattern 'maengel/' [name='defects_web']>], [<URLResolver <module 'core.urls' from '/Users/michaelkatschko/Projects/rettungswache-wachbuch/core/urls.py'> (None:None) ''>, <URLPattern 'maengel/neu/' [name='defect_create_web']>], [<URLResolver <module 'core.urls' from '/Users/michaelkatschko/Projects/rettungswache-wachbuch/core/urls.py'> (None:None) ''>, <URLPattern 'maengel/<int:pk>/' [name='defect_detail_web']>], [<URLResolver <module 'core.urls' from '/Users/michaelkatschko/Projects/rettungswache-wachbuch/core/urls.py'> (None:None) ''>, <URLPattern 'maengel/anhaenge/<int:pk>/' [name='defect_attachment_web']>], [<URLResolver <module 'core.urls' from '/Users/michaelkatschko/Projects/rettungswache-wachbuch/core/urls.py'> (None:None) ''>, <URLPattern 'geraete/' [name='assets_inventory_web']>], [<URLResolver <module 'core.urls' from '/Users/michaelkatschko/Projects/rettungswache-wachbuch/core/urls.py'> (None:None) ''>, <URLPattern 'checklisten/intervalle/' [name='checklist_schedules_web']>], [<URLResolver <module 'core.urls' from '/Users/michaelkatschko/Projects/rettungswache-wachbuch/core/urls.py'> (None:None) ''>, <URLPattern 'auswertung/' [name='wachalltag_reports_web']>], [<URLResolver <module 'core.urls' from '/Users/michaelkatschko/Projects/rettungswache-wachbuch/core/urls.py'> (None:None) ''>, <URLPattern 'kalender/' [name='calendar']>], [<URLResolver <module 'core.urls' from '/Users/michaelkatschko/Projects/rettungswache-wachbuch/core/urls.py'> (None:None) ''>, <URLPattern 'kalender/neu/' [name='calendar_create']>], [<URLResolver <module 'core.urls' from '/Users/michaelkatschko/Projects/rettungswache-wachbuch/core/urls.py'> (None:None) ''>, <URLPattern 'kalender/feed.ics' [name='calendar_feed_ics']>], [<URLResolver <module 'core.urls' from '/Users/michaelkatschko/Projects/rettungswache-wachbuch/core/urls.py'> (None:None) ''>, <URLPattern 'kalender/abo/' [name='calendar_feed_manage']>], [<URLResolver <module 'core.urls' from '/Users/michaelkatschko/Projects/rettungswache-wachbuch/core/urls.py'> (None:None) ''>, <URLPattern 'kalender/abo/<str:token>.ics' [name='calendar_feed_token_ics']>], [<URLResolver <module 'core.urls' from '/Users/michaelkatschko/Projects/rettungswache-wachbuch/core/urls.py'> (None:None) ''>, <URLPattern 'kalender/<int:pk>/termin.ics' [name='calendar_event_ics']>], [<URLResolver <module 'core.urls' from '/Users/michaelkatschko/Projects/rettungswache-wachbuch/core/urls.py'> (None:None) ''>, <URLPattern 'benachrichtigungen/' [name='push_settings']>], [<URLResolver <module 'core.urls' from '/Users/michaelkatschko/Projects/rettungswache-wachbuch/core/urls.py'> (None:None) ''>, <URLPattern 'geburtstage/' [name='birthdays']>], [<URLResolver <module 'core.urls' from '/Users/michaelkatschko/Projects/rettungswache-wachbuch/core/urls.py'> (None:None) ''>, <URLPattern 'geburtstage/einstellung/' [name='birthday_settings']>], [<URLResolver <module 'core.urls' from '/Users/michaelkatschko/Projects/rettungswache-wachbuch/core/urls.py'> (None:None) ''>, <URLPattern 'kaffeekasse/' [name='coffee']>], [<URLResolver <module 'core.urls' from '/Users/michaelkatschko/Projects/rettungswache-wachbuch/core/urls.py'> (None:None) ''>, <URLPattern 'kaffeekasse/neu/' [name='coffee_create']>], [<URLResolver <module 'core.urls' from '/Users/michaelkatschko/Projects/rettungswache-wachbuch/core/urls.py'> (None:None) ''>, <URLPattern 'kaffeekasse/<int:pk>/korrigieren/' [name='coffee_correct']>], [<URLResolver <module 'core.urls' from '/Users/michaelkatschko/Projects/rettungswache-wachbuch/core/urls.py'> (None:None) ''>, <URLPattern 'lage/' [name='feeds']>], [<URLResolver <module 'core.urls' from '/Users/michaelkatschko/Projects/rettungswache-wachbuch/core/urls.py'> (None:None) ''>, <URLPattern 'aufgaben/' [name='tasks_today']>], [<URLResolver <module 'core.urls' from '/Users/michaelkatschko/Projects/rettungswache-wachbuch/core/urls.py'> (None:None) ''>, <URLPattern 'aufgaben/woche/' [name='tasks_week']>], [<URLResolver <module 'core.urls' from '/Users/michaelkatschko/Projects/rettungswache-wachbuch/core/urls.py'> (None:None) ''>, <URLPattern 'aufgaben/verwaltung/' [name='tasks_manage']>], [<URLResolver <module 'core.urls' from '/Users/michaelkatschko/Projects/rettungswache-wachbuch/core/urls.py'> (None:None) ''>, <URLPattern 'aufgaben/neu/' [name='task_create']>], [<URLResolver <module 'core.urls' from '/Users/michaelkatschko/Projects/rettungswache-wachbuch/core/urls.py'> (None:None) ''>, <URLPattern 'aufgaben/<int:pk>/bearbeiten/' [name='task_edit']>], [<URLResolver <module 'core.urls' from '/Users/michaelkatschko/Projects/rettungswache-wachbuch/core/urls.py'> (None:None) ''>, <URLPattern 'aufgaben/<int:pk>/status/' [name='task_toggle']>], [<URLResolver <module 'core.urls' from '/Users/michaelkatschko/Projects/rettungswache-wachbuch/core/urls.py'> (None:None) ''>, <URLPattern 'checklisten/' [name='checklists']>], [<URLResolver <module 'core.urls' from '/Users/michaelkatschko/Projects/rettungswache-wachbuch/core/urls.py'> (None:None) ''>, <URLPattern 'checklisten/<int:pk>/erledigt/' [name='checklist_complete']>], [<URLResolver <module 'core.urls' from '/Users/michaelkatschko/Projects/rettungswache-wachbuch/core/urls.py'> (None:None) ''>, <URLPattern 'pinnwand/' [name='pinboard']>], [<URLResolver <module 'core.urls' from '/Users/michaelkatschko/Projects/rettungswache-wachbuch/core/urls.py'> (None:None) ''>, <URLPattern 'pinnwand/neu/' [name='pinboard_create']>], [<URLResolver <module 'core.urls' from '/Users/michaelkatschko/Projects/rettungswache-wachbuch/core/urls.py'> (None:None) ''>, <URLPattern 'pinnwand/<int:pk>/bearbeiten/' [name='pinboard_edit']>], [<URLResolver <module 'core.urls' from '/Users/michaelkatschko/Projects/rettungswache-wachbuch/core/urls.py'> (None:None) ''>, <URLPattern 'pinnwand/<int:pk>/anpinnen/' [name='pinboard_pin']>], [<URLResolver <module 'core.urls' from '/Users/michaelkatschko/Projects/rettungswache-wachbuch/core/urls.py'> (None:None) ''>, <URLPattern 'pinnwand/<int:pk>/archivieren/' [name='pinboard_archive']>], [<URLResolver <module 'core.urls' from '/Users/michaelkatschko/Projects/rettungswache-wachbuch/core/urls.py'> (None:None) ''>, <URLPattern 'chat/' [name='chat']>], [<URLResolver <module 'core.urls' from '/Users/michaelkatschko/Projects/rettungswache-wachbuch/core/urls.py'> (None:None) ''>, <URLPattern 'chat/<int:pk>/ausblenden/' [name='chat_hide']>], [<URLResolver <module 'core.urls' from '/Users/michaelkatschko/Projects/rettungswache-wachbuch/core/urls.py'> (None:None) ''>, <URLPattern 'chat/privat/' [name='private_chat_home']>], [<URLResolver <module 'core.urls' from '/Users/michaelkatschko/Projects/rettungswache-wachbuch/core/urls.py'> (None:None) ''>, <URLPattern 'chat/privat/<int:pk>/' [name='private_chat_thread']>], [<URLResolver <module 'core.urls' from '/Users/michaelkatschko/Projects/rettungswache-wachbuch/core/urls.py'> (None:None) ''>, <URLPattern 'post/' [name='secure_mail_inbox']>], [<URLResolver <module 'core.urls' from '/Users/michaelkatschko/Projects/rettungswache-wachbuch/core/urls.py'> (None:None) ''>, <URLPattern 'post/<int:pk>/' [name='secure_mail_detail']>], [<URLResolver <module 'core.urls' from '/Users/michaelkatschko/Projects/rettungswache-wachbuch/core/urls.py'> (None:None) ''>, <URLPattern 'chat/schluessel.json' [name='station_member_keys']>], [<URLResolver <module 'core.urls' from '/Users/michaelkatschko/Projects/rettungswache-wachbuch/core/urls.py'> (None:None) ''>, <URLPattern 'mehr/' [name='more']>], [<URLResolver <module 'core.urls' from '/Users/michaelkatschko/Projects/rettungswache-wachbuch/core/urls.py'> (None:None) ''>, <URLPattern 'team/' [name='team']>], [<URLResolver <module 'core.urls' from '/Users/michaelkatschko/Projects/rettungswache-wachbuch/core/urls.py'> (None:None) ''>, <URLPattern 'team/anlegen/' [name='team_user_create']>], [<URLResolver <module 'core.urls' from '/Users/michaelkatschko/Projects/rettungswache-wachbuch/core/urls.py'> (None:None) ''>, <URLPattern 'team/freigeben/' [name='team_create']>], [<URLResolver <module 'core.urls' from '/Users/michaelkatschko/Projects/rettungswache-wachbuch/core/urls.py'> (None:None) ''>, <URLPattern 'team/registrierung/<int:pk>/ablehnen/' [name='registration_reject']>], [<URLResolver <module 'core.urls' from '/Users/michaelkatschko/Projects/rettungswache-wachbuch/core/urls.py'> (None:None) ''>, <URLPattern 'team/<int:pk>/' [name='membership_update']>], [<URLResolver <module 'core.urls' from '/Users/michaelkatschko/Projects/rettungswache-wachbuch/core/urls.py'> (None:None) ''>, <URLPattern 'einstellungen/' [name='station_settings']>], [<URLResolver <module 'core.urls' from '/Users/michaelkatschko/Projects/rettungswache-wachbuch/core/urls.py'> (None:None) ''>, <URLPattern 'audit/' [name='audit_log']>]], 'path': 'anmeldung/'}

During handling of the above exception, another exception occurred:

Traceback (most recent call last):
  File "/Users/michaelkatschko/Projects/rettungswache-wachbuch/.venv/lib/python3.12/site-packages/django/core/handlers/exception.py", line 166, in get_exception_response
    response = callback(request, exception=exception)
               ^^^^^^^^^^^^^^^^^^^^^^^^^^^^^^^^^^^^^^
  File "/Users/michaelkatschko/Projects/rettungswache-wachbuch/core/views.py", line 141, in page_not_found
    return _render_error(
           ^^^^^^^^^^^^^^
  File "/Users/michaelkatschko/Projects/rettungswache-wachbuch/core/views.py", line 117, in _render_error
    response = render(request, template_name, context, status=status)
               ^^^^^^^^^^^^^^^^^^^^^^^^^^^^^^^^^^^^^^^^^^^^^^^^^^^^^^
  File "/Users/michaelkatschko/Projects/rettungswache-wachbuch/.venv/lib/python3.12/site-packages/django/shortcuts.py", line 27, in render
    content = loader.render_to_string(template_name, context, request, using=using)
              ^^^^^^^^^^^^^^^^^^^^^^^^^^^^^^^^^^^^^^^^^^^^^^^^^^^^^^^^^^^^^^^^^^^^^
  File "/Users/michaelkatschko/Projects/rettungswache-wachbuch/.venv/lib/python3.12/site-packages/django/template/loader.py", line 62, in render_to_string
    return template.render(context, request)
           ^^^^^^^^^^^^^^^^^^^^^^^^^^^^^^^^^
  File "/Users/michaelkatschko/Projects/rettungswache-wachbuch/.venv/lib/python3.12/site-packages/django/template/backends/django.py", line 107, in render
    return self.template.render(context)
           ^^^^^^^^^^^^^^^^^^^^^^^^^^^^^
  File "/Users/michaelkatschko/Projects/rettungswache-wachbuch/.venv/lib/python3.12/site-packages/django/template/base.py", line 174, in render
    return self._render(context)
           ^^^^^^^^^^^^^^^^^^^^^
  File "/Users/michaelkatschko/Projects/rettungswache-wachbuch/.venv/lib/python3.12/site-packages/django/template/base.py", line 166, in _render
    return self.nodelist.render(context)
           ^^^^^^^^^^^^^^^^^^^^^^^^^^^^^
  File "/Users/michaelkatschko/Projects/rettungswache-wachbuch/.venv/lib/python3.12/site-packages/django/template/base.py", line 1107, in render
    return SafeString("".join([node.render_annotated(context) for node in self]))
                               ^^^^^^^^^^^^^^^^^^^^^^^^^^^^^^
  File "/Users/michaelkatschko/Projects/rettungswache-wachbuch/.venv/lib/python3.12/site-packages/django/template/base.py", line 1068, in render_annotated
    return self.render(context)
           ^^^^^^^^^^^^^^^^^^^^
  File "/Users/michaelkatschko/Projects/rettungswache-wachbuch/.venv/lib/python3.12/site-packages/django/template/loader_tags.py", line 160, in render
    return compiled_parent._render(context)
           ^^^^^^^^^^^^^^^^^^^^^^^^^^^^^^^^
  File "/Users/michaelkatschko/Projects/rettungswache-wachbuch/.venv/lib/python3.12/site-packages/django/template/base.py", line 166, in _render
    return self.nodelist.render(context)
           ^^^^^^^^^^^^^^^^^^^^^^^^^^^^^
  File "/Users/michaelkatschko/Projects/rettungswache-wachbuch/.venv/lib/python3.12/site-packages/django/template/base.py", line 1107, in render
    return SafeString("".join([node.render_annotated(context) for node in self]))
                               ^^^^^^^^^^^^^^^^^^^^^^^^^^^^^^
  File "/Users/michaelkatschko/Projects/rettungswache-wachbuch/.venv/lib/python3.12/site-packages/django/template/base.py", line 1068, in render_annotated
    return self.render(context)
           ^^^^^^^^^^^^^^^^^^^^
  File "/Users/michaelkatschko/Projects/rettungswache-wachbuch/.venv/lib/python3.12/site-packages/django/templatetags/static.py", line 116, in render
    url = self.url(context)
          ^^^^^^^^^^^^^^^^^
  File "/Users/michaelkatschko/Projects/rettungswache-wachbuch/.venv/lib/python3.12/site-packages/django/templatetags/static.py", line 113, in url
    return self.handle_simple(path)
           ^^^^^^^^^^^^^^^^^^^^^^^^
  File "/Users/michaelkatschko/Projects/rettungswache-wachbuch/.venv/lib/python3.12/site-packages/django/templatetags/static.py", line 129, in handle_simple
    return staticfiles_storage.url(path)
           ^^^^^^^^^^^^^^^^^^^^^^^^^^^^^
  File "/Users/michaelkatschko/Projects/rettungswache-wachbuch/.venv/lib/python3.12/site-packages/django/contrib/staticfiles/storage.py", line 235, in url
    return self._url(self.stored_name, name, force)
           ^^^^^^^^^^^^^^^^^^^^^^^^^^^^^^^^^^^^^^^^
  File "/Users/michaelkatschko/Projects/rettungswache-wachbuch/.venv/lib/python3.12/site-packages/django/contrib/staticfiles/storage.py", line 214, in _url
    hashed_name = hashed_name_func(*args)
                  ^^^^^^^^^^^^^^^^^^^^^^^
  File "/Users/michaelkatschko/Projects/rettungswache-wachbuch/.venv/lib/python3.12/site-packages/django/contrib/staticfiles/storage.py", line 601, in stored_name
    raise ValueError(
ValueError: Missing staticfiles manifest entry for 'core/icons/icon-192.png'

During handling of the above exception, another exception occurred:

Traceback (most recent call last):
  File "/Users/michaelkatschko/Projects/rettungswache-wachbuch/.venv/lib/python3.12/site-packages/django/core/handlers/exception.py", line 56, in inner
    response = get_response(request)
               ^^^^^^^^^^^^^^^^^^^^^
  File "/Users/michaelkatschko/Projects/rettungswache-wachbuch/.venv/lib/python3.12/site-packages/axes/middleware.py", line 47, in __call__
    response = self.get_response(request)
               ^^^^^^^^^^^^^^^^^^^^^^^^^^
  File "/Users/michaelkatschko/Projects/rettungswache-wachbuch/.venv/lib/python3.12/site-packages/django/core/handlers/exception.py", line 58, in inner
    response = response_for_exception(request, exc)
               ^^^^^^^^^^^^^^^^^^^^^^^^^^^^^^^^^^^^
  File "/Users/michaelkatschko/Projects/rettungswache-wachbuch/.venv/lib/python3.12/site-packages/django/core/handlers/exception.py", line 69, in response_for_exception
    response = get_exception_response(
               ^^^^^^^^^^^^^^^^^^^^^^^
  File "/Users/michaelkatschko/Projects/rettungswache-wachbuch/.venv/lib/python3.12/site-packages/django/core/handlers/exception.py", line 169, in get_exception_response
    response = handle_uncaught_exception(request, resolver, sys.exc_info())
               ^^^^^^^^^^^^^^^^^^^^^^^^^^^^^^^^^^^^^^^^^^^^^^^^^^^^^^^^^^^^
  File "/Users/michaelkatschko/Projects/rettungswache-wachbuch/.venv/lib/python3.12/site-packages/django/core/handlers/exception.py", line 187, in handle_uncaught_exception
    return callback(request)
           ^^^^^^^^^^^^^^^^^
  File "/Users/michaelkatschko/Projects/rettungswache-wachbuch/core/views.py", line 162, in server_error
    response = render(
               ^^^^^^^
  File "/Users/michaelkatschko/Projects/rettungswache-wachbuch/.venv/lib/python3.12/site-packages/django/shortcuts.py", line 27, in render
    content = loader.render_to_string(template_name, context, request, using=using)
              ^^^^^^^^^^^^^^^^^^^^^^^^^^^^^^^^^^^^^^^^^^^^^^^^^^^^^^^^^^^^^^^^^^^^^
  File "/Users/michaelkatschko/Projects/rettungswache-wachbuch/.venv/lib/python3.12/site-packages/django/template/loader.py", line 62, in render_to_string
    return template.render(context, request)
           ^^^^^^^^^^^^^^^^^^^^^^^^^^^^^^^^^
  File "/Users/michaelkatschko/Projects/rettungswache-wachbuch/.venv/lib/python3.12/site-packages/django/template/backends/django.py", line 107, in render
    return self.template.render(context)
           ^^^^^^^^^^^^^^^^^^^^^^^^^^^^^
  File "/Users/michaelkatschko/Projects/rettungswache-wachbuch/.venv/lib/python3.12/site-packages/django/template/base.py", line 174, in render
    return self._render(context)
           ^^^^^^^^^^^^^^^^^^^^^
  File "/Users/michaelkatschko/Projects/rettungswache-wachbuch/.venv/lib/python3.12/site-packages/django/template/base.py", line 166, in _render
    return self.nodelist.render(context)
           ^^^^^^^^^^^^^^^^^^^^^^^^^^^^^
  File "/Users/michaelkatschko/Projects/rettungswache-wachbuch/.venv/lib/python3.12/site-packages/django/template/base.py", line 1107, in render
    return SafeString("".join([node.render_annotated(context) for node in self]))
                               ^^^^^^^^^^^^^^^^^^^^^^^^^^^^^^
  File "/Users/michaelkatschko/Projects/rettungswache-wachbuch/.venv/lib/python3.12/site-packages/django/template/base.py", line 1068, in render_annotated
    return self.render(context)
           ^^^^^^^^^^^^^^^^^^^^
  File "/Users/michaelkatschko/Projects/rettungswache-wachbuch/.venv/lib/python3.12/site-packages/django/template/loader_tags.py", line 160, in render
    return compiled_parent._render(context)
           ^^^^^^^^^^^^^^^^^^^^^^^^^^^^^^^^
  File "/Users/michaelkatschko/Projects/rettungswache-wachbuch/.venv/lib/python3.12/site-packages/django/template/base.py", line 166, in _render
    return self.nodelist.render(context)
           ^^^^^^^^^^^^^^^^^^^^^^^^^^^^^
  File "/Users/michaelkatschko/Projects/rettungswache-wachbuch/.venv/lib/python3.12/site-packages/django/template/base.py", line 1107, in render
    return SafeString("".join([node.render_annotated(context) for node in self]))
                               ^^^^^^^^^^^^^^^^^^^^^^^^^^^^^^
  File "/Users/michaelkatschko/Projects/rettungswache-wachbuch/.venv/lib/python3.12/site-packages/django/template/base.py", line 1068, in render_annotated
    return self.render(context)
           ^^^^^^^^^^^^^^^^^^^^
  File "/Users/michaelkatschko/Projects/rettungswache-wachbuch/.venv/lib/python3.12/site-packages/django/templatetags/static.py", line 116, in render
    url = self.url(context)
          ^^^^^^^^^^^^^^^^^
  File "/Users/michaelkatschko/Projects/rettungswache-wachbuch/.venv/lib/python3.12/site-packages/django/templatetags/static.py", line 113, in url
    return self.handle_simple(path)
           ^^^^^^^^^^^^^^^^^^^^^^^^
  File "/Users/michaelkatschko/Projects/rettungswache-wachbuch/.venv/lib/python3.12/site-packages/django/templatetags/static.py", line 129, in handle_simple
    return staticfiles_storage.url(path)
           ^^^^^^^^^^^^^^^^^^^^^^^^^^^^^
  File "/Users/michaelkatschko/Projects/rettungswache-wachbuch/.venv/lib/python3.12/site-packages/django/contrib/staticfiles/storage.py", line 235, in url
    return self._url(self.stored_name, name, force)
           ^^^^^^^^^^^^^^^^^^^^^^^^^^^^^^^^^^^^^^^^
  File "/Users/michaelkatschko/Projects/rettungswache-wachbuch/.venv/lib/python3.12/site-packages/django/contrib/staticfiles/storage.py", line 214, in _url
    hashed_name = hashed_name_func(*args)
                  ^^^^^^^^^^^^^^^^^^^^^^^
  File "/Users/michaelkatschko/Projects/rettungswache-wachbuch/.venv/lib/python3.12/site-packages/django/contrib/staticfiles/storage.py", line 601, in stored_name
    raise ValueError(
ValueError: Missing staticfiles manifest entry for 'core/icons/icon-192.png'

During handling of the above exception, another exception occurred:

Traceback (most recent call last):
  File "/Users/michaelkatschko/Projects/rettungswache-wachbuch/.venv/lib/python3.12/site-packages/django/core/handlers/exception.py", line 56, in inner
    response = get_response(request)
               ^^^^^^^^^^^^^^^^^^^^^
  File "/Users/michaelkatschko/Projects/rettungswache-wachbuch/core/middleware.py", line 90, in __call__
    return self.get_response(request)
           ^^^^^^^^^^^^^^^^^^^^^^^^^^
  File "/Users/michaelkatschko/Projects/rettungswache-wachbuch/.venv/lib/python3.12/site-packages/django/core/handlers/exception.py", line 58, in inner
    response = response_for_exception(request, exc)
               ^^^^^^^^^^^^^^^^^^^^^^^^^^^^^^^^^^^^
  File "/Users/michaelkatschko/Projects/rettungswache-wachbuch/.venv/lib/python3.12/site-packages/django/core/handlers/exception.py", line 142, in response_for_exception
    response = handle_uncaught_exception(
               ^^^^^^^^^^^^^^^^^^^^^^^^^^
  File "/Users/michaelkatschko/Projects/rettungswache-wachbuch/.venv/lib/python3.12/site-packages/django/core/handlers/exception.py", line 187, in handle_uncaught_exception
    return callback(request)
           ^^^^^^^^^^^^^^^^^
  File "/Users/michaelkatschko/Projects/rettungswache-wachbuch/core/views.py", line 162, in server_error
    response = render(
               ^^^^^^^
  File "/Users/michaelkatschko/Projects/rettungswache-wachbuch/.venv/lib/python3.12/site-packages/django/shortcuts.py", line 27, in render
    content = loader.render_to_string(template_name, context, request, using=using)
              ^^^^^^^^^^^^^^^^^^^^^^^^^^^^^^^^^^^^^^^^^^^^^^^^^^^^^^^^^^^^^^^^^^^^^
  File "/Users/michaelkatschko/Projects/rettungswache-wachbuch/.venv/lib/python3.12/site-packages/django/template/loader.py", line 62, in render_to_string
    return template.render(context, request)
           ^^^^^^^^^^^^^^^^^^^^^^^^^^^^^^^^^
  File "/Users/michaelkatschko/Projects/rettungswache-wachbuch/.venv/lib/python3.12/site-packages/django/template/backends/django.py", line 107, in render
    return self.template.render(context)
           ^^^^^^^^^^^^^^^^^^^^^^^^^^^^^
  File "/Users/michaelkatschko/Projects/rettungswache-wachbuch/.venv/lib/python3.12/site-packages/django/template/base.py", line 174, in render
    return self._render(context)
           ^^^^^^^^^^^^^^^^^^^^^
  File "/Users/michaelkatschko/Projects/rettungswache-wachbuch/.venv/lib/python3.12/site-packages/django/template/base.py", line 166, in _render
    return self.nodelist.render(context)
           ^^^^^^^^^^^^^^^^^^^^^^^^^^^^^
  File "/Users/michaelkatschko/Projects/rettungswache-wachbuch/.venv/lib/python3.12/site-packages/django/template/base.py", line 1107, in render
    return SafeString("".join([node.render_annotated(context) for node in self]))
                               ^^^^^^^^^^^^^^^^^^^^^^^^^^^^^^
  File "/Users/michaelkatschko/Projects/rettungswache-wachbuch/.venv/lib/python3.12/site-packages/django/template/base.py", line 1068, in render_annotated
    return self.render(context)
           ^^^^^^^^^^^^^^^^^^^^
  File "/Users/michaelkatschko/Projects/rettungswache-wachbuch/.venv/lib/python3.12/site-packages/django/template/loader_tags.py", line 160, in render
    return compiled_parent._render(context)
           ^^^^^^^^^^^^^^^^^^^^^^^^^^^^^^^^
  File "/Users/michaelkatschko/Projects/rettungswache-wachbuch/.venv/lib/python3.12/site-packages/django/template/base.py", line 166, in _render
    return self.nodelist.render(context)
           ^^^^^^^^^^^^^^^^^^^^^^^^^^^^^
  File "/Users/michaelkatschko/Projects/rettungswache-wachbuch/.venv/lib/python3.12/site-packages/django/template/base.py", line 1107, in render
    return SafeString("".join([node.render_annotated(context) for node in self]))
                               ^^^^^^^^^^^^^^^^^^^^^^^^^^^^^^
  File "/Users/michaelkatschko/Projects/rettungswache-wachbuch/.venv/lib/python3.12/site-packages/django/template/base.py", line 1068, in render_annotated
    return self.render(context)
           ^^^^^^^^^^^^^^^^^^^^
  File "/Users/michaelkatschko/Projects/rettungswache-wachbuch/.venv/lib/python3.12/site-packages/django/templatetags/static.py", line 116, in render
    url = self.url(context)
          ^^^^^^^^^^^^^^^^^
  File "/Users/michaelkatschko/Projects/rettungswache-wachbuch/.venv/lib/python3.12/site-packages/django/templatetags/static.py", line 113, in url
    return self.handle_simple(path)
           ^^^^^^^^^^^^^^^^^^^^^^^^
  File "/Users/michaelkatschko/Projects/rettungswache-wachbuch/.venv/lib/python3.12/site-packages/django/templatetags/static.py", line 129, in handle_simple
    return staticfiles_storage.url(path)
           ^^^^^^^^^^^^^^^^^^^^^^^^^^^^^
  File "/Users/michaelkatschko/Projects/rettungswache-wachbuch/.venv/lib/python3.12/site-packages/django/contrib/staticfiles/storage.py", line 235, in url
    return self._url(self.stored_name, name, force)
           ^^^^^^^^^^^^^^^^^^^^^^^^^^^^^^^^^^^^^^^^
  File "/Users/michaelkatschko/Projects/rettungswache-wachbuch/.venv/lib/python3.12/site-packages/django/contrib/staticfiles/storage.py", line 214, in _url
    hashed_name = hashed_name_func(*args)
                  ^^^^^^^^^^^^^^^^^^^^^^^
  File "/Users/michaelkatschko/Projects/rettungswache-wachbuch/.venv/lib/python3.12/site-packages/django/contrib/staticfiles/storage.py", line 601, in stored_name
    raise ValueError(
ValueError: Missing staticfiles manifest entry for 'core/icons/icon-192.png'

During handling of the above exception, another exception occurred:

Traceback (most recent call last):
  File "/Users/michaelkatschko/Projects/rettungswache-wachbuch/.venv/lib/python3.12/site-packages/django/core/handlers/exception.py", line 56, in inner
    response = get_response(request)
               ^^^^^^^^^^^^^^^^^^^^^
  File "/Users/michaelkatschko/Projects/rettungswache-wachbuch/core/middleware.py", line 28, in __call__
    response = self.get_response(request)
               ^^^^^^^^^^^^^^^^^^^^^^^^^^
  File "/Users/michaelkatschko/Projects/rettungswache-wachbuch/.venv/lib/python3.12/site-packages/django/core/handlers/exception.py", line 58, in inner
    response = response_for_exception(request, exc)
               ^^^^^^^^^^^^^^^^^^^^^^^^^^^^^^^^^^^^
  File "/Users/michaelkatschko/Projects/rettungswache-wachbuch/.venv/lib/python3.12/site-packages/django/core/handlers/exception.py", line 142, in response_for_exception
    response = handle_uncaught_exception(
               ^^^^^^^^^^^^^^^^^^^^^^^^^^
  File "/Users/michaelkatschko/Projects/rettungswache-wachbuch/.venv/lib/python3.12/site-packages/django/core/handlers/exception.py", line 187, in handle_uncaught_exception
    return callback(request)
           ^^^^^^^^^^^^^^^^^
  File "/Users/michaelkatschko/Projects/rettungswache-wachbuch/core/views.py", line 162, in server_error
    response = render(
               ^^^^^^^
  File "/Users/michaelkatschko/Projects/rettungswache-wachbuch/.venv/lib/python3.12/site-packages/django/shortcuts.py", line 27, in render
    content = loader.render_to_string(template_name, context, request, using=using)
              ^^^^^^^^^^^^^^^^^^^^^^^^^^^^^^^^^^^^^^^^^^^^^^^^^^^^^^^^^^^^^^^^^^^^^
  File "/Users/michaelkatschko/Projects/rettungswache-wachbuch/.venv/lib/python3.12/site-packages/django/template/loader.py", line 62, in render_to_string
    return template.render(context, request)
           ^^^^^^^^^^^^^^^^^^^^^^^^^^^^^^^^^
  File "/Users/michaelkatschko/Projects/rettungswache-wachbuch/.venv/lib/python3.12/site-packages/django/template/backends/django.py", line 107, in render
    return self.template.render(context)
           ^^^^^^^^^^^^^^^^^^^^^^^^^^^^^
  File "/Users/michaelkatschko/Projects/rettungswache-wachbuch/.venv/lib/python3.12/site-packages/django/template/base.py", line 174, in render
    return self._render(context)
           ^^^^^^^^^^^^^^^^^^^^^
  File "/Users/michaelkatschko/Projects/rettungswache-wachbuch/.venv/lib/python3.12/site-packages/django/template/base.py", line 166, in _render
    return self.nodelist.render(context)
           ^^^^^^^^^^^^^^^^^^^^^^^^^^^^^
  File "/Users/michaelkatschko/Projects/rettungswache-wachbuch/.venv/lib/python3.12/site-packages/django/template/base.py", line 1107, in render
    return SafeString("".join([node.render_annotated(context) for node in self]))
                               ^^^^^^^^^^^^^^^^^^^^^^^^^^^^^^
  File "/Users/michaelkatschko/Projects/rettungswache-wachbuch/.venv/lib/python3.12/site-packages/django/template/base.py", line 1068, in render_annotated
    return self.render(context)
           ^^^^^^^^^^^^^^^^^^^^
  File "/Users/michaelkatschko/Projects/rettungswache-wachbuch/.venv/lib/python3.12/site-packages/django/template/loader_tags.py", line 160, in render
    return compiled_parent._render(context)
           ^^^^^^^^^^^^^^^^^^^^^^^^^^^^^^^^
  File "/Users/michaelkatschko/Projects/rettungswache-wachbuch/.venv/lib/python3.12/site-packages/django/template/base.py", line 166, in _render
    return self.nodelist.render(context)
           ^^^^^^^^^^^^^^^^^^^^^^^^^^^^^
  File "/Users/michaelkatschko/Projects/rettungswache-wachbuch/.venv/lib/python3.12/site-packages/django/template/base.py", line 1107, in render
    return SafeString("".join([node.render_annotated(context) for node in self]))
                               ^^^^^^^^^^^^^^^^^^^^^^^^^^^^^^
  File "/Users/michaelkatschko/Projects/rettungswache-wachbuch/.venv/lib/python3.12/site-packages/django/template/base.py", line 1068, in render_annotated
    return self.render(context)
           ^^^^^^^^^^^^^^^^^^^^
  File "/Users/michaelkatschko/Projects/rettungswache-wachbuch/.venv/lib/python3.12/site-packages/django/templatetags/static.py", line 116, in render
    url = self.url(context)
          ^^^^^^^^^^^^^^^^^
  File "/Users/michaelkatschko/Projects/rettungswache-wachbuch/.venv/lib/python3.12/site-packages/django/templatetags/static.py", line 113, in url
    return self.handle_simple(path)
           ^^^^^^^^^^^^^^^^^^^^^^^^
  File "/Users/michaelkatschko/Projects/rettungswache-wachbuch/.venv/lib/python3.12/site-packages/django/templatetags/static.py", line 129, in handle_simple
    return staticfiles_storage.url(path)
           ^^^^^^^^^^^^^^^^^^^^^^^^^^^^^
  File "/Users/michaelkatschko/Projects/rettungswache-wachbuch/.venv/lib/python3.12/site-packages/django/contrib/staticfiles/storage.py", line 235, in url
    return self._url(self.stored_name, name, force)
           ^^^^^^^^^^^^^^^^^^^^^^^^^^^^^^^^^^^^^^^^
  File "/Users/michaelkatschko/Projects/rettungswache-wachbuch/.venv/lib/python3.12/site-packages/django/contrib/staticfiles/storage.py", line 214, in _url
    hashed_name = hashed_name_func(*args)
                  ^^^^^^^^^^^^^^^^^^^^^^^
  File "/Users/michaelkatschko/Projects/rettungswache-wachbuch/.venv/lib/python3.12/site-packages/django/contrib/staticfiles/storage.py", line 601, in stored_name
    raise ValueError(
ValueError: Missing staticfiles manifest entry for 'core/icons/icon-192.png'

During handling of the above exception, another exception occurred:

Traceback (most recent call last):
  File "/Users/michaelkatschko/Projects/rettungswache-wachbuch/.venv/lib/python3.12/site-packages/django/core/handlers/exception.py", line 56, in inner
    response = get_response(request)
               ^^^^^^^^^^^^^^^^^^^^^
  File "/Users/michaelkatschko/Projects/rettungswache-wachbuch/core/middleware.py", line 76, in __call__
    response = self.get_response(request)
               ^^^^^^^^^^^^^^^^^^^^^^^^^^
  File "/Users/michaelkatschko/Projects/rettungswache-wachbuch/.venv/lib/python3.12/site-packages/django/core/handlers/exception.py", line 58, in inner
    response = response_for_exception(request, exc)
               ^^^^^^^^^^^^^^^^^^^^^^^^^^^^^^^^^^^^
  File "/Users/michaelkatschko/Projects/rettungswache-wachbuch/.venv/lib/python3.12/site-packages/django/core/handlers/exception.py", line 142, in response_for_exception
    response = handle_uncaught_exception(
               ^^^^^^^^^^^^^^^^^^^^^^^^^^
  File "/Users/michaelkatschko/Projects/rettungswache-wachbuch/.venv/lib/python3.12/site-packages/django/core/handlers/exception.py", line 187, in handle_uncaught_exception
    return callback(request)
           ^^^^^^^^^^^^^^^^^
  File "/Users/michaelkatschko/Projects/rettungswache-wachbuch/core/views.py", line 162, in server_error
    response = render(
               ^^^^^^^
  File "/Users/michaelkatschko/Projects/rettungswache-wachbuch/.venv/lib/python3.12/site-packages/django/shortcuts.py", line 27, in render
    content = loader.render_to_string(template_name, context, request, using=using)
              ^^^^^^^^^^^^^^^^^^^^^^^^^^^^^^^^^^^^^^^^^^^^^^^^^^^^^^^^^^^^^^^^^^^^^
  File "/Users/michaelkatschko/Projects/rettungswache-wachbuch/.venv/lib/python3.12/site-packages/django/template/loader.py", line 62, in render_to_string
    return template.render(context, request)
           ^^^^^^^^^^^^^^^^^^^^^^^^^^^^^^^^^
  File "/Users/michaelkatschko/Projects/rettungswache-wachbuch/.venv/lib/python3.12/site-packages/django/template/backends/django.py", line 107, in render
    return self.template.render(context)
           ^^^^^^^^^^^^^^^^^^^^^^^^^^^^^
  File "/Users/michaelkatschko/Projects/rettungswache-wachbuch/.venv/lib/python3.12/site-packages/django/template/base.py", line 174, in render
    return self._render(context)
           ^^^^^^^^^^^^^^^^^^^^^
  File "/Users/michaelkatschko/Projects/rettungswache-wachbuch/.venv/lib/python3.12/site-packages/django/template/base.py", line 166, in _render
    return self.nodelist.render(context)
           ^^^^^^^^^^^^^^^^^^^^^^^^^^^^^
  File "/Users/michaelkatschko/Projects/rettungswache-wachbuch/.venv/lib/python3.12/site-packages/django/template/base.py", line 1107, in render
    return SafeString("".join([node.render_annotated(context) for node in self]))
                               ^^^^^^^^^^^^^^^^^^^^^^^^^^^^^^
  File "/Users/michaelkatschko/Projects/rettungswache-wachbuch/.venv/lib/python3.12/site-packages/django/template/base.py", line 1068, in render_annotated
    return self.render(context)
           ^^^^^^^^^^^^^^^^^^^^
  File "/Users/michaelkatschko/Projects/rettungswache-wachbuch/.venv/lib/python3.12/site-packages/django/template/loader_tags.py", line 160, in render
    return compiled_parent._render(context)
           ^^^^^^^^^^^^^^^^^^^^^^^^^^^^^^^^
  File "/Users/michaelkatschko/Projects/rettungswache-wachbuch/.venv/lib/python3.12/site-packages/django/template/base.py", line 166, in _render
    return self.nodelist.render(context)
           ^^^^^^^^^^^^^^^^^^^^^^^^^^^^^
  File "/Users/michaelkatschko/Projects/rettungswache-wachbuch/.venv/lib/python3.12/site-packages/django/template/base.py", line 1107, in render
    return SafeString("".join([node.render_annotated(context) for node in self]))
                               ^^^^^^^^^^^^^^^^^^^^^^^^^^^^^^
  File "/Users/michaelkatschko/Projects/rettungswache-wachbuch/.venv/lib/python3.12/site-packages/django/template/base.py", line 1068, in render_annotated
    return self.render(context)
           ^^^^^^^^^^^^^^^^^^^^
  File "/Users/michaelkatschko/Projects/rettungswache-wachbuch/.venv/lib/python3.12/site-packages/django/templatetags/static.py", line 116, in render
    url = self.url(context)
          ^^^^^^^^^^^^^^^^^
  File "/Users/michaelkatschko/Projects/rettungswache-wachbuch/.venv/lib/python3.12/site-packages/django/templatetags/static.py", line 113, in url
    return self.handle_simple(path)
           ^^^^^^^^^^^^^^^^^^^^^^^^
  File "/Users/michaelkatschko/Projects/rettungswache-wachbuch/.venv/lib/python3.12/site-packages/django/templatetags/static.py", line 129, in handle_simple
    return staticfiles_storage.url(path)
           ^^^^^^^^^^^^^^^^^^^^^^^^^^^^^
  File "/Users/michaelkatschko/Projects/rettungswache-wachbuch/.venv/lib/python3.12/site-packages/django/contrib/staticfiles/storage.py", line 235, in url
    return self._url(self.stored_name, name, force)
           ^^^^^^^^^^^^^^^^^^^^^^^^^^^^^^^^^^^^^^^^
  File "/Users/michaelkatschko/Projects/rettungswache-wachbuch/.venv/lib/python3.12/site-packages/django/contrib/staticfiles/storage.py", line 214, in _url
    hashed_name = hashed_name_func(*args)
                  ^^^^^^^^^^^^^^^^^^^^^^^
  File "/Users/michaelkatschko/Projects/rettungswache-wachbuch/.venv/lib/python3.12/site-packages/django/contrib/staticfiles/storage.py", line 601, in stored_name
    raise ValueError(
ValueError: Missing staticfiles manifest entry for 'core/icons/icon-192.png'

During handling of the above exception, another exception occurred:

Traceback (most recent call last):
  File "/Users/michaelkatschko/Projects/rettungswache-wachbuch/.venv/lib/python3.12/site-packages/django/core/handlers/exception.py", line 56, in inner
    response = get_response(request)
               ^^^^^^^^^^^^^^^^^^^^^
  File "/Users/michaelkatschko/Projects/rettungswache-wachbuch/.venv/lib/python3.12/site-packages/django/utils/deprecation.py", line 441, in __call__
    response = response or self.get_response(request)
                           ^^^^^^^^^^^^^^^^^^^^^^^^^^
  File "/Users/michaelkatschko/Projects/rettungswache-wachbuch/.venv/lib/python3.12/site-packages/django/core/handlers/exception.py", line 58, in inner
    response = response_for_exception(request, exc)
               ^^^^^^^^^^^^^^^^^^^^^^^^^^^^^^^^^^^^
  File "/Users/michaelkatschko/Projects/rettungswache-wachbuch/.venv/lib/python3.12/site-packages/django/core/handlers/exception.py", line 142, in response_for_exception
    response = handle_uncaught_exception(
               ^^^^^^^^^^^^^^^^^^^^^^^^^^
  File "/Users/michaelkatschko/Projects/rettungswache-wachbuch/.venv/lib/python3.12/site-packages/django/core/handlers/exception.py", line 187, in handle_uncaught_exception
    return callback(request)
           ^^^^^^^^^^^^^^^^^
  File "/Users/michaelkatschko/Projects/rettungswache-wachbuch/core/views.py", line 162, in server_error
    response = render(
               ^^^^^^^
  File "/Users/michaelkatschko/Projects/rettungswache-wachbuch/.venv/lib/python3.12/site-packages/django/shortcuts.py", line 27, in render
    content = loader.render_to_string(template_name, context, request, using=using)
              ^^^^^^^^^^^^^^^^^^^^^^^^^^^^^^^^^^^^^^^^^^^^^^^^^^^^^^^^^^^^^^^^^^^^^
  File "/Users/michaelkatschko/Projects/rettungswache-wachbuch/.venv/lib/python3.12/site-packages/django/template/loader.py", line 62, in render_to_string
    return template.render(context, request)
           ^^^^^^^^^^^^^^^^^^^^^^^^^^^^^^^^^
  File "/Users/michaelkatschko/Projects/rettungswache-wachbuch/.venv/lib/python3.12/site-packages/django/template/backends/django.py", line 107, in render
    return self.template.render(context)
           ^^^^^^^^^^^^^^^^^^^^^^^^^^^^^
  File "/Users/michaelkatschko/Projects/rettungswache-wachbuch/.venv/lib/python3.12/site-packages/django/template/base.py", line 174, in render
    return self._render(context)
           ^^^^^^^^^^^^^^^^^^^^^
  File "/Users/michaelkatschko/Projects/rettungswache-wachbuch/.venv/lib/python3.12/site-packages/django/template/base.py", line 166, in _render
    return self.nodelist.render(context)
           ^^^^^^^^^^^^^^^^^^^^^^^^^^^^^
  File "/Users/michaelkatschko/Projects/rettungswache-wachbuch/.venv/lib/python3.12/site-packages/django/template/base.py", line 1107, in render
    return SafeString("".join([node.render_annotated(context) for node in self]))
                               ^^^^^^^^^^^^^^^^^^^^^^^^^^^^^^
  File "/Users/michaelkatschko/Projects/rettungswache-wachbuch/.venv/lib/python3.12/site-packages/django/template/base.py", line 1068, in render_annotated
    return self.render(context)
           ^^^^^^^^^^^^^^^^^^^^
  File "/Users/michaelkatschko/Projects/rettungswache-wachbuch/.venv/lib/python3.12/site-packages/django/template/loader_tags.py", line 160, in render
    return compiled_parent._render(context)
           ^^^^^^^^^^^^^^^^^^^^^^^^^^^^^^^^
  File "/Users/michaelkatschko/Projects/rettungswache-wachbuch/.venv/lib/python3.12/site-packages/django/template/base.py", line 166, in _render
    return self.nodelist.render(context)
           ^^^^^^^^^^^^^^^^^^^^^^^^^^^^^
  File "/Users/michaelkatschko/Projects/rettungswache-wachbuch/.venv/lib/python3.12/site-packages/django/template/base.py", line 1107, in render
    return SafeString("".join([node.render_annotated(context) for node in self]))
                               ^^^^^^^^^^^^^^^^^^^^^^^^^^^^^^
  File "/Users/michaelkatschko/Projects/rettungswache-wachbuch/.venv/lib/python3.12/site-packages/django/template/base.py", line 1068, in render_annotated
    return self.render(context)
           ^^^^^^^^^^^^^^^^^^^^
  File "/Users/michaelkatschko/Projects/rettungswache-wachbuch/.venv/lib/python3.12/site-packages/django/templatetags/static.py", line 116, in render
    url = self.url(context)
          ^^^^^^^^^^^^^^^^^
  File "/Users/michaelkatschko/Projects/rettungswache-wachbuch/.venv/lib/python3.12/site-packages/django/templatetags/static.py", line 113, in url
    return self.handle_simple(path)
           ^^^^^^^^^^^^^^^^^^^^^^^^
  File "/Users/michaelkatschko/Projects/rettungswache-wachbuch/.venv/lib/python3.12/site-packages/django/templatetags/static.py", line 129, in handle_simple
    return staticfiles_storage.url(path)
           ^^^^^^^^^^^^^^^^^^^^^^^^^^^^^
  File "/Users/michaelkatschko/Projects/rettungswache-wachbuch/.venv/lib/python3.12/site-packages/django/contrib/staticfiles/storage.py", line 235, in url
    return self._url(self.stored_name, name, force)
           ^^^^^^^^^^^^^^^^^^^^^^^^^^^^^^^^^^^^^^^^
  File "/Users/michaelkatschko/Projects/rettungswache-wachbuch/.venv/lib/python3.12/site-packages/django/contrib/staticfiles/storage.py", line 214, in _url
    hashed_name = hashed_name_func(*args)
                  ^^^^^^^^^^^^^^^^^^^^^^^
  File "/Users/michaelkatschko/Projects/rettungswache-wachbuch/.venv/lib/python3.12/site-packages/django/contrib/staticfiles/storage.py", line 601, in stored_name
    raise ValueError(
ValueError: Missing staticfiles manifest entry for 'core/icons/icon-192.png'

During handling of the above exception, another exception occurred:

Traceback (most recent call last):
  File "/Users/michaelkatschko/Projects/rettungswache-wachbuch/.venv/lib/python3.12/site-packages/django/core/handlers/exception.py", line 56, in inner
    response = get_response(request)
               ^^^^^^^^^^^^^^^^^^^^^
  File "/Users/michaelkatschko/Projects/rettungswache-wachbuch/.venv/lib/python3.12/site-packages/django/utils/deprecation.py", line 441, in __call__
    response = response or self.get_response(request)
                           ^^^^^^^^^^^^^^^^^^^^^^^^^^
  File "/Users/michaelkatschko/Projects/rettungswache-wachbuch/.venv/lib/python3.12/site-packages/django/core/handlers/exception.py", line 58, in inner
    response = response_for_exception(request, exc)
               ^^^^^^^^^^^^^^^^^^^^^^^^^^^^^^^^^^^^
  File "/Users/michaelkatschko/Projects/rettungswache-wachbuch/.venv/lib/python3.12/site-packages/django/core/handlers/exception.py", line 142, in response_for_exception
    response = handle_uncaught_exception(
               ^^^^^^^^^^^^^^^^^^^^^^^^^^
  File "/Users/michaelkatschko/Projects/rettungswache-wachbuch/.venv/lib/python3.12/site-packages/django/core/handlers/exception.py", line 187, in handle_uncaught_exception
    return callback(request)
           ^^^^^^^^^^^^^^^^^
  File "/Users/michaelkatschko/Projects/rettungswache-wachbuch/core/views.py", line 162, in server_error
    response = render(
               ^^^^^^^
  File "/Users/michaelkatschko/Projects/rettungswache-wachbuch/.venv/lib/python3.12/site-packages/django/shortcuts.py", line 27, in render
    content = loader.render_to_string(template_name, context, request, using=using)
              ^^^^^^^^^^^^^^^^^^^^^^^^^^^^^^^^^^^^^^^^^^^^^^^^^^^^^^^^^^^^^^^^^^^^^
  File "/Users/michaelkatschko/Projects/rettungswache-wachbuch/.venv/lib/python3.12/site-packages/django/template/loader.py", line 62, in render_to_string
    return template.render(context, request)
           ^^^^^^^^^^^^^^^^^^^^^^^^^^^^^^^^^
  File "/Users/michaelkatschko/Projects/rettungswache-wachbuch/.venv/lib/python3.12/site-packages/django/template/backends/django.py", line 107, in render
    return self.template.render(context)
           ^^^^^^^^^^^^^^^^^^^^^^^^^^^^^
  File "/Users/michaelkatschko/Projects/rettungswache-wachbuch/.venv/lib/python3.12/site-packages/django/template/base.py", line 174, in render
    return self._render(context)
           ^^^^^^^^^^^^^^^^^^^^^
  File "/Users/michaelkatschko/Projects/rettungswache-wachbuch/.venv/lib/python3.12/site-packages/django/template/base.py", line 166, in _render
    return self.nodelist.render(context)
           ^^^^^^^^^^^^^^^^^^^^^^^^^^^^^
  File "/Users/michaelkatschko/Projects/rettungswache-wachbuch/.venv/lib/python3.12/site-packages/django/template/base.py", line 1107, in render
    return SafeString("".join([node.render_annotated(context) for node in self]))
                               ^^^^^^^^^^^^^^^^^^^^^^^^^^^^^^
  File "/Users/michaelkatschko/Projects/rettungswache-wachbuch/.venv/lib/python3.12/site-packages/django/template/base.py", line 1068, in render_annotated
    return self.render(context)
           ^^^^^^^^^^^^^^^^^^^^
  File "/Users/michaelkatschko/Projects/rettungswache-wachbuch/.venv/lib/python3.12/site-packages/django/template/loader_tags.py", line 160, in render
    return compiled_parent._render(context)
           ^^^^^^^^^^^^^^^^^^^^^^^^^^^^^^^^
  File "/Users/michaelkatschko/Projects/rettungswache-wachbuch/.venv/lib/python3.12/site-packages/django/template/base.py", line 166, in _render
    return self.nodelist.render(context)
           ^^^^^^^^^^^^^^^^^^^^^^^^^^^^^
  File "/Users/michaelkatschko/Projects/rettungswache-wachbuch/.venv/lib/python3.12/site-packages/django/template/base.py", line 1107, in render
    return SafeString("".join([node.render_annotated(context) for node in self]))
                               ^^^^^^^^^^^^^^^^^^^^^^^^^^^^^^
  File "/Users/michaelkatschko/Projects/rettungswache-wachbuch/.venv/lib/python3.12/site-packages/django/template/base.py", line 1068, in render_annotated
    return self.render(context)
           ^^^^^^^^^^^^^^^^^^^^
  File "/Users/michaelkatschko/Projects/rettungswache-wachbuch/.venv/lib/python3.12/site-packages/django/templatetags/static.py", line 116, in render
    url = self.url(context)
          ^^^^^^^^^^^^^^^^^
  File "/Users/michaelkatschko/Projects/rettungswache-wachbuch/.venv/lib/python3.12/site-packages/django/templatetags/static.py", line 113, in url
    return self.handle_simple(path)
           ^^^^^^^^^^^^^^^^^^^^^^^^
  File "/Users/michaelkatschko/Projects/rettungswache-wachbuch/.venv/lib/python3.12/site-packages/django/templatetags/static.py", line 129, in handle_simple
    return staticfiles_storage.url(path)
           ^^^^^^^^^^^^^^^^^^^^^^^^^^^^^
  File "/Users/michaelkatschko/Projects/rettungswache-wachbuch/.venv/lib/python3.12/site-packages/django/contrib/staticfiles/storage.py", line 235, in url
    return self._url(self.stored_name, name, force)
           ^^^^^^^^^^^^^^^^^^^^^^^^^^^^^^^^^^^^^^^^
  File "/Users/michaelkatschko/Projects/rettungswache-wachbuch/.venv/lib/python3.12/site-packages/django/contrib/staticfiles/storage.py", line 214, in _url
    hashed_name = hashed_name_func(*args)
                  ^^^^^^^^^^^^^^^^^^^^^^^
  File "/Users/michaelkatschko/Projects/rettungswache-wachbuch/.venv/lib/python3.12/site-packages/django/contrib/staticfiles/storage.py", line 601, in stored_name
    raise ValueError(
ValueError: Missing staticfiles manifest entry for 'core/icons/icon-192.png'

During handling of the above exception, another exception occurred:

Traceback (most recent call last):
  File "/Users/michaelkatschko/Projects/rettungswache-wachbuch/.venv/lib/python3.12/site-packages/django/core/handlers/exception.py", line 56, in inner
    response = get_response(request)
               ^^^^^^^^^^^^^^^^^^^^^
  File "/Users/michaelkatschko/Projects/rettungswache-wachbuch/.venv/lib/python3.12/site-packages/django/utils/deprecation.py", line 441, in __call__
    response = response or self.get_response(request)
                           ^^^^^^^^^^^^^^^^^^^^^^^^^^
  File "/Users/michaelkatschko/Projects/rettungswache-wachbuch/.venv/lib/python3.12/site-packages/django/core/handlers/exception.py", line 58, in inner
    response = response_for_exception(request, exc)
               ^^^^^^^^^^^^^^^^^^^^^^^^^^^^^^^^^^^^
  File "/Users/michaelkatschko/Projects/rettungswache-wachbuch/.venv/lib/python3.12/site-packages/django/core/handlers/exception.py", line 142, in response_for_exception
    response = handle_uncaught_exception(
               ^^^^^^^^^^^^^^^^^^^^^^^^^^
  File "/Users/michaelkatschko/Projects/rettungswache-wachbuch/.venv/lib/python3.12/site-packages/django/core/handlers/exception.py", line 187, in handle_uncaught_exception
    return callback(request)
           ^^^^^^^^^^^^^^^^^
  File "/Users/michaelkatschko/Projects/rettungswache-wachbuch/core/views.py", line 162, in server_error
    response = render(
               ^^^^^^^
  File "/Users/michaelkatschko/Projects/rettungswache-wachbuch/.venv/lib/python3.12/site-packages/django/shortcuts.py", line 27, in render
    content = loader.render_to_string(template_name, context, request, using=using)
              ^^^^^^^^^^^^^^^^^^^^^^^^^^^^^^^^^^^^^^^^^^^^^^^^^^^^^^^^^^^^^^^^^^^^^
  File "/Users/michaelkatschko/Projects/rettungswache-wachbuch/.venv/lib/python3.12/site-packages/django/template/loader.py", line 62, in render_to_string
    return template.render(context, request)
           ^^^^^^^^^^^^^^^^^^^^^^^^^^^^^^^^^
  File "/Users/michaelkatschko/Projects/rettungswache-wachbuch/.venv/lib/python3.12/site-packages/django/template/backends/django.py", line 107, in render
    return self.template.render(context)
           ^^^^^^^^^^^^^^^^^^^^^^^^^^^^^
  File "/Users/michaelkatschko/Projects/rettungswache-wachbuch/.venv/lib/python3.12/site-packages/django/template/base.py", line 174, in render
    return self._render(context)
           ^^^^^^^^^^^^^^^^^^^^^
  File "/Users/michaelkatschko/Projects/rettungswache-wachbuch/.venv/lib/python3.12/site-packages/django/template/base.py", line 166, in _render
    return self.nodelist.render(context)
           ^^^^^^^^^^^^^^^^^^^^^^^^^^^^^
  File "/Users/michaelkatschko/Projects/rettungswache-wachbuch/.venv/lib/python3.12/site-packages/django/template/base.py", line 1107, in render
    return SafeString("".join([node.render_annotated(context) for node in self]))
                               ^^^^^^^^^^^^^^^^^^^^^^^^^^^^^^
  File "/Users/michaelkatschko/Projects/rettungswache-wachbuch/.venv/lib/python3.12/site-packages/django/template/base.py", line 1068, in render_annotated
    return self.render(context)
           ^^^^^^^^^^^^^^^^^^^^
  File "/Users/michaelkatschko/Projects/rettungswache-wachbuch/.venv/lib/python3.12/site-packages/django/template/loader_tags.py", line 160, in render
    return compiled_parent._render(context)
           ^^^^^^^^^^^^^^^^^^^^^^^^^^^^^^^^
  File "/Users/michaelkatschko/Projects/rettungswache-wachbuch/.venv/lib/python3.12/site-packages/django/template/base.py", line 166, in _render
    return self.nodelist.render(context)
           ^^^^^^^^^^^^^^^^^^^^^^^^^^^^^
  File "/Users/michaelkatschko/Projects/rettungswache-wachbuch/.venv/lib/python3.12/site-packages/django/template/base.py", line 1107, in render
    return SafeString("".join([node.render_annotated(context) for node in self]))
                               ^^^^^^^^^^^^^^^^^^^^^^^^^^^^^^
  File "/Users/michaelkatschko/Projects/rettungswache-wachbuch/.venv/lib/python3.12/site-packages/django/template/base.py", line 1068, in render_annotated
    return self.render(context)
           ^^^^^^^^^^^^^^^^^^^^
  File "/Users/michaelkatschko/Projects/rettungswache-wachbuch/.venv/lib/python3.12/site-packages/django/templatetags/static.py", line 116, in render
    url = self.url(context)
          ^^^^^^^^^^^^^^^^^
  File "/Users/michaelkatschko/Projects/rettungswache-wachbuch/.venv/lib/python3.12/site-packages/django/templatetags/static.py", line 113, in url
    return self.handle_simple(path)
           ^^^^^^^^^^^^^^^^^^^^^^^^
  File "/Users/michaelkatschko/Projects/rettungswache-wachbuch/.venv/lib/python3.12/site-packages/django/templatetags/static.py", line 129, in handle_simple
    return staticfiles_storage.url(path)
           ^^^^^^^^^^^^^^^^^^^^^^^^^^^^^
  File "/Users/michaelkatschko/Projects/rettungswache-wachbuch/.venv/lib/python3.12/site-packages/django/contrib/staticfiles/storage.py", line 235, in url
    return self._url(self.stored_name, name, force)
           ^^^^^^^^^^^^^^^^^^^^^^^^^^^^^^^^^^^^^^^^
  File "/Users/michaelkatschko/Projects/rettungswache-wachbuch/.venv/lib/python3.12/site-packages/django/contrib/staticfiles/storage.py", line 214, in _url
    hashed_name = hashed_name_func(*args)
                  ^^^^^^^^^^^^^^^^^^^^^^^
  File "/Users/michaelkatschko/Projects/rettungswache-wachbuch/.venv/lib/python3.12/site-packages/django/contrib/staticfiles/storage.py", line 601, in stored_name
    raise ValueError(
ValueError: Missing staticfiles manifest entry for 'core/icons/icon-192.png'

During handling of the above exception, another exception occurred:

Traceback (most recent call last):
  File "/Users/michaelkatschko/Projects/rettungswache-wachbuch/.venv/lib/python3.12/site-packages/django/core/handlers/exception.py", line 56, in inner
    response = get_response(request)
               ^^^^^^^^^^^^^^^^^^^^^
  File "/Users/michaelkatschko/Projects/rettungswache-wachbuch/.venv/lib/python3.12/site-packages/django/utils/deprecation.py", line 441, in __call__
    response = response or self.get_response(request)
                           ^^^^^^^^^^^^^^^^^^^^^^^^^^
  File "/Users/michaelkatschko/Projects/rettungswache-wachbuch/.venv/lib/python3.12/site-packages/django/core/handlers/exception.py", line 58, in inner
    response = response_for_exception(request, exc)
               ^^^^^^^^^^^^^^^^^^^^^^^^^^^^^^^^^^^^
  File "/Users/michaelkatschko/Projects/rettungswache-wachbuch/.venv/lib/python3.12/site-packages/django/core/handlers/exception.py", line 142, in response_for_exception
    response = handle_uncaught_exception(
               ^^^^^^^^^^^^^^^^^^^^^^^^^^
  File "/Users/michaelkatschko/Projects/rettungswache-wachbuch/.venv/lib/python3.12/site-packages/django/core/handlers/exception.py", line 187, in handle_uncaught_exception
    return callback(request)
           ^^^^^^^^^^^^^^^^^
  File "/Users/michaelkatschko/Projects/rettungswache-wachbuch/core/views.py", line 162, in server_error
    response = render(
               ^^^^^^^
  File "/Users/michaelkatschko/Projects/rettungswache-wachbuch/.venv/lib/python3.12/site-packages/django/shortcuts.py", line 27, in render
    content = loader.render_to_string(template_name, context, request, using=using)
              ^^^^^^^^^^^^^^^^^^^^^^^^^^^^^^^^^^^^^^^^^^^^^^^^^^^^^^^^^^^^^^^^^^^^^
  File "/Users/michaelkatschko/Projects/rettungswache-wachbuch/.venv/lib/python3.12/site-packages/django/template/loader.py", line 62, in render_to_string
    return template.render(context, request)
           ^^^^^^^^^^^^^^^^^^^^^^^^^^^^^^^^^
  File "/Users/michaelkatschko/Projects/rettungswache-wachbuch/.venv/lib/python3.12/site-packages/django/template/backends/django.py", line 107, in render
    return self.template.render(context)
           ^^^^^^^^^^^^^^^^^^^^^^^^^^^^^
  File "/Users/michaelkatschko/Projects/rettungswache-wachbuch/.venv/lib/python3.12/site-packages/django/template/base.py", line 174, in render
    return self._render(context)
           ^^^^^^^^^^^^^^^^^^^^^
  File "/Users/michaelkatschko/Projects/rettungswache-wachbuch/.venv/lib/python3.12/site-packages/django/template/base.py", line 166, in _render
    return self.nodelist.render(context)
           ^^^^^^^^^^^^^^^^^^^^^^^^^^^^^
  File "/Users/michaelkatschko/Projects/rettungswache-wachbuch/.venv/lib/python3.12/site-packages/django/template/base.py", line 1107, in render
    return SafeString("".join([node.render_annotated(context) for node in self]))
                               ^^^^^^^^^^^^^^^^^^^^^^^^^^^^^^
  File "/Users/michaelkatschko/Projects/rettungswache-wachbuch/.venv/lib/python3.12/site-packages/django/template/base.py", line 1068, in render_annotated
    return self.render(context)
           ^^^^^^^^^^^^^^^^^^^^
  File "/Users/michaelkatschko/Projects/rettungswache-wachbuch/.venv/lib/python3.12/site-packages/django/template/loader_tags.py", line 160, in render
    return compiled_parent._render(context)
           ^^^^^^^^^^^^^^^^^^^^^^^^^^^^^^^^
  File "/Users/michaelkatschko/Projects/rettungswache-wachbuch/.venv/lib/python3.12/site-packages/django/template/base.py", line 166, in _render
    return self.nodelist.render(context)
           ^^^^^^^^^^^^^^^^^^^^^^^^^^^^^
  File "/Users/michaelkatschko/Projects/rettungswache-wachbuch/.venv/lib/python3.12/site-packages/django/template/base.py", line 1107, in render
    return SafeString("".join([node.render_annotated(context) for node in self]))
                               ^^^^^^^^^^^^^^^^^^^^^^^^^^^^^^
  File "/Users/michaelkatschko/Projects/rettungswache-wachbuch/.venv/lib/python3.12/site-packages/django/template/base.py", line 1068, in render_annotated
    return self.render(context)
           ^^^^^^^^^^^^^^^^^^^^
  File "/Users/michaelkatschko/Projects/rettungswache-wachbuch/.venv/lib/python3.12/site-packages/django/templatetags/static.py", line 116, in render
    url = self.url(context)
          ^^^^^^^^^^^^^^^^^
  File "/Users/michaelkatschko/Projects/rettungswache-wachbuch/.venv/lib/python3.12/site-packages/django/templatetags/static.py", line 113, in url
    return self.handle_simple(path)
           ^^^^^^^^^^^^^^^^^^^^^^^^
  File "/Users/michaelkatschko/Projects/rettungswache-wachbuch/.venv/lib/python3.12/site-packages/django/templatetags/static.py", line 129, in handle_simple
    return staticfiles_storage.url(path)
           ^^^^^^^^^^^^^^^^^^^^^^^^^^^^^
  File "/Users/michaelkatschko/Projects/rettungswache-wachbuch/.venv/lib/python3.12/site-packages/django/contrib/staticfiles/storage.py", line 235, in url
    return self._url(self.stored_name, name, force)
           ^^^^^^^^^^^^^^^^^^^^^^^^^^^^^^^^^^^^^^^^
  File "/Users/michaelkatschko/Projects/rettungswache-wachbuch/.venv/lib/python3.12/site-packages/django/contrib/staticfiles/storage.py", line 214, in _url
    hashed_name = hashed_name_func(*args)
                  ^^^^^^^^^^^^^^^^^^^^^^^
  File "/Users/michaelkatschko/Projects/rettungswache-wachbuch/.venv/lib/python3.12/site-packages/django/contrib/staticfiles/storage.py", line 601, in stored_name
    raise ValueError(
ValueError: Missing staticfiles manifest entry for 'core/icons/icon-192.png'

During handling of the above exception, another exception occurred:

Traceback (most recent call last):
  File "/Users/michaelkatschko/Projects/rettungswache-wachbuch/.venv/lib/python3.12/site-packages/django/core/handlers/exception.py", line 56, in inner
    response = get_response(request)
               ^^^^^^^^^^^^^^^^^^^^^
  File "/Users/michaelkatschko/Projects/rettungswache-wachbuch/.venv/lib/python3.12/site-packages/django/utils/deprecation.py", line 441, in __call__
    response = response or self.get_response(request)
                           ^^^^^^^^^^^^^^^^^^^^^^^^^^
  File "/Users/michaelkatschko/Projects/rettungswache-wachbuch/.venv/lib/python3.12/site-packages/django/core/handlers/exception.py", line 58, in inner
    response = response_for_exception(request, exc)
               ^^^^^^^^^^^^^^^^^^^^^^^^^^^^^^^^^^^^
  File "/Users/michaelkatschko/Projects/rettungswache-wachbuch/.venv/lib/python3.12/site-packages/django/core/handlers/exception.py", line 142, in response_for_exception
    response = handle_uncaught_exception(
               ^^^^^^^^^^^^^^^^^^^^^^^^^^
  File "/Users/michaelkatschko/Projects/rettungswache-wachbuch/.venv/lib/python3.12/site-packages/django/core/handlers/exception.py", line 187, in handle_uncaught_exception
    return callback(request)
           ^^^^^^^^^^^^^^^^^
  File "/Users/michaelkatschko/Projects/rettungswache-wachbuch/core/views.py", line 162, in server_error
    response = render(
               ^^^^^^^
  File "/Users/michaelkatschko/Projects/rettungswache-wachbuch/.venv/lib/python3.12/site-packages/django/shortcuts.py", line 27, in render
    content = loader.render_to_string(template_name, context, request, using=using)
              ^^^^^^^^^^^^^^^^^^^^^^^^^^^^^^^^^^^^^^^^^^^^^^^^^^^^^^^^^^^^^^^^^^^^^
  File "/Users/michaelkatschko/Projects/rettungswache-wachbuch/.venv/lib/python3.12/site-packages/django/template/loader.py", line 62, in render_to_string
    return template.render(context, request)
           ^^^^^^^^^^^^^^^^^^^^^^^^^^^^^^^^^
  File "/Users/michaelkatschko/Projects/rettungswache-wachbuch/.venv/lib/python3.12/site-packages/django/template/backends/django.py", line 107, in render
    return self.template.render(context)
           ^^^^^^^^^^^^^^^^^^^^^^^^^^^^^
  File "/Users/michaelkatschko/Projects/rettungswache-wachbuch/.venv/lib/python3.12/site-packages/django/template/base.py", line 174, in render
    return self._render(context)
           ^^^^^^^^^^^^^^^^^^^^^
  File "/Users/michaelkatschko/Projects/rettungswache-wachbuch/.venv/lib/python3.12/site-packages/django/template/base.py", line 166, in _render
    return self.nodelist.render(context)
           ^^^^^^^^^^^^^^^^^^^^^^^^^^^^^
  File "/Users/michaelkatschko/Projects/rettungswache-wachbuch/.venv/lib/python3.12/site-packages/django/template/base.py", line 1107, in render
    return SafeString("".join([node.render_annotated(context) for node in self]))
                               ^^^^^^^^^^^^^^^^^^^^^^^^^^^^^^
  File "/Users/michaelkatschko/Projects/rettungswache-wachbuch/.venv/lib/python3.12/site-packages/django/template/base.py", line 1068, in render_annotated
    return self.render(context)
           ^^^^^^^^^^^^^^^^^^^^
  File "/Users/michaelkatschko/Projects/rettungswache-wachbuch/.venv/lib/python3.12/site-packages/django/template/loader_tags.py", line 160, in render
    return compiled_parent._render(context)
           ^^^^^^^^^^^^^^^^^^^^^^^^^^^^^^^^
  File "/Users/michaelkatschko/Projects/rettungswache-wachbuch/.venv/lib/python3.12/site-packages/django/template/base.py", line 166, in _render
    return self.nodelist.render(context)
           ^^^^^^^^^^^^^^^^^^^^^^^^^^^^^
  File "/Users/michaelkatschko/Projects/rettungswache-wachbuch/.venv/lib/python3.12/site-packages/django/template/base.py", line 1107, in render
    return SafeString("".join([node.render_annotated(context) for node in self]))
                               ^^^^^^^^^^^^^^^^^^^^^^^^^^^^^^
  File "/Users/michaelkatschko/Projects/rettungswache-wachbuch/.venv/lib/python3.12/site-packages/django/template/base.py", line 1068, in render_annotated
    return self.render(context)
           ^^^^^^^^^^^^^^^^^^^^
  File "/Users/michaelkatschko/Projects/rettungswache-wachbuch/.venv/lib/python3.12/site-packages/django/templatetags/static.py", line 116, in render
    url = self.url(context)
          ^^^^^^^^^^^^^^^^^
  File "/Users/michaelkatschko/Projects/rettungswache-wachbuch/.venv/lib/python3.12/site-packages/django/templatetags/static.py", line 113, in url
    return self.handle_simple(path)
           ^^^^^^^^^^^^^^^^^^^^^^^^
  File "/Users/michaelkatschko/Projects/rettungswache-wachbuch/.venv/lib/python3.12/site-packages/django/templatetags/static.py", line 129, in handle_simple
    return staticfiles_storage.url(path)
           ^^^^^^^^^^^^^^^^^^^^^^^^^^^^^
  File "/Users/michaelkatschko/Projects/rettungswache-wachbuch/.venv/lib/python3.12/site-packages/django/contrib/staticfiles/storage.py", line 235, in url
    return self._url(self.stored_name, name, force)
           ^^^^^^^^^^^^^^^^^^^^^^^^^^^^^^^^^^^^^^^^
  File "/Users/michaelkatschko/Projects/rettungswache-wachbuch/.venv/lib/python3.12/site-packages/django/contrib/staticfiles/storage.py", line 214, in _url
    hashed_name = hashed_name_func(*args)
                  ^^^^^^^^^^^^^^^^^^^^^^^
  File "/Users/michaelkatschko/Projects/rettungswache-wachbuch/.venv/lib/python3.12/site-packages/django/contrib/staticfiles/storage.py", line 601, in stored_name
    raise ValueError(
ValueError: Missing staticfiles manifest entry for 'core/icons/icon-192.png'

During handling of the above exception, another exception occurred:

Traceback (most recent call last):
  File "/Users/michaelkatschko/Projects/rettungswache-wachbuch/.venv/lib/python3.12/site-packages/django/core/handlers/exception.py", line 56, in inner
    response = get_response(request)
               ^^^^^^^^^^^^^^^^^^^^^
  File "/Users/michaelkatschko/Projects/rettungswache-wachbuch/.venv/lib/python3.12/site-packages/django/utils/deprecation.py", line 441, in __call__
    response = response or self.get_response(request)
                           ^^^^^^^^^^^^^^^^^^^^^^^^^^
  File "/Users/michaelkatschko/Projects/rettungswache-wachbuch/.venv/lib/python3.12/site-packages/django/core/handlers/exception.py", line 58, in inner
    response = response_for_exception(request, exc)
               ^^^^^^^^^^^^^^^^^^^^^^^^^^^^^^^^^^^^
  File "/Users/michaelkatschko/Projects/rettungswache-wachbuch/.venv/lib/python3.12/site-packages/django/core/handlers/exception.py", line 142, in response_for_exception
    response = handle_uncaught_exception(
               ^^^^^^^^^^^^^^^^^^^^^^^^^^
  File "/Users/michaelkatschko/Projects/rettungswache-wachbuch/.venv/lib/python3.12/site-packages/django/core/handlers/exception.py", line 187, in handle_uncaught_exception
    return callback(request)
           ^^^^^^^^^^^^^^^^^
  File "/Users/michaelkatschko/Projects/rettungswache-wachbuch/core/views.py", line 162, in server_error
    response = render(
               ^^^^^^^
  File "/Users/michaelkatschko/Projects/rettungswache-wachbuch/.venv/lib/python3.12/site-packages/django/shortcuts.py", line 27, in render
    content = loader.render_to_string(template_name, context, request, using=using)
              ^^^^^^^^^^^^^^^^^^^^^^^^^^^^^^^^^^^^^^^^^^^^^^^^^^^^^^^^^^^^^^^^^^^^^
  File "/Users/michaelkatschko/Projects/rettungswache-wachbuch/.venv/lib/python3.12/site-packages/django/template/loader.py", line 62, in render_to_string
    return template.render(context, request)
           ^^^^^^^^^^^^^^^^^^^^^^^^^^^^^^^^^
  File "/Users/michaelkatschko/Projects/rettungswache-wachbuch/.venv/lib/python3.12/site-packages/django/template/backends/django.py", line 107, in render
    return self.template.render(context)
           ^^^^^^^^^^^^^^^^^^^^^^^^^^^^^
  File "/Users/michaelkatschko/Projects/rettungswache-wachbuch/.venv/lib/python3.12/site-packages/django/template/base.py", line 174, in render
    return self._render(context)
           ^^^^^^^^^^^^^^^^^^^^^
  File "/Users/michaelkatschko/Projects/rettungswache-wachbuch/.venv/lib/python3.12/site-packages/django/template/base.py", line 166, in _render
    return self.nodelist.render(context)
           ^^^^^^^^^^^^^^^^^^^^^^^^^^^^^
  File "/Users/michaelkatschko/Projects/rettungswache-wachbuch/.venv/lib/python3.12/site-packages/django/template/base.py", line 1107, in render
    return SafeString("".join([node.render_annotated(context) for node in self]))
                               ^^^^^^^^^^^^^^^^^^^^^^^^^^^^^^
  File "/Users/michaelkatschko/Projects/rettungswache-wachbuch/.venv/lib/python3.12/site-packages/django/template/base.py", line 1068, in render_annotated
    return self.render(context)
           ^^^^^^^^^^^^^^^^^^^^
  File "/Users/michaelkatschko/Projects/rettungswache-wachbuch/.venv/lib/python3.12/site-packages/django/template/loader_tags.py", line 160, in render
    return compiled_parent._render(context)
           ^^^^^^^^^^^^^^^^^^^^^^^^^^^^^^^^
  File "/Users/michaelkatschko/Projects/rettungswache-wachbuch/.venv/lib/python3.12/site-packages/django/template/base.py", line 166, in _render
    return self.nodelist.render(context)
           ^^^^^^^^^^^^^^^^^^^^^^^^^^^^^
  File "/Users/michaelkatschko/Projects/rettungswache-wachbuch/.venv/lib/python3.12/site-packages/django/template/base.py", line 1107, in render
    return SafeString("".join([node.render_annotated(context) for node in self]))
                               ^^^^^^^^^^^^^^^^^^^^^^^^^^^^^^
  File "/Users/michaelkatschko/Projects/rettungswache-wachbuch/.venv/lib/python3.12/site-packages/django/template/base.py", line 1068, in render_annotated
    return self.render(context)
           ^^^^^^^^^^^^^^^^^^^^
  File "/Users/michaelkatschko/Projects/rettungswache-wachbuch/.venv/lib/python3.12/site-packages/django/templatetags/static.py", line 116, in render
    url = self.url(context)
          ^^^^^^^^^^^^^^^^^
  File "/Users/michaelkatschko/Projects/rettungswache-wachbuch/.venv/lib/python3.12/site-packages/django/templatetags/static.py", line 113, in url
    return self.handle_simple(path)
           ^^^^^^^^^^^^^^^^^^^^^^^^
  File "/Users/michaelkatschko/Projects/rettungswache-wachbuch/.venv/lib/python3.12/site-packages/django/templatetags/static.py", line 129, in handle_simple
    return staticfiles_storage.url(path)
           ^^^^^^^^^^^^^^^^^^^^^^^^^^^^^
  File "/Users/michaelkatschko/Projects/rettungswache-wachbuch/.venv/lib/python3.12/site-packages/django/contrib/staticfiles/storage.py", line 235, in url
    return self._url(self.stored_name, name, force)
           ^^^^^^^^^^^^^^^^^^^^^^^^^^^^^^^^^^^^^^^^
  File "/Users/michaelkatschko/Projects/rettungswache-wachbuch/.venv/lib/python3.12/site-packages/django/contrib/staticfiles/storage.py", line 214, in _url
    hashed_name = hashed_name_func(*args)
                  ^^^^^^^^^^^^^^^^^^^^^^^
  File "/Users/michaelkatschko/Projects/rettungswache-wachbuch/.venv/lib/python3.12/site-packages/django/contrib/staticfiles/storage.py", line 601, in stored_name
    raise ValueError(
ValueError: Missing staticfiles manifest entry for 'core/icons/icon-192.png'

During handling of the above exception, another exception occurred:

Traceback (most recent call last):
  File "/Users/michaelkatschko/Projects/rettungswache-wachbuch/.venv/lib/python3.12/site-packages/django/core/handlers/exception.py", line 56, in inner
    response = get_response(request)
               ^^^^^^^^^^^^^^^^^^^^^
  File "/Users/michaelkatschko/Projects/rettungswache-wachbuch/.venv/lib/python3.12/site-packages/whitenoise/middleware.py", line 123, in __call__
    return self.get_response(request)
           ^^^^^^^^^^^^^^^^^^^^^^^^^^
  File "/Users/michaelkatschko/Projects/rettungswache-wachbuch/.venv/lib/python3.12/site-packages/django/core/handlers/exception.py", line 58, in inner
    response = response_for_exception(request, exc)
               ^^^^^^^^^^^^^^^^^^^^^^^^^^^^^^^^^^^^
  File "/Users/michaelkatschko/Projects/rettungswache-wachbuch/.venv/lib/python3.12/site-packages/django/core/handlers/exception.py", line 142, in response_for_exception
    response = handle_uncaught_exception(
               ^^^^^^^^^^^^^^^^^^^^^^^^^^
  File "/Users/michaelkatschko/Projects/rettungswache-wachbuch/.venv/lib/python3.12/site-packages/django/core/handlers/exception.py", line 187, in handle_uncaught_exception
    return callback(request)
           ^^^^^^^^^^^^^^^^^
  File "/Users/michaelkatschko/Projects/rettungswache-wachbuch/core/views.py", line 162, in server_error
    response = render(
               ^^^^^^^
  File "/Users/michaelkatschko/Projects/rettungswache-wachbuch/.venv/lib/python3.12/site-packages/django/shortcuts.py", line 27, in render
    content = loader.render_to_string(template_name, context, request, using=using)
              ^^^^^^^^^^^^^^^^^^^^^^^^^^^^^^^^^^^^^^^^^^^^^^^^^^^^^^^^^^^^^^^^^^^^^
  File "/Users/michaelkatschko/Projects/rettungswache-wachbuch/.venv/lib/python3.12/site-packages/django/template/loader.py", line 62, in render_to_string
    return template.render(context, request)
           ^^^^^^^^^^^^^^^^^^^^^^^^^^^^^^^^^
  File "/Users/michaelkatschko/Projects/rettungswache-wachbuch/.venv/lib/python3.12/site-packages/django/template/backends/django.py", line 107, in render
    return self.template.render(context)
           ^^^^^^^^^^^^^^^^^^^^^^^^^^^^^
  File "/Users/michaelkatschko/Projects/rettungswache-wachbuch/.venv/lib/python3.12/site-packages/django/template/base.py", line 174, in render
    return self._render(context)
           ^^^^^^^^^^^^^^^^^^^^^
  File "/Users/michaelkatschko/Projects/rettungswache-wachbuch/.venv/lib/python3.12/site-packages/django/template/base.py", line 166, in _render
    return self.nodelist.render(context)
           ^^^^^^^^^^^^^^^^^^^^^^^^^^^^^
  File "/Users/michaelkatschko/Projects/rettungswache-wachbuch/.venv/lib/python3.12/site-packages/django/template/base.py", line 1107, in render
    return SafeString("".join([node.render_annotated(context) for node in self]))
                               ^^^^^^^^^^^^^^^^^^^^^^^^^^^^^^
  File "/Users/michaelkatschko/Projects/rettungswache-wachbuch/.venv/lib/python3.12/site-packages/django/template/base.py", line 1068, in render_annotated
    return self.render(context)
           ^^^^^^^^^^^^^^^^^^^^
  File "/Users/michaelkatschko/Projects/rettungswache-wachbuch/.venv/lib/python3.12/site-packages/django/template/loader_tags.py", line 160, in render
    return compiled_parent._render(context)
           ^^^^^^^^^^^^^^^^^^^^^^^^^^^^^^^^
  File "/Users/michaelkatschko/Projects/rettungswache-wachbuch/.venv/lib/python3.12/site-packages/django/template/base.py", line 166, in _render
    return self.nodelist.render(context)
           ^^^^^^^^^^^^^^^^^^^^^^^^^^^^^
  File "/Users/michaelkatschko/Projects/rettungswache-wachbuch/.venv/lib/python3.12/site-packages/django/template/base.py", line 1107, in render
    return SafeString("".join([node.render_annotated(context) for node in self]))
                               ^^^^^^^^^^^^^^^^^^^^^^^^^^^^^^
  File "/Users/michaelkatschko/Projects/rettungswache-wachbuch/.venv/lib/python3.12/site-packages/django/template/base.py", line 1068, in render_annotated
    return self.render(context)
           ^^^^^^^^^^^^^^^^^^^^
  File "/Users/michaelkatschko/Projects/rettungswache-wachbuch/.venv/lib/python3.12/site-packages/django/templatetags/static.py", line 116, in render
    url = self.url(context)
          ^^^^^^^^^^^^^^^^^
  File "/Users/michaelkatschko/Projects/rettungswache-wachbuch/.venv/lib/python3.12/site-packages/django/templatetags/static.py", line 113, in url
    return self.handle_simple(path)
           ^^^^^^^^^^^^^^^^^^^^^^^^
  File "/Users/michaelkatschko/Projects/rettungswache-wachbuch/.venv/lib/python3.12/site-packages/django/templatetags/static.py", line 129, in handle_simple
    return staticfiles_storage.url(path)
           ^^^^^^^^^^^^^^^^^^^^^^^^^^^^^
  File "/Users/michaelkatschko/Projects/rettungswache-wachbuch/.venv/lib/python3.12/site-packages/django/contrib/staticfiles/storage.py", line 235, in url
    return self._url(self.stored_name, name, force)
           ^^^^^^^^^^^^^^^^^^^^^^^^^^^^^^^^^^^^^^^^
  File "/Users/michaelkatschko/Projects/rettungswache-wachbuch/.venv/lib/python3.12/site-packages/django/contrib/staticfiles/storage.py", line 214, in _url
    hashed_name = hashed_name_func(*args)
                  ^^^^^^^^^^^^^^^^^^^^^^^
  File "/Users/michaelkatschko/Projects/rettungswache-wachbuch/.venv/lib/python3.12/site-packages/django/contrib/staticfiles/storage.py", line 601, in stored_name
    raise ValueError(
ValueError: Missing staticfiles manifest entry for 'core/icons/icon-192.png'

During handling of the above exception, another exception occurred:

Traceback (most recent call last):
  File "/Users/michaelkatschko/Projects/rettungswache-wachbuch/.venv/lib/python3.12/site-packages/django/core/handlers/exception.py", line 56, in inner
    response = get_response(request)
               ^^^^^^^^^^^^^^^^^^^^^
  File "/Users/michaelkatschko/Projects/rettungswache-wachbuch/.venv/lib/python3.12/site-packages/django/utils/deprecation.py", line 441, in __call__
    response = response or self.get_response(request)
                           ^^^^^^^^^^^^^^^^^^^^^^^^^^
  File "/Users/michaelkatschko/Projects/rettungswache-wachbuch/.venv/lib/python3.12/site-packages/django/core/handlers/exception.py", line 58, in inner
    response = response_for_exception(request, exc)
               ^^^^^^^^^^^^^^^^^^^^^^^^^^^^^^^^^^^^
  File "/Users/michaelkatschko/Projects/rettungswache-wachbuch/.venv/lib/python3.12/site-packages/django/core/handlers/exception.py", line 142, in response_for_exception
    response = handle_uncaught_exception(
               ^^^^^^^^^^^^^^^^^^^^^^^^^^
  File "/Users/michaelkatschko/Projects/rettungswache-wachbuch/.venv/lib/python3.12/site-packages/django/core/handlers/exception.py", line 187, in handle_uncaught_exception
    return callback(request)
           ^^^^^^^^^^^^^^^^^
  File "/Users/michaelkatschko/Projects/rettungswache-wachbuch/core/views.py", line 162, in server_error
    response = render(
               ^^^^^^^
  File "/Users/michaelkatschko/Projects/rettungswache-wachbuch/.venv/lib/python3.12/site-packages/django/shortcuts.py", line 27, in render
    content = loader.render_to_string(template_name, context, request, using=using)
              ^^^^^^^^^^^^^^^^^^^^^^^^^^^^^^^^^^^^^^^^^^^^^^^^^^^^^^^^^^^^^^^^^^^^^
  File "/Users/michaelkatschko/Projects/rettungswache-wachbuch/.venv/lib/python3.12/site-packages/django/template/loader.py", line 62, in render_to_string
    return template.render(context, request)
           ^^^^^^^^^^^^^^^^^^^^^^^^^^^^^^^^^
  File "/Users/michaelkatschko/Projects/rettungswache-wachbuch/.venv/lib/python3.12/site-packages/django/template/backends/django.py", line 107, in render
    return self.template.render(context)
           ^^^^^^^^^^^^^^^^^^^^^^^^^^^^^
  File "/Users/michaelkatschko/Projects/rettungswache-wachbuch/.venv/lib/python3.12/site-packages/django/template/base.py", line 174, in render
    return self._render(context)
           ^^^^^^^^^^^^^^^^^^^^^
  File "/Users/michaelkatschko/Projects/rettungswache-wachbuch/.venv/lib/python3.12/site-packages/django/template/base.py", line 166, in _render
    return self.nodelist.render(context)
           ^^^^^^^^^^^^^^^^^^^^^^^^^^^^^
  File "/Users/michaelkatschko/Projects/rettungswache-wachbuch/.venv/lib/python3.12/site-packages/django/template/base.py", line 1107, in render
    return SafeString("".join([node.render_annotated(context) for node in self]))
                               ^^^^^^^^^^^^^^^^^^^^^^^^^^^^^^
  File "/Users/michaelkatschko/Projects/rettungswache-wachbuch/.venv/lib/python3.12/site-packages/django/template/base.py", line 1068, in render_annotated
    return self.render(context)
           ^^^^^^^^^^^^^^^^^^^^
  File "/Users/michaelkatschko/Projects/rettungswache-wachbuch/.venv/lib/python3.12/site-packages/django/template/loader_tags.py", line 160, in render
    return compiled_parent._render(context)
           ^^^^^^^^^^^^^^^^^^^^^^^^^^^^^^^^
  File "/Users/michaelkatschko/Projects/rettungswache-wachbuch/.venv/lib/python3.12/site-packages/django/template/base.py", line 166, in _render
    return self.nodelist.render(context)
           ^^^^^^^^^^^^^^^^^^^^^^^^^^^^^
  File "/Users/michaelkatschko/Projects/rettungswache-wachbuch/.venv/lib/python3.12/site-packages/django/template/base.py", line 1107, in render
    return SafeString("".join([node.render_annotated(context) for node in self]))
                               ^^^^^^^^^^^^^^^^^^^^^^^^^^^^^^
  File "/Users/michaelkatschko/Projects/rettungswache-wachbuch/.venv/lib/python3.12/site-packages/django/template/base.py", line 1068, in render_annotated
    return self.render(context)
           ^^^^^^^^^^^^^^^^^^^^
  File "/Users/michaelkatschko/Projects/rettungswache-wachbuch/.venv/lib/python3.12/site-packages/django/templatetags/static.py", line 116, in render
    url = self.url(context)
          ^^^^^^^^^^^^^^^^^
  File "/Users/michaelkatschko/Projects/rettungswache-wachbuch/.venv/lib/python3.12/site-packages/django/templatetags/static.py", line 113, in url
    return self.handle_simple(path)
           ^^^^^^^^^^^^^^^^^^^^^^^^
  File "/Users/michaelkatschko/Projects/rettungswache-wachbuch/.venv/lib/python3.12/site-packages/django/templatetags/static.py", line 129, in handle_simple
    return staticfiles_storage.url(path)
           ^^^^^^^^^^^^^^^^^^^^^^^^^^^^^
  File "/Users/michaelkatschko/Projects/rettungswache-wachbuch/.venv/lib/python3.12/site-packages/django/contrib/staticfiles/storage.py", line 235, in url
    return self._url(self.stored_name, name, force)
           ^^^^^^^^^^^^^^^^^^^^^^^^^^^^^^^^^^^^^^^^
  File "/Users/michaelkatschko/Projects/rettungswache-wachbuch/.venv/lib/python3.12/site-packages/django/contrib/staticfiles/storage.py", line 214, in _url
    hashed_name = hashed_name_func(*args)
                  ^^^^^^^^^^^^^^^^^^^^^^^
  File "/Users/michaelkatschko/Projects/rettungswache-wachbuch/.venv/lib/python3.12/site-packages/django/contrib/staticfiles/storage.py", line 601, in stored_name
    raise ValueError(
ValueError: Missing staticfiles manifest entry for 'core/icons/icon-192.png'

During handling of the above exception, another exception occurred:

Traceback (most recent call last):
  File "/Users/michaelkatschko/Projects/rettungswache-wachbuch/.venv/lib/python3.12/site-packages/gunicorn/workers/sync.py", line 141, in handle
    self.handle_request(listener, req, client, addr)
  File "/Users/michaelkatschko/Projects/rettungswache-wachbuch/.venv/lib/python3.12/site-packages/gunicorn/workers/sync.py", line 184, in handle_request
    respiter = self.wsgi(environ, resp.start_response)
               ^^^^^^^^^^^^^^^^^^^^^^^^^^^^^^^^^^^^^^^
  File "/Users/michaelkatschko/Projects/rettungswache-wachbuch/.venv/lib/python3.12/site-packages/django/core/handlers/wsgi.py", line 124, in __call__
    response = self.get_response(request)
               ^^^^^^^^^^^^^^^^^^^^^^^^^^
  File "/Users/michaelkatschko/Projects/rettungswache-wachbuch/.venv/lib/python3.12/site-packages/django/core/handlers/base.py", line 142, in get_response
    response = self._middleware_chain(request)
               ^^^^^^^^^^^^^^^^^^^^^^^^^^^^^^^
  File "/Users/michaelkatschko/Projects/rettungswache-wachbuch/.venv/lib/python3.12/site-packages/django/core/handlers/exception.py", line 58, in inner
    response = response_for_exception(request, exc)
               ^^^^^^^^^^^^^^^^^^^^^^^^^^^^^^^^^^^^
  File "/Users/michaelkatschko/Projects/rettungswache-wachbuch/.venv/lib/python3.12/site-packages/django/core/handlers/exception.py", line 142, in response_for_exception
    response = handle_uncaught_exception(
               ^^^^^^^^^^^^^^^^^^^^^^^^^^
  File "/Users/michaelkatschko/Projects/rettungswache-wachbuch/.venv/lib/python3.12/site-packages/django/core/handlers/exception.py", line 187, in handle_uncaught_exception
    return callback(request)
           ^^^^^^^^^^^^^^^^^
  File "/Users/michaelkatschko/Projects/rettungswache-wachbuch/core/views.py", line 162, in server_error
    response = render(
               ^^^^^^^
  File "/Users/michaelkatschko/Projects/rettungswache-wachbuch/.venv/lib/python3.12/site-packages/django/shortcuts.py", line 27, in render
    content = loader.render_to_string(template_name, context, request, using=using)
              ^^^^^^^^^^^^^^^^^^^^^^^^^^^^^^^^^^^^^^^^^^^^^^^^^^^^^^^^^^^^^^^^^^^^^
  File "/Users/michaelkatschko/Projects/rettungswache-wachbuch/.venv/lib/python3.12/site-packages/django/template/loader.py", line 62, in render_to_string
    return template.render(context, request)
           ^^^^^^^^^^^^^^^^^^^^^^^^^^^^^^^^^
  File "/Users/michaelkatschko/Projects/rettungswache-wachbuch/.venv/lib/python3.12/site-packages/django/template/backends/django.py", line 107, in render
    return self.template.render(context)
           ^^^^^^^^^^^^^^^^^^^^^^^^^^^^^
  File "/Users/michaelkatschko/Projects/rettungswache-wachbuch/.venv/lib/python3.12/site-packages/django/template/base.py", line 174, in render
    return self._render(context)
           ^^^^^^^^^^^^^^^^^^^^^
  File "/Users/michaelkatschko/Projects/rettungswache-wachbuch/.venv/lib/python3.12/site-packages/django/template/base.py", line 166, in _render
    return self.nodelist.render(context)
           ^^^^^^^^^^^^^^^^^^^^^^^^^^^^^
  File "/Users/michaelkatschko/Projects/rettungswache-wachbuch/.venv/lib/python3.12/site-packages/django/template/base.py", line 1107, in render
    return SafeString("".join([node.render_annotated(context) for node in self]))
                               ^^^^^^^^^^^^^^^^^^^^^^^^^^^^^^
  File "/Users/michaelkatschko/Projects/rettungswache-wachbuch/.venv/lib/python3.12/site-packages/django/template/base.py", line 1068, in render_annotated
    return self.render(context)
           ^^^^^^^^^^^^^^^^^^^^
  File "/Users/michaelkatschko/Projects/rettungswache-wachbuch/.venv/lib/python3.12/site-packages/django/template/loader_tags.py", line 160, in render
    return compiled_parent._render(context)
           ^^^^^^^^^^^^^^^^^^^^^^^^^^^^^^^^
  File "/Users/michaelkatschko/Projects/rettungswache-wachbuch/.venv/lib/python3.12/site-packages/django/template/base.py", line 166, in _render
    return self.nodelist.render(context)
           ^^^^^^^^^^^^^^^^^^^^^^^^^^^^^
  File "/Users/michaelkatschko/Projects/rettungswache-wachbuch/.venv/lib/python3.12/site-packages/django/template/base.py", line 1107, in render
    return SafeString("".join([node.render_annotated(context) for node in self]))
                               ^^^^^^^^^^^^^^^^^^^^^^^^^^^^^^
  File "/Users/michaelkatschko/Projects/rettungswache-wachbuch/.venv/lib/python3.12/site-packages/django/template/base.py", line 1068, in render_annotated
    return self.render(context)
           ^^^^^^^^^^^^^^^^^^^^
  File "/Users/michaelkatschko/Projects/rettungswache-wachbuch/.venv/lib/python3.12/site-packages/django/templatetags/static.py", line 116, in render
    url = self.url(context)
          ^^^^^^^^^^^^^^^^^
  File "/Users/michaelkatschko/Projects/rettungswache-wachbuch/.venv/lib/python3.12/site-packages/django/templatetags/static.py", line 113, in url
    return self.handle_simple(path)
           ^^^^^^^^^^^^^^^^^^^^^^^^
  File "/Users/michaelkatschko/Projects/rettungswache-wachbuch/.venv/lib/python3.12/site-packages/django/templatetags/static.py", line 129, in handle_simple
    return staticfiles_storage.url(path)
           ^^^^^^^^^^^^^^^^^^^^^^^^^^^^^
  File "/Users/michaelkatschko/Projects/rettungswache-wachbuch/.venv/lib/python3.12/site-packages/django/contrib/staticfiles/storage.py", line 235, in url
    return self._url(self.stored_name, name, force)
           ^^^^^^^^^^^^^^^^^^^^^^^^^^^^^^^^^^^^^^^^
  File "/Users/michaelkatschko/Projects/rettungswache-wachbuch/.venv/lib/python3.12/site-packages/django/contrib/staticfiles/storage.py", line 214, in _url
    hashed_name = hashed_name_func(*args)
                  ^^^^^^^^^^^^^^^^^^^^^^^
  File "/Users/michaelkatschko/Projects/rettungswache-wachbuch/.venv/lib/python3.12/site-packages/django/contrib/staticfiles/storage.py", line 601, in stored_name
    raise ValueError(
ValueError: Missing staticfiles manifest entry for 'core/icons/icon-192.png'
127.0.0.1 - - [13/Aug/2026:09:49:05 +0200] "POST /anmeldung/ HTTP/1.1" 500 0 "-" "-"
2026-08-13 09:49:05,892 INFO wachbuch.requests request_started method=GET path=/ correlation_id=2884d6a57334434cba277a62def4fc7c
2026-08-13 09:49:05,893 ERROR wachbuch.errors unhandled_exception message=handler500 method=GET path=/ correlation_id=2884d6a57334434cba277a62def4fc7c
2026-08-13 09:49:05,894 ERROR wachbuch.errors unhandled_exception message=handler500 method=GET path=/ correlation_id=2884d6a57334434cba277a62def4fc7c
2026-08-13 09:49:05,894 ERROR wachbuch.errors unhandled_exception message=handler500 method=GET path=/ correlation_id=2884d6a57334434cba277a62def4fc7c
2026-08-13 09:49:05,895 ERROR wachbuch.errors unhandled_exception message=handler500 method=GET path=/ correlation_id=2884d6a57334434cba277a62def4fc7c
2026-08-13 09:49:05,895 ERROR wachbuch.errors unhandled_exception message=request_failed method=GET path=/ correlation_id=2884d6a57334434cba277a62def4fc7c
2026-08-13 09:49:05,895 ERROR wachbuch.errors unhandled_exception message=handler500 method=GET path=/ correlation_id=2884d6a57334434cba277a62def4fc7c
2026-08-13 09:49:05,895 ERROR wachbuch.errors unhandled_exception message=handler500 method=GET path=/ correlation_id=2884d6a57334434cba277a62def4fc7c
2026-08-13 09:49:05,896 ERROR wachbuch.errors unhandled_exception message=handler500 method=GET path=/ correlation_id=2884d6a57334434cba277a62def4fc7c
2026-08-13 09:49:05,896 ERROR wachbuch.errors unhandled_exception message=handler500 method=GET path=/ correlation_id=2884d6a57334434cba277a62def4fc7c
2026-08-13 09:49:05,897 ERROR wachbuch.errors unhandled_exception message=handler500 method=GET path=/ correlation_id=2884d6a57334434cba277a62def4fc7c
2026-08-13 09:49:05,897 ERROR wachbuch.errors unhandled_exception message=handler500 method=GET path=/ correlation_id=2884d6a57334434cba277a62def4fc7c
2026-08-13 09:49:05,898 ERROR wachbuch.errors unhandled_exception message=handler500 method=GET path=/ correlation_id=2884d6a57334434cba277a62def4fc7c
2026-08-13 09:49:05,898 ERROR wachbuch.errors unhandled_exception message=handler500 method=GET path=/ correlation_id=2884d6a57334434cba277a62def4fc7c
2026-08-13 09:49:05,898 ERROR wachbuch.errors unhandled_exception message=handler500 method=GET path=/ correlation_id=2884d6a57334434cba277a62def4fc7c
[2026-08-13 09:49:05 +0200] [58345] [ERROR] Error handling request GET /
Traceback (most recent call last):
  File "/Users/michaelkatschko/Projects/rettungswache-wachbuch/.venv/lib/python3.12/site-packages/django/core/handlers/exception.py", line 56, in inner
    response = get_response(request)
               ^^^^^^^^^^^^^^^^^^^^^
  File "/Users/michaelkatschko/Projects/rettungswache-wachbuch/.venv/lib/python3.12/site-packages/django/core/handlers/base.py", line 199, in _get_response
    response = wrapped_callback(request, *callback_args, **callback_kwargs)
               ^^^^^^^^^^^^^^^^^^^^^^^^^^^^^^^^^^^^^^^^^^^^^^^^^^^^^^^^^^^^
  File "/Users/michaelkatschko/Projects/rettungswache-wachbuch/.venv/lib/python3.12/site-packages/django/views/decorators/http.py", line 63, in inner
    return func(request, *args, **kwargs)
           ^^^^^^^^^^^^^^^^^^^^^^^^^^^^^^
  File "/Users/michaelkatschko/Projects/rettungswache-wachbuch/core/views.py", line 343, in landing
    return render(request, "core/landing.html")
           ^^^^^^^^^^^^^^^^^^^^^^^^^^^^^^^^^^^^
  File "/Users/michaelkatschko/Projects/rettungswache-wachbuch/.venv/lib/python3.12/site-packages/django/shortcuts.py", line 27, in render
    content = loader.render_to_string(template_name, context, request, using=using)
              ^^^^^^^^^^^^^^^^^^^^^^^^^^^^^^^^^^^^^^^^^^^^^^^^^^^^^^^^^^^^^^^^^^^^^
  File "/Users/michaelkatschko/Projects/rettungswache-wachbuch/.venv/lib/python3.12/site-packages/django/template/loader.py", line 62, in render_to_string
    return template.render(context, request)
           ^^^^^^^^^^^^^^^^^^^^^^^^^^^^^^^^^
  File "/Users/michaelkatschko/Projects/rettungswache-wachbuch/.venv/lib/python3.12/site-packages/django/template/backends/django.py", line 107, in render
    return self.template.render(context)
           ^^^^^^^^^^^^^^^^^^^^^^^^^^^^^
  File "/Users/michaelkatschko/Projects/rettungswache-wachbuch/.venv/lib/python3.12/site-packages/django/template/base.py", line 174, in render
    return self._render(context)
           ^^^^^^^^^^^^^^^^^^^^^
  File "/Users/michaelkatschko/Projects/rettungswache-wachbuch/.venv/lib/python3.12/site-packages/django/template/base.py", line 166, in _render
    return self.nodelist.render(context)
           ^^^^^^^^^^^^^^^^^^^^^^^^^^^^^
  File "/Users/michaelkatschko/Projects/rettungswache-wachbuch/.venv/lib/python3.12/site-packages/django/template/base.py", line 1107, in render
    return SafeString("".join([node.render_annotated(context) for node in self]))
                               ^^^^^^^^^^^^^^^^^^^^^^^^^^^^^^
  File "/Users/michaelkatschko/Projects/rettungswache-wachbuch/.venv/lib/python3.12/site-packages/django/template/base.py", line 1068, in render_annotated
    return self.render(context)
           ^^^^^^^^^^^^^^^^^^^^
  File "/Users/michaelkatschko/Projects/rettungswache-wachbuch/.venv/lib/python3.12/site-packages/django/template/loader_tags.py", line 160, in render
    return compiled_parent._render(context)
           ^^^^^^^^^^^^^^^^^^^^^^^^^^^^^^^^
  File "/Users/michaelkatschko/Projects/rettungswache-wachbuch/.venv/lib/python3.12/site-packages/django/template/base.py", line 166, in _render
    return self.nodelist.render(context)
           ^^^^^^^^^^^^^^^^^^^^^^^^^^^^^
  File "/Users/michaelkatschko/Projects/rettungswache-wachbuch/.venv/lib/python3.12/site-packages/django/template/base.py", line 1107, in render
    return SafeString("".join([node.render_annotated(context) for node in self]))
                               ^^^^^^^^^^^^^^^^^^^^^^^^^^^^^^
  File "/Users/michaelkatschko/Projects/rettungswache-wachbuch/.venv/lib/python3.12/site-packages/django/template/base.py", line 1068, in render_annotated
    return self.render(context)
           ^^^^^^^^^^^^^^^^^^^^
  File "/Users/michaelkatschko/Projects/rettungswache-wachbuch/.venv/lib/python3.12/site-packages/django/templatetags/static.py", line 116, in render
    url = self.url(context)
          ^^^^^^^^^^^^^^^^^
  File "/Users/michaelkatschko/Projects/rettungswache-wachbuch/.venv/lib/python3.12/site-packages/django/templatetags/static.py", line 113, in url
    return self.handle_simple(path)
           ^^^^^^^^^^^^^^^^^^^^^^^^
  File "/Users/michaelkatschko/Projects/rettungswache-wachbuch/.venv/lib/python3.12/site-packages/django/templatetags/static.py", line 129, in handle_simple
    return staticfiles_storage.url(path)
           ^^^^^^^^^^^^^^^^^^^^^^^^^^^^^
  File "/Users/michaelkatschko/Projects/rettungswache-wachbuch/.venv/lib/python3.12/site-packages/django/contrib/staticfiles/storage.py", line 235, in url
    return self._url(self.stored_name, name, force)
           ^^^^^^^^^^^^^^^^^^^^^^^^^^^^^^^^^^^^^^^^
  File "/Users/michaelkatschko/Projects/rettungswache-wachbuch/.venv/lib/python3.12/site-packages/django/contrib/staticfiles/storage.py", line 214, in _url
    hashed_name = hashed_name_func(*args)
                  ^^^^^^^^^^^^^^^^^^^^^^^
  File "/Users/michaelkatschko/Projects/rettungswache-wachbuch/.venv/lib/python3.12/site-packages/django/contrib/staticfiles/storage.py", line 601, in stored_name
    raise ValueError(
ValueError: Missing staticfiles manifest entry for 'core/icons/icon-192.png'

During handling of the above exception, another exception occurred:

Traceback (most recent call last):
  File "/Users/michaelkatschko/Projects/rettungswache-wachbuch/.venv/lib/python3.12/site-packages/django/core/handlers/exception.py", line 56, in inner
    response = get_response(request)
               ^^^^^^^^^^^^^^^^^^^^^
  File "/Users/michaelkatschko/Projects/rettungswache-wachbuch/.venv/lib/python3.12/site-packages/axes/middleware.py", line 47, in __call__
    response = self.get_response(request)
               ^^^^^^^^^^^^^^^^^^^^^^^^^^
  File "/Users/michaelkatschko/Projects/rettungswache-wachbuch/.venv/lib/python3.12/site-packages/django/core/handlers/exception.py", line 58, in inner
    response = response_for_exception(request, exc)
               ^^^^^^^^^^^^^^^^^^^^^^^^^^^^^^^^^^^^
  File "/Users/michaelkatschko/Projects/rettungswache-wachbuch/.venv/lib/python3.12/site-packages/django/core/handlers/exception.py", line 142, in response_for_exception
    response = handle_uncaught_exception(
               ^^^^^^^^^^^^^^^^^^^^^^^^^^
  File "/Users/michaelkatschko/Projects/rettungswache-wachbuch/.venv/lib/python3.12/site-packages/django/core/handlers/exception.py", line 187, in handle_uncaught_exception
    return callback(request)
           ^^^^^^^^^^^^^^^^^
  File "/Users/michaelkatschko/Projects/rettungswache-wachbuch/core/views.py", line 162, in server_error
    response = render(
               ^^^^^^^
  File "/Users/michaelkatschko/Projects/rettungswache-wachbuch/.venv/lib/python3.12/site-packages/django/shortcuts.py", line 27, in render
    content = loader.render_to_string(template_name, context, request, using=using)
              ^^^^^^^^^^^^^^^^^^^^^^^^^^^^^^^^^^^^^^^^^^^^^^^^^^^^^^^^^^^^^^^^^^^^^
  File "/Users/michaelkatschko/Projects/rettungswache-wachbuch/.venv/lib/python3.12/site-packages/django/template/loader.py", line 62, in render_to_string
    return template.render(context, request)
           ^^^^^^^^^^^^^^^^^^^^^^^^^^^^^^^^^
  File "/Users/michaelkatschko/Projects/rettungswache-wachbuch/.venv/lib/python3.12/site-packages/django/template/backends/django.py", line 107, in render
    return self.template.render(context)
           ^^^^^^^^^^^^^^^^^^^^^^^^^^^^^
  File "/Users/michaelkatschko/Projects/rettungswache-wachbuch/.venv/lib/python3.12/site-packages/django/template/base.py", line 174, in render
    return self._render(context)
           ^^^^^^^^^^^^^^^^^^^^^
  File "/Users/michaelkatschko/Projects/rettungswache-wachbuch/.venv/lib/python3.12/site-packages/django/template/base.py", line 166, in _render
    return self.nodelist.render(context)
           ^^^^^^^^^^^^^^^^^^^^^^^^^^^^^
  File "/Users/michaelkatschko/Projects/rettungswache-wachbuch/.venv/lib/python3.12/site-packages/django/template/base.py", line 1107, in render
    return SafeString("".join([node.render_annotated(context) for node in self]))
                               ^^^^^^^^^^^^^^^^^^^^^^^^^^^^^^
  File "/Users/michaelkatschko/Projects/rettungswache-wachbuch/.venv/lib/python3.12/site-packages/django/template/base.py", line 1068, in render_annotated
    return self.render(context)
           ^^^^^^^^^^^^^^^^^^^^
  File "/Users/michaelkatschko/Projects/rettungswache-wachbuch/.venv/lib/python3.12/site-packages/django/template/loader_tags.py", line 160, in render
    return compiled_parent._render(context)
           ^^^^^^^^^^^^^^^^^^^^^^^^^^^^^^^^
  File "/Users/michaelkatschko/Projects/rettungswache-wachbuch/.venv/lib/python3.12/site-packages/django/template/base.py", line 166, in _render
    return self.nodelist.render(context)
           ^^^^^^^^^^^^^^^^^^^^^^^^^^^^^
  File "/Users/michaelkatschko/Projects/rettungswache-wachbuch/.venv/lib/python3.12/site-packages/django/template/base.py", line 1107, in render
    return SafeString("".join([node.render_annotated(context) for node in self]))
                               ^^^^^^^^^^^^^^^^^^^^^^^^^^^^^^
  File "/Users/michaelkatschko/Projects/rettungswache-wachbuch/.venv/lib/python3.12/site-packages/django/template/base.py", line 1068, in render_annotated
    return self.render(context)
           ^^^^^^^^^^^^^^^^^^^^
  File "/Users/michaelkatschko/Projects/rettungswache-wachbuch/.venv/lib/python3.12/site-packages/django/templatetags/static.py", line 116, in render
    url = self.url(context)
          ^^^^^^^^^^^^^^^^^
  File "/Users/michaelkatschko/Projects/rettungswache-wachbuch/.venv/lib/python3.12/site-packages/django/templatetags/static.py", line 113, in url
    return self.handle_simple(path)
           ^^^^^^^^^^^^^^^^^^^^^^^^
  File "/Users/michaelkatschko/Projects/rettungswache-wachbuch/.venv/lib/python3.12/site-packages/django/templatetags/static.py", line 129, in handle_simple
    return staticfiles_storage.url(path)
           ^^^^^^^^^^^^^^^^^^^^^^^^^^^^^
  File "/Users/michaelkatschko/Projects/rettungswache-wachbuch/.venv/lib/python3.12/site-packages/django/contrib/staticfiles/storage.py", line 235, in url
    return self._url(self.stored_name, name, force)
           ^^^^^^^^^^^^^^^^^^^^^^^^^^^^^^^^^^^^^^^^
  File "/Users/michaelkatschko/Projects/rettungswache-wachbuch/.venv/lib/python3.12/site-packages/django/contrib/staticfiles/storage.py", line 214, in _url
    hashed_name = hashed_name_func(*args)
                  ^^^^^^^^^^^^^^^^^^^^^^^
  File "/Users/michaelkatschko/Projects/rettungswache-wachbuch/.venv/lib/python3.12/site-packages/django/contrib/staticfiles/storage.py", line 601, in stored_name
    raise ValueError(
ValueError: Missing staticfiles manifest entry for 'core/icons/icon-192.png'

During handling of the above exception, another exception occurred:

Traceback (most recent call last):
  File "/Users/michaelkatschko/Projects/rettungswache-wachbuch/.venv/lib/python3.12/site-packages/django/core/handlers/exception.py", line 56, in inner
    response = get_response(request)
               ^^^^^^^^^^^^^^^^^^^^^
  File "/Users/michaelkatschko/Projects/rettungswache-wachbuch/core/middleware.py", line 90, in __call__
    return self.get_response(request)
           ^^^^^^^^^^^^^^^^^^^^^^^^^^
  File "/Users/michaelkatschko/Projects/rettungswache-wachbuch/.venv/lib/python3.12/site-packages/django/core/handlers/exception.py", line 58, in inner
    response = response_for_exception(request, exc)
               ^^^^^^^^^^^^^^^^^^^^^^^^^^^^^^^^^^^^
  File "/Users/michaelkatschko/Projects/rettungswache-wachbuch/.venv/lib/python3.12/site-packages/django/core/handlers/exception.py", line 142, in response_for_exception
    response = handle_uncaught_exception(
               ^^^^^^^^^^^^^^^^^^^^^^^^^^
  File "/Users/michaelkatschko/Projects/rettungswache-wachbuch/.venv/lib/python3.12/site-packages/django/core/handlers/exception.py", line 187, in handle_uncaught_exception
    return callback(request)
           ^^^^^^^^^^^^^^^^^
  File "/Users/michaelkatschko/Projects/rettungswache-wachbuch/core/views.py", line 162, in server_error
    response = render(
               ^^^^^^^
  File "/Users/michaelkatschko/Projects/rettungswache-wachbuch/.venv/lib/python3.12/site-packages/django/shortcuts.py", line 27, in render
    content = loader.render_to_string(template_name, context, request, using=using)
              ^^^^^^^^^^^^^^^^^^^^^^^^^^^^^^^^^^^^^^^^^^^^^^^^^^^^^^^^^^^^^^^^^^^^^
  File "/Users/michaelkatschko/Projects/rettungswache-wachbuch/.venv/lib/python3.12/site-packages/django/template/loader.py", line 62, in render_to_string
    return template.render(context, request)
           ^^^^^^^^^^^^^^^^^^^^^^^^^^^^^^^^^
  File "/Users/michaelkatschko/Projects/rettungswache-wachbuch/.venv/lib/python3.12/site-packages/django/template/backends/django.py", line 107, in render
    return self.template.render(context)
           ^^^^^^^^^^^^^^^^^^^^^^^^^^^^^
  File "/Users/michaelkatschko/Projects/rettungswache-wachbuch/.venv/lib/python3.12/site-packages/django/template/base.py", line 174, in render
    return self._render(context)
           ^^^^^^^^^^^^^^^^^^^^^
  File "/Users/michaelkatschko/Projects/rettungswache-wachbuch/.venv/lib/python3.12/site-packages/django/template/base.py", line 166, in _render
    return self.nodelist.render(context)
           ^^^^^^^^^^^^^^^^^^^^^^^^^^^^^
  File "/Users/michaelkatschko/Projects/rettungswache-wachbuch/.venv/lib/python3.12/site-packages/django/template/base.py", line 1107, in render
    return SafeString("".join([node.render_annotated(context) for node in self]))
                               ^^^^^^^^^^^^^^^^^^^^^^^^^^^^^^
  File "/Users/michaelkatschko/Projects/rettungswache-wachbuch/.venv/lib/python3.12/site-packages/django/template/base.py", line 1068, in render_annotated
    return self.render(context)
           ^^^^^^^^^^^^^^^^^^^^
  File "/Users/michaelkatschko/Projects/rettungswache-wachbuch/.venv/lib/python3.12/site-packages/django/template/loader_tags.py", line 160, in render
    return compiled_parent._render(context)
           ^^^^^^^^^^^^^^^^^^^^^^^^^^^^^^^^
  File "/Users/michaelkatschko/Projects/rettungswache-wachbuch/.venv/lib/python3.12/site-packages/django/template/base.py", line 166, in _render
    return self.nodelist.render(context)
           ^^^^^^^^^^^^^^^^^^^^^^^^^^^^^
  File "/Users/michaelkatschko/Projects/rettungswache-wachbuch/.venv/lib/python3.12/site-packages/django/template/base.py", line 1107, in render
    return SafeString("".join([node.render_annotated(context) for node in self]))
                               ^^^^^^^^^^^^^^^^^^^^^^^^^^^^^^
  File "/Users/michaelkatschko/Projects/rettungswache-wachbuch/.venv/lib/python3.12/site-packages/django/template/base.py", line 1068, in render_annotated
    return self.render(context)
           ^^^^^^^^^^^^^^^^^^^^
  File "/Users/michaelkatschko/Projects/rettungswache-wachbuch/.venv/lib/python3.12/site-packages/django/templatetags/static.py", line 116, in render
    url = self.url(context)
          ^^^^^^^^^^^^^^^^^
  File "/Users/michaelkatschko/Projects/rettungswache-wachbuch/.venv/lib/python3.12/site-packages/django/templatetags/static.py", line 113, in url
    return self.handle_simple(path)
           ^^^^^^^^^^^^^^^^^^^^^^^^
  File "/Users/michaelkatschko/Projects/rettungswache-wachbuch/.venv/lib/python3.12/site-packages/django/templatetags/static.py", line 129, in handle_simple
    return staticfiles_storage.url(path)
           ^^^^^^^^^^^^^^^^^^^^^^^^^^^^^
  File "/Users/michaelkatschko/Projects/rettungswache-wachbuch/.venv/lib/python3.12/site-packages/django/contrib/staticfiles/storage.py", line 235, in url
    return self._url(self.stored_name, name, force)
           ^^^^^^^^^^^^^^^^^^^^^^^^^^^^^^^^^^^^^^^^
  File "/Users/michaelkatschko/Projects/rettungswache-wachbuch/.venv/lib/python3.12/site-packages/django/contrib/staticfiles/storage.py", line 214, in _url
    hashed_name = hashed_name_func(*args)
                  ^^^^^^^^^^^^^^^^^^^^^^^
  File "/Users/michaelkatschko/Projects/rettungswache-wachbuch/.venv/lib/python3.12/site-packages/django/contrib/staticfiles/storage.py", line 601, in stored_name
    raise ValueError(
ValueError: Missing staticfiles manifest entry for 'core/icons/icon-192.png'

During handling of the above exception, another exception occurred:

Traceback (most recent call last):
  File "/Users/michaelkatschko/Projects/rettungswache-wachbuch/.venv/lib/python3.12/site-packages/django/core/handlers/exception.py", line 56, in inner
    response = get_response(request)
               ^^^^^^^^^^^^^^^^^^^^^
  File "/Users/michaelkatschko/Projects/rettungswache-wachbuch/core/middleware.py", line 28, in __call__
    response = self.get_response(request)
               ^^^^^^^^^^^^^^^^^^^^^^^^^^
  File "/Users/michaelkatschko/Projects/rettungswache-wachbuch/.venv/lib/python3.12/site-packages/django/core/handlers/exception.py", line 58, in inner
    response = response_for_exception(request, exc)
               ^^^^^^^^^^^^^^^^^^^^^^^^^^^^^^^^^^^^
  File "/Users/michaelkatschko/Projects/rettungswache-wachbuch/.venv/lib/python3.12/site-packages/django/core/handlers/exception.py", line 142, in response_for_exception
    response = handle_uncaught_exception(
               ^^^^^^^^^^^^^^^^^^^^^^^^^^
  File "/Users/michaelkatschko/Projects/rettungswache-wachbuch/.venv/lib/python3.12/site-packages/django/core/handlers/exception.py", line 187, in handle_uncaught_exception
    return callback(request)
           ^^^^^^^^^^^^^^^^^
  File "/Users/michaelkatschko/Projects/rettungswache-wachbuch/core/views.py", line 162, in server_error
    response = render(
               ^^^^^^^
  File "/Users/michaelkatschko/Projects/rettungswache-wachbuch/.venv/lib/python3.12/site-packages/django/shortcuts.py", line 27, in render
    content = loader.render_to_string(template_name, context, request, using=using)
              ^^^^^^^^^^^^^^^^^^^^^^^^^^^^^^^^^^^^^^^^^^^^^^^^^^^^^^^^^^^^^^^^^^^^^
  File "/Users/michaelkatschko/Projects/rettungswache-wachbuch/.venv/lib/python3.12/site-packages/django/template/loader.py", line 62, in render_to_string
    return template.render(context, request)
           ^^^^^^^^^^^^^^^^^^^^^^^^^^^^^^^^^
  File "/Users/michaelkatschko/Projects/rettungswache-wachbuch/.venv/lib/python3.12/site-packages/django/template/backends/django.py", line 107, in render
    return self.template.render(context)
           ^^^^^^^^^^^^^^^^^^^^^^^^^^^^^
  File "/Users/michaelkatschko/Projects/rettungswache-wachbuch/.venv/lib/python3.12/site-packages/django/template/base.py", line 174, in render
    return self._render(context)
           ^^^^^^^^^^^^^^^^^^^^^
  File "/Users/michaelkatschko/Projects/rettungswache-wachbuch/.venv/lib/python3.12/site-packages/django/template/base.py", line 166, in _render
    return self.nodelist.render(context)
           ^^^^^^^^^^^^^^^^^^^^^^^^^^^^^
  File "/Users/michaelkatschko/Projects/rettungswache-wachbuch/.venv/lib/python3.12/site-packages/django/template/base.py", line 1107, in render
    return SafeString("".join([node.render_annotated(context) for node in self]))
                               ^^^^^^^^^^^^^^^^^^^^^^^^^^^^^^
  File "/Users/michaelkatschko/Projects/rettungswache-wachbuch/.venv/lib/python3.12/site-packages/django/template/base.py", line 1068, in render_annotated
    return self.render(context)
           ^^^^^^^^^^^^^^^^^^^^
  File "/Users/michaelkatschko/Projects/rettungswache-wachbuch/.venv/lib/python3.12/site-packages/django/template/loader_tags.py", line 160, in render
    return compiled_parent._render(context)
           ^^^^^^^^^^^^^^^^^^^^^^^^^^^^^^^^
  File "/Users/michaelkatschko/Projects/rettungswache-wachbuch/.venv/lib/python3.12/site-packages/django/template/base.py", line 166, in _render
    return self.nodelist.render(context)
           ^^^^^^^^^^^^^^^^^^^^^^^^^^^^^
  File "/Users/michaelkatschko/Projects/rettungswache-wachbuch/.venv/lib/python3.12/site-packages/django/template/base.py", line 1107, in render
    return SafeString("".join([node.render_annotated(context) for node in self]))
                               ^^^^^^^^^^^^^^^^^^^^^^^^^^^^^^
  File "/Users/michaelkatschko/Projects/rettungswache-wachbuch/.venv/lib/python3.12/site-packages/django/template/base.py", line 1068, in render_annotated
    return self.render(context)
           ^^^^^^^^^^^^^^^^^^^^
  File "/Users/michaelkatschko/Projects/rettungswache-wachbuch/.venv/lib/python3.12/site-packages/django/templatetags/static.py", line 116, in render
    url = self.url(context)
          ^^^^^^^^^^^^^^^^^
  File "/Users/michaelkatschko/Projects/rettungswache-wachbuch/.venv/lib/python3.12/site-packages/django/templatetags/static.py", line 113, in url
    return self.handle_simple(path)
           ^^^^^^^^^^^^^^^^^^^^^^^^
  File "/Users/michaelkatschko/Projects/rettungswache-wachbuch/.venv/lib/python3.12/site-packages/django/templatetags/static.py", line 129, in handle_simple
    return staticfiles_storage.url(path)
           ^^^^^^^^^^^^^^^^^^^^^^^^^^^^^
  File "/Users/michaelkatschko/Projects/rettungswache-wachbuch/.venv/lib/python3.12/site-packages/django/contrib/staticfiles/storage.py", line 235, in url
    return self._url(self.stored_name, name, force)
           ^^^^^^^^^^^^^^^^^^^^^^^^^^^^^^^^^^^^^^^^
  File "/Users/michaelkatschko/Projects/rettungswache-wachbuch/.venv/lib/python3.12/site-packages/django/contrib/staticfiles/storage.py", line 214, in _url
    hashed_name = hashed_name_func(*args)
                  ^^^^^^^^^^^^^^^^^^^^^^^
  File "/Users/michaelkatschko/Projects/rettungswache-wachbuch/.venv/lib/python3.12/site-packages/django/contrib/staticfiles/storage.py", line 601, in stored_name
    raise ValueError(
ValueError: Missing staticfiles manifest entry for 'core/icons/icon-192.png'

During handling of the above exception, another exception occurred:

Traceback (most recent call last):
  File "/Users/michaelkatschko/Projects/rettungswache-wachbuch/.venv/lib/python3.12/site-packages/django/core/handlers/exception.py", line 56, in inner
    response = get_response(request)
               ^^^^^^^^^^^^^^^^^^^^^
  File "/Users/michaelkatschko/Projects/rettungswache-wachbuch/core/middleware.py", line 76, in __call__
    response = self.get_response(request)
               ^^^^^^^^^^^^^^^^^^^^^^^^^^
  File "/Users/michaelkatschko/Projects/rettungswache-wachbuch/.venv/lib/python3.12/site-packages/django/core/handlers/exception.py", line 58, in inner
    response = response_for_exception(request, exc)
               ^^^^^^^^^^^^^^^^^^^^^^^^^^^^^^^^^^^^
  File "/Users/michaelkatschko/Projects/rettungswache-wachbuch/.venv/lib/python3.12/site-packages/django/core/handlers/exception.py", line 142, in response_for_exception
    response = handle_uncaught_exception(
               ^^^^^^^^^^^^^^^^^^^^^^^^^^
  File "/Users/michaelkatschko/Projects/rettungswache-wachbuch/.venv/lib/python3.12/site-packages/django/core/handlers/exception.py", line 187, in handle_uncaught_exception
    return callback(request)
           ^^^^^^^^^^^^^^^^^
  File "/Users/michaelkatschko/Projects/rettungswache-wachbuch/core/views.py", line 162, in server_error
    response = render(
               ^^^^^^^
  File "/Users/michaelkatschko/Projects/rettungswache-wachbuch/.venv/lib/python3.12/site-packages/django/shortcuts.py", line 27, in render
    content = loader.render_to_string(template_name, context, request, using=using)
              ^^^^^^^^^^^^^^^^^^^^^^^^^^^^^^^^^^^^^^^^^^^^^^^^^^^^^^^^^^^^^^^^^^^^^
  File "/Users/michaelkatschko/Projects/rettungswache-wachbuch/.venv/lib/python3.12/site-packages/django/template/loader.py", line 62, in render_to_string
    return template.render(context, request)
           ^^^^^^^^^^^^^^^^^^^^^^^^^^^^^^^^^
  File "/Users/michaelkatschko/Projects/rettungswache-wachbuch/.venv/lib/python3.12/site-packages/django/template/backends/django.py", line 107, in render
    return self.template.render(context)
           ^^^^^^^^^^^^^^^^^^^^^^^^^^^^^
  File "/Users/michaelkatschko/Projects/rettungswache-wachbuch/.venv/lib/python3.12/site-packages/django/template/base.py", line 174, in render
    return self._render(context)
           ^^^^^^^^^^^^^^^^^^^^^
  File "/Users/michaelkatschko/Projects/rettungswache-wachbuch/.venv/lib/python3.12/site-packages/django/template/base.py", line 166, in _render
    return self.nodelist.render(context)
           ^^^^^^^^^^^^^^^^^^^^^^^^^^^^^
  File "/Users/michaelkatschko/Projects/rettungswache-wachbuch/.venv/lib/python3.12/site-packages/django/template/base.py", line 1107, in render
    return SafeString("".join([node.render_annotated(context) for node in self]))
                               ^^^^^^^^^^^^^^^^^^^^^^^^^^^^^^
  File "/Users/michaelkatschko/Projects/rettungswache-wachbuch/.venv/lib/python3.12/site-packages/django/template/base.py", line 1068, in render_annotated
    return self.render(context)
           ^^^^^^^^^^^^^^^^^^^^
  File "/Users/michaelkatschko/Projects/rettungswache-wachbuch/.venv/lib/python3.12/site-packages/django/template/loader_tags.py", line 160, in render
    return compiled_parent._render(context)
           ^^^^^^^^^^^^^^^^^^^^^^^^^^^^^^^^
  File "/Users/michaelkatschko/Projects/rettungswache-wachbuch/.venv/lib/python3.12/site-packages/django/template/base.py", line 166, in _render
    return self.nodelist.render(context)
           ^^^^^^^^^^^^^^^^^^^^^^^^^^^^^
  File "/Users/michaelkatschko/Projects/rettungswache-wachbuch/.venv/lib/python3.12/site-packages/django/template/base.py", line 1107, in render
    return SafeString("".join([node.render_annotated(context) for node in self]))
                               ^^^^^^^^^^^^^^^^^^^^^^^^^^^^^^
  File "/Users/michaelkatschko/Projects/rettungswache-wachbuch/.venv/lib/python3.12/site-packages/django/template/base.py", line 1068, in render_annotated
    return self.render(context)
           ^^^^^^^^^^^^^^^^^^^^
  File "/Users/michaelkatschko/Projects/rettungswache-wachbuch/.venv/lib/python3.12/site-packages/django/templatetags/static.py", line 116, in render
    url = self.url(context)
          ^^^^^^^^^^^^^^^^^
  File "/Users/michaelkatschko/Projects/rettungswache-wachbuch/.venv/lib/python3.12/site-packages/django/templatetags/static.py", line 113, in url
    return self.handle_simple(path)
           ^^^^^^^^^^^^^^^^^^^^^^^^
  File "/Users/michaelkatschko/Projects/rettungswache-wachbuch/.venv/lib/python3.12/site-packages/django/templatetags/static.py", line 129, in handle_simple
    return staticfiles_storage.url(path)
           ^^^^^^^^^^^^^^^^^^^^^^^^^^^^^
  File "/Users/michaelkatschko/Projects/rettungswache-wachbuch/.venv/lib/python3.12/site-packages/django/contrib/staticfiles/storage.py", line 235, in url
    return self._url(self.stored_name, name, force)
           ^^^^^^^^^^^^^^^^^^^^^^^^^^^^^^^^^^^^^^^^
  File "/Users/michaelkatschko/Projects/rettungswache-wachbuch/.venv/lib/python3.12/site-packages/django/contrib/staticfiles/storage.py", line 214, in _url
    hashed_name = hashed_name_func(*args)
                  ^^^^^^^^^^^^^^^^^^^^^^^
  File "/Users/michaelkatschko/Projects/rettungswache-wachbuch/.venv/lib/python3.12/site-packages/django/contrib/staticfiles/storage.py", line 601, in stored_name
    raise ValueError(
ValueError: Missing staticfiles manifest entry for 'core/icons/icon-192.png'

During handling of the above exception, another exception occurred:

Traceback (most recent call last):
  File "/Users/michaelkatschko/Projects/rettungswache-wachbuch/.venv/lib/python3.12/site-packages/django/core/handlers/exception.py", line 56, in inner
    response = get_response(request)
               ^^^^^^^^^^^^^^^^^^^^^
  File "/Users/michaelkatschko/Projects/rettungswache-wachbuch/.venv/lib/python3.12/site-packages/django/utils/deprecation.py", line 441, in __call__
    response = response or self.get_response(request)
                           ^^^^^^^^^^^^^^^^^^^^^^^^^^
  File "/Users/michaelkatschko/Projects/rettungswache-wachbuch/.venv/lib/python3.12/site-packages/django/core/handlers/exception.py", line 58, in inner
    response = response_for_exception(request, exc)
               ^^^^^^^^^^^^^^^^^^^^^^^^^^^^^^^^^^^^
  File "/Users/michaelkatschko/Projects/rettungswache-wachbuch/.venv/lib/python3.12/site-packages/django/core/handlers/exception.py", line 142, in response_for_exception
    response = handle_uncaught_exception(
               ^^^^^^^^^^^^^^^^^^^^^^^^^^
  File "/Users/michaelkatschko/Projects/rettungswache-wachbuch/.venv/lib/python3.12/site-packages/django/core/handlers/exception.py", line 187, in handle_uncaught_exception
    return callback(request)
           ^^^^^^^^^^^^^^^^^
  File "/Users/michaelkatschko/Projects/rettungswache-wachbuch/core/views.py", line 162, in server_error
    response = render(
               ^^^^^^^
  File "/Users/michaelkatschko/Projects/rettungswache-wachbuch/.venv/lib/python3.12/site-packages/django/shortcuts.py", line 27, in render
    content = loader.render_to_string(template_name, context, request, using=using)
              ^^^^^^^^^^^^^^^^^^^^^^^^^^^^^^^^^^^^^^^^^^^^^^^^^^^^^^^^^^^^^^^^^^^^^
  File "/Users/michaelkatschko/Projects/rettungswache-wachbuch/.venv/lib/python3.12/site-packages/django/template/loader.py", line 62, in render_to_string
    return template.render(context, request)
           ^^^^^^^^^^^^^^^^^^^^^^^^^^^^^^^^^
  File "/Users/michaelkatschko/Projects/rettungswache-wachbuch/.venv/lib/python3.12/site-packages/django/template/backends/django.py", line 107, in render
    return self.template.render(context)
           ^^^^^^^^^^^^^^^^^^^^^^^^^^^^^
  File "/Users/michaelkatschko/Projects/rettungswache-wachbuch/.venv/lib/python3.12/site-packages/django/template/base.py", line 174, in render
    return self._render(context)
           ^^^^^^^^^^^^^^^^^^^^^
  File "/Users/michaelkatschko/Projects/rettungswache-wachbuch/.venv/lib/python3.12/site-packages/django/template/base.py", line 166, in _render
    return self.nodelist.render(context)
           ^^^^^^^^^^^^^^^^^^^^^^^^^^^^^
  File "/Users/michaelkatschko/Projects/rettungswache-wachbuch/.venv/lib/python3.12/site-packages/django/template/base.py", line 1107, in render
    return SafeString("".join([node.render_annotated(context) for node in self]))
                               ^^^^^^^^^^^^^^^^^^^^^^^^^^^^^^
  File "/Users/michaelkatschko/Projects/rettungswache-wachbuch/.venv/lib/python3.12/site-packages/django/template/base.py", line 1068, in render_annotated
    return self.render(context)
           ^^^^^^^^^^^^^^^^^^^^
  File "/Users/michaelkatschko/Projects/rettungswache-wachbuch/.venv/lib/python3.12/site-packages/django/template/loader_tags.py", line 160, in render
    return compiled_parent._render(context)
           ^^^^^^^^^^^^^^^^^^^^^^^^^^^^^^^^
  File "/Users/michaelkatschko/Projects/rettungswache-wachbuch/.venv/lib/python3.12/site-packages/django/template/base.py", line 166, in _render
    return self.nodelist.render(context)
           ^^^^^^^^^^^^^^^^^^^^^^^^^^^^^
  File "/Users/michaelkatschko/Projects/rettungswache-wachbuch/.venv/lib/python3.12/site-packages/django/template/base.py", line 1107, in render
    return SafeString("".join([node.render_annotated(context) for node in self]))
                               ^^^^^^^^^^^^^^^^^^^^^^^^^^^^^^
  File "/Users/michaelkatschko/Projects/rettungswache-wachbuch/.venv/lib/python3.12/site-packages/django/template/base.py", line 1068, in render_annotated
    return self.render(context)
           ^^^^^^^^^^^^^^^^^^^^
  File "/Users/michaelkatschko/Projects/rettungswache-wachbuch/.venv/lib/python3.12/site-packages/django/templatetags/static.py", line 116, in render
    url = self.url(context)
          ^^^^^^^^^^^^^^^^^
  File "/Users/michaelkatschko/Projects/rettungswache-wachbuch/.venv/lib/python3.12/site-packages/django/templatetags/static.py", line 113, in url
    return self.handle_simple(path)
           ^^^^^^^^^^^^^^^^^^^^^^^^
  File "/Users/michaelkatschko/Projects/rettungswache-wachbuch/.venv/lib/python3.12/site-packages/django/templatetags/static.py", line 129, in handle_simple
    return staticfiles_storage.url(path)
           ^^^^^^^^^^^^^^^^^^^^^^^^^^^^^
  File "/Users/michaelkatschko/Projects/rettungswache-wachbuch/.venv/lib/python3.12/site-packages/django/contrib/staticfiles/storage.py", line 235, in url
    return self._url(self.stored_name, name, force)
           ^^^^^^^^^^^^^^^^^^^^^^^^^^^^^^^^^^^^^^^^
  File "/Users/michaelkatschko/Projects/rettungswache-wachbuch/.venv/lib/python3.12/site-packages/django/contrib/staticfiles/storage.py", line 214, in _url
    hashed_name = hashed_name_func(*args)
                  ^^^^^^^^^^^^^^^^^^^^^^^
  File "/Users/michaelkatschko/Projects/rettungswache-wachbuch/.venv/lib/python3.12/site-packages/django/contrib/staticfiles/storage.py", line 601, in stored_name
    raise ValueError(
ValueError: Missing staticfiles manifest entry for 'core/icons/icon-192.png'

During handling of the above exception, another exception occurred:

Traceback (most recent call last):
  File "/Users/michaelkatschko/Projects/rettungswache-wachbuch/.venv/lib/python3.12/site-packages/django/core/handlers/exception.py", line 56, in inner
    response = get_response(request)
               ^^^^^^^^^^^^^^^^^^^^^
  File "/Users/michaelkatschko/Projects/rettungswache-wachbuch/.venv/lib/python3.12/site-packages/django/utils/deprecation.py", line 441, in __call__
    response = response or self.get_response(request)
                           ^^^^^^^^^^^^^^^^^^^^^^^^^^
  File "/Users/michaelkatschko/Projects/rettungswache-wachbuch/.venv/lib/python3.12/site-packages/django/core/handlers/exception.py", line 58, in inner
    response = response_for_exception(request, exc)
               ^^^^^^^^^^^^^^^^^^^^^^^^^^^^^^^^^^^^
  File "/Users/michaelkatschko/Projects/rettungswache-wachbuch/.venv/lib/python3.12/site-packages/django/core/handlers/exception.py", line 142, in response_for_exception
    response = handle_uncaught_exception(
               ^^^^^^^^^^^^^^^^^^^^^^^^^^
  File "/Users/michaelkatschko/Projects/rettungswache-wachbuch/.venv/lib/python3.12/site-packages/django/core/handlers/exception.py", line 187, in handle_uncaught_exception
    return callback(request)
           ^^^^^^^^^^^^^^^^^
  File "/Users/michaelkatschko/Projects/rettungswache-wachbuch/core/views.py", line 162, in server_error
    response = render(
               ^^^^^^^
  File "/Users/michaelkatschko/Projects/rettungswache-wachbuch/.venv/lib/python3.12/site-packages/django/shortcuts.py", line 27, in render
    content = loader.render_to_string(template_name, context, request, using=using)
              ^^^^^^^^^^^^^^^^^^^^^^^^^^^^^^^^^^^^^^^^^^^^^^^^^^^^^^^^^^^^^^^^^^^^^
  File "/Users/michaelkatschko/Projects/rettungswache-wachbuch/.venv/lib/python3.12/site-packages/django/template/loader.py", line 62, in render_to_string
    return template.render(context, request)
           ^^^^^^^^^^^^^^^^^^^^^^^^^^^^^^^^^
  File "/Users/michaelkatschko/Projects/rettungswache-wachbuch/.venv/lib/python3.12/site-packages/django/template/backends/django.py", line 107, in render
    return self.template.render(context)
           ^^^^^^^^^^^^^^^^^^^^^^^^^^^^^
  File "/Users/michaelkatschko/Projects/rettungswache-wachbuch/.venv/lib/python3.12/site-packages/django/template/base.py", line 174, in render
    return self._render(context)
           ^^^^^^^^^^^^^^^^^^^^^
  File "/Users/michaelkatschko/Projects/rettungswache-wachbuch/.venv/lib/python3.12/site-packages/django/template/base.py", line 166, in _render
    return self.nodelist.render(context)
           ^^^^^^^^^^^^^^^^^^^^^^^^^^^^^
  File "/Users/michaelkatschko/Projects/rettungswache-wachbuch/.venv/lib/python3.12/site-packages/django/template/base.py", line 1107, in render
    return SafeString("".join([node.render_annotated(context) for node in self]))
                               ^^^^^^^^^^^^^^^^^^^^^^^^^^^^^^
  File "/Users/michaelkatschko/Projects/rettungswache-wachbuch/.venv/lib/python3.12/site-packages/django/template/base.py", line 1068, in render_annotated
    return self.render(context)
           ^^^^^^^^^^^^^^^^^^^^
  File "/Users/michaelkatschko/Projects/rettungswache-wachbuch/.venv/lib/python3.12/site-packages/django/template/loader_tags.py", line 160, in render
    return compiled_parent._render(context)
           ^^^^^^^^^^^^^^^^^^^^^^^^^^^^^^^^
  File "/Users/michaelkatschko/Projects/rettungswache-wachbuch/.venv/lib/python3.12/site-packages/django/template/base.py", line 166, in _render
    return self.nodelist.render(context)
           ^^^^^^^^^^^^^^^^^^^^^^^^^^^^^
  File "/Users/michaelkatschko/Projects/rettungswache-wachbuch/.venv/lib/python3.12/site-packages/django/template/base.py", line 1107, in render
    return SafeString("".join([node.render_annotated(context) for node in self]))
                               ^^^^^^^^^^^^^^^^^^^^^^^^^^^^^^
  File "/Users/michaelkatschko/Projects/rettungswache-wachbuch/.venv/lib/python3.12/site-packages/django/template/base.py", line 1068, in render_annotated
    return self.render(context)
           ^^^^^^^^^^^^^^^^^^^^
  File "/Users/michaelkatschko/Projects/rettungswache-wachbuch/.venv/lib/python3.12/site-packages/django/templatetags/static.py", line 116, in render
    url = self.url(context)
          ^^^^^^^^^^^^^^^^^
  File "/Users/michaelkatschko/Projects/rettungswache-wachbuch/.venv/lib/python3.12/site-packages/django/templatetags/static.py", line 113, in url
    return self.handle_simple(path)
           ^^^^^^^^^^^^^^^^^^^^^^^^
  File "/Users/michaelkatschko/Projects/rettungswache-wachbuch/.venv/lib/python3.12/site-packages/django/templatetags/static.py", line 129, in handle_simple
    return staticfiles_storage.url(path)
           ^^^^^^^^^^^^^^^^^^^^^^^^^^^^^
  File "/Users/michaelkatschko/Projects/rettungswache-wachbuch/.venv/lib/python3.12/site-packages/django/contrib/staticfiles/storage.py", line 235, in url
    return self._url(self.stored_name, name, force)
           ^^^^^^^^^^^^^^^^^^^^^^^^^^^^^^^^^^^^^^^^
  File "/Users/michaelkatschko/Projects/rettungswache-wachbuch/.venv/lib/python3.12/site-packages/django/contrib/staticfiles/storage.py", line 214, in _url
    hashed_name = hashed_name_func(*args)
                  ^^^^^^^^^^^^^^^^^^^^^^^
  File "/Users/michaelkatschko/Projects/rettungswache-wachbuch/.venv/lib/python3.12/site-packages/django/contrib/staticfiles/storage.py", line 601, in stored_name
    raise ValueError(
ValueError: Missing staticfiles manifest entry for 'core/icons/icon-192.png'

During handling of the above exception, another exception occurred:

Traceback (most recent call last):
  File "/Users/michaelkatschko/Projects/rettungswache-wachbuch/.venv/lib/python3.12/site-packages/django/core/handlers/exception.py", line 56, in inner
    response = get_response(request)
               ^^^^^^^^^^^^^^^^^^^^^
  File "/Users/michaelkatschko/Projects/rettungswache-wachbuch/.venv/lib/python3.12/site-packages/django/utils/deprecation.py", line 441, in __call__
    response = response or self.get_response(request)
                           ^^^^^^^^^^^^^^^^^^^^^^^^^^
  File "/Users/michaelkatschko/Projects/rettungswache-wachbuch/.venv/lib/python3.12/site-packages/django/core/handlers/exception.py", line 58, in inner
    response = response_for_exception(request, exc)
               ^^^^^^^^^^^^^^^^^^^^^^^^^^^^^^^^^^^^
  File "/Users/michaelkatschko/Projects/rettungswache-wachbuch/.venv/lib/python3.12/site-packages/django/core/handlers/exception.py", line 142, in response_for_exception
    response = handle_uncaught_exception(
               ^^^^^^^^^^^^^^^^^^^^^^^^^^
  File "/Users/michaelkatschko/Projects/rettungswache-wachbuch/.venv/lib/python3.12/site-packages/django/core/handlers/exception.py", line 187, in handle_uncaught_exception
    return callback(request)
           ^^^^^^^^^^^^^^^^^
  File "/Users/michaelkatschko/Projects/rettungswache-wachbuch/core/views.py", line 162, in server_error
    response = render(
               ^^^^^^^
  File "/Users/michaelkatschko/Projects/rettungswache-wachbuch/.venv/lib/python3.12/site-packages/django/shortcuts.py", line 27, in render
    content = loader.render_to_string(template_name, context, request, using=using)
              ^^^^^^^^^^^^^^^^^^^^^^^^^^^^^^^^^^^^^^^^^^^^^^^^^^^^^^^^^^^^^^^^^^^^^
  File "/Users/michaelkatschko/Projects/rettungswache-wachbuch/.venv/lib/python3.12/site-packages/django/template/loader.py", line 62, in render_to_string
    return template.render(context, request)
           ^^^^^^^^^^^^^^^^^^^^^^^^^^^^^^^^^
  File "/Users/michaelkatschko/Projects/rettungswache-wachbuch/.venv/lib/python3.12/site-packages/django/template/backends/django.py", line 107, in render
    return self.template.render(context)
           ^^^^^^^^^^^^^^^^^^^^^^^^^^^^^
  File "/Users/michaelkatschko/Projects/rettungswache-wachbuch/.venv/lib/python3.12/site-packages/django/template/base.py", line 174, in render
    return self._render(context)
           ^^^^^^^^^^^^^^^^^^^^^
  File "/Users/michaelkatschko/Projects/rettungswache-wachbuch/.venv/lib/python3.12/site-packages/django/template/base.py", line 166, in _render
    return self.nodelist.render(context)
           ^^^^^^^^^^^^^^^^^^^^^^^^^^^^^
  File "/Users/michaelkatschko/Projects/rettungswache-wachbuch/.venv/lib/python3.12/site-packages/django/template/base.py", line 1107, in render
    return SafeString("".join([node.render_annotated(context) for node in self]))
                               ^^^^^^^^^^^^^^^^^^^^^^^^^^^^^^
  File "/Users/michaelkatschko/Projects/rettungswache-wachbuch/.venv/lib/python3.12/site-packages/django/template/base.py", line 1068, in render_annotated
    return self.render(context)
           ^^^^^^^^^^^^^^^^^^^^
  File "/Users/michaelkatschko/Projects/rettungswache-wachbuch/.venv/lib/python3.12/site-packages/django/template/loader_tags.py", line 160, in render
    return compiled_parent._render(context)
           ^^^^^^^^^^^^^^^^^^^^^^^^^^^^^^^^
  File "/Users/michaelkatschko/Projects/rettungswache-wachbuch/.venv/lib/python3.12/site-packages/django/template/base.py", line 166, in _render
    return self.nodelist.render(context)
           ^^^^^^^^^^^^^^^^^^^^^^^^^^^^^
  File "/Users/michaelkatschko/Projects/rettungswache-wachbuch/.venv/lib/python3.12/site-packages/django/template/base.py", line 1107, in render
    return SafeString("".join([node.render_annotated(context) for node in self]))
                               ^^^^^^^^^^^^^^^^^^^^^^^^^^^^^^
  File "/Users/michaelkatschko/Projects/rettungswache-wachbuch/.venv/lib/python3.12/site-packages/django/template/base.py", line 1068, in render_annotated
    return self.render(context)
           ^^^^^^^^^^^^^^^^^^^^
  File "/Users/michaelkatschko/Projects/rettungswache-wachbuch/.venv/lib/python3.12/site-packages/django/templatetags/static.py", line 116, in render
    url = self.url(context)
          ^^^^^^^^^^^^^^^^^
  File "/Users/michaelkatschko/Projects/rettungswache-wachbuch/.venv/lib/python3.12/site-packages/django/templatetags/static.py", line 113, in url
    return self.handle_simple(path)
           ^^^^^^^^^^^^^^^^^^^^^^^^
  File "/Users/michaelkatschko/Projects/rettungswache-wachbuch/.venv/lib/python3.12/site-packages/django/templatetags/static.py", line 129, in handle_simple
    return staticfiles_storage.url(path)
           ^^^^^^^^^^^^^^^^^^^^^^^^^^^^^
  File "/Users/michaelkatschko/Projects/rettungswache-wachbuch/.venv/lib/python3.12/site-packages/django/contrib/staticfiles/storage.py", line 235, in url
    return self._url(self.stored_name, name, force)
           ^^^^^^^^^^^^^^^^^^^^^^^^^^^^^^^^^^^^^^^^
  File "/Users/michaelkatschko/Projects/rettungswache-wachbuch/.venv/lib/python3.12/site-packages/django/contrib/staticfiles/storage.py", line 214, in _url
    hashed_name = hashed_name_func(*args)
                  ^^^^^^^^^^^^^^^^^^^^^^^
  File "/Users/michaelkatschko/Projects/rettungswache-wachbuch/.venv/lib/python3.12/site-packages/django/contrib/staticfiles/storage.py", line 601, in stored_name
    raise ValueError(
ValueError: Missing staticfiles manifest entry for 'core/icons/icon-192.png'

During handling of the above exception, another exception occurred:

Traceback (most recent call last):
  File "/Users/michaelkatschko/Projects/rettungswache-wachbuch/.venv/lib/python3.12/site-packages/django/core/handlers/exception.py", line 56, in inner
    response = get_response(request)
               ^^^^^^^^^^^^^^^^^^^^^
  File "/Users/michaelkatschko/Projects/rettungswache-wachbuch/.venv/lib/python3.12/site-packages/django/utils/deprecation.py", line 441, in __call__
    response = response or self.get_response(request)
                           ^^^^^^^^^^^^^^^^^^^^^^^^^^
  File "/Users/michaelkatschko/Projects/rettungswache-wachbuch/.venv/lib/python3.12/site-packages/django/core/handlers/exception.py", line 58, in inner
    response = response_for_exception(request, exc)
               ^^^^^^^^^^^^^^^^^^^^^^^^^^^^^^^^^^^^
  File "/Users/michaelkatschko/Projects/rettungswache-wachbuch/.venv/lib/python3.12/site-packages/django/core/handlers/exception.py", line 142, in response_for_exception
    response = handle_uncaught_exception(
               ^^^^^^^^^^^^^^^^^^^^^^^^^^
  File "/Users/michaelkatschko/Projects/rettungswache-wachbuch/.venv/lib/python3.12/site-packages/django/core/handlers/exception.py", line 187, in handle_uncaught_exception
    return callback(request)
           ^^^^^^^^^^^^^^^^^
  File "/Users/michaelkatschko/Projects/rettungswache-wachbuch/core/views.py", line 162, in server_error
    response = render(
               ^^^^^^^
  File "/Users/michaelkatschko/Projects/rettungswache-wachbuch/.venv/lib/python3.12/site-packages/django/shortcuts.py", line 27, in render
    content = loader.render_to_string(template_name, context, request, using=using)
              ^^^^^^^^^^^^^^^^^^^^^^^^^^^^^^^^^^^^^^^^^^^^^^^^^^^^^^^^^^^^^^^^^^^^^
  File "/Users/michaelkatschko/Projects/rettungswache-wachbuch/.venv/lib/python3.12/site-packages/django/template/loader.py", line 62, in render_to_string
    return template.render(context, request)
           ^^^^^^^^^^^^^^^^^^^^^^^^^^^^^^^^^
  File "/Users/michaelkatschko/Projects/rettungswache-wachbuch/.venv/lib/python3.12/site-packages/django/template/backends/django.py", line 107, in render
    return self.template.render(context)
           ^^^^^^^^^^^^^^^^^^^^^^^^^^^^^
  File "/Users/michaelkatschko/Projects/rettungswache-wachbuch/.venv/lib/python3.12/site-packages/django/template/base.py", line 174, in render
    return self._render(context)
           ^^^^^^^^^^^^^^^^^^^^^
  File "/Users/michaelkatschko/Projects/rettungswache-wachbuch/.venv/lib/python3.12/site-packages/django/template/base.py", line 166, in _render
    return self.nodelist.render(context)
           ^^^^^^^^^^^^^^^^^^^^^^^^^^^^^
  File "/Users/michaelkatschko/Projects/rettungswache-wachbuch/.venv/lib/python3.12/site-packages/django/template/base.py", line 1107, in render
    return SafeString("".join([node.render_annotated(context) for node in self]))
                               ^^^^^^^^^^^^^^^^^^^^^^^^^^^^^^
  File "/Users/michaelkatschko/Projects/rettungswache-wachbuch/.venv/lib/python3.12/site-packages/django/template/base.py", line 1068, in render_annotated
    return self.render(context)
           ^^^^^^^^^^^^^^^^^^^^
  File "/Users/michaelkatschko/Projects/rettungswache-wachbuch/.venv/lib/python3.12/site-packages/django/template/loader_tags.py", line 160, in render
    return compiled_parent._render(context)
           ^^^^^^^^^^^^^^^^^^^^^^^^^^^^^^^^
  File "/Users/michaelkatschko/Projects/rettungswache-wachbuch/.venv/lib/python3.12/site-packages/django/template/base.py", line 166, in _render
    return self.nodelist.render(context)
           ^^^^^^^^^^^^^^^^^^^^^^^^^^^^^
  File "/Users/michaelkatschko/Projects/rettungswache-wachbuch/.venv/lib/python3.12/site-packages/django/template/base.py", line 1107, in render
    return SafeString("".join([node.render_annotated(context) for node in self]))
                               ^^^^^^^^^^^^^^^^^^^^^^^^^^^^^^
  File "/Users/michaelkatschko/Projects/rettungswache-wachbuch/.venv/lib/python3.12/site-packages/django/template/base.py", line 1068, in render_annotated
    return self.render(context)
           ^^^^^^^^^^^^^^^^^^^^
  File "/Users/michaelkatschko/Projects/rettungswache-wachbuch/.venv/lib/python3.12/site-packages/django/templatetags/static.py", line 116, in render
    url = self.url(context)
          ^^^^^^^^^^^^^^^^^
  File "/Users/michaelkatschko/Projects/rettungswache-wachbuch/.venv/lib/python3.12/site-packages/django/templatetags/static.py", line 113, in url
    return self.handle_simple(path)
           ^^^^^^^^^^^^^^^^^^^^^^^^
  File "/Users/michaelkatschko/Projects/rettungswache-wachbuch/.venv/lib/python3.12/site-packages/django/templatetags/static.py", line 129, in handle_simple
    return staticfiles_storage.url(path)
           ^^^^^^^^^^^^^^^^^^^^^^^^^^^^^
  File "/Users/michaelkatschko/Projects/rettungswache-wachbuch/.venv/lib/python3.12/site-packages/django/contrib/staticfiles/storage.py", line 235, in url
    return self._url(self.stored_name, name, force)
           ^^^^^^^^^^^^^^^^^^^^^^^^^^^^^^^^^^^^^^^^
  File "/Users/michaelkatschko/Projects/rettungswache-wachbuch/.venv/lib/python3.12/site-packages/django/contrib/staticfiles/storage.py", line 214, in _url
    hashed_name = hashed_name_func(*args)
                  ^^^^^^^^^^^^^^^^^^^^^^^
  File "/Users/michaelkatschko/Projects/rettungswache-wachbuch/.venv/lib/python3.12/site-packages/django/contrib/staticfiles/storage.py", line 601, in stored_name
    raise ValueError(
ValueError: Missing staticfiles manifest entry for 'core/icons/icon-192.png'

During handling of the above exception, another exception occurred:

Traceback (most recent call last):
  File "/Users/michaelkatschko/Projects/rettungswache-wachbuch/.venv/lib/python3.12/site-packages/django/core/handlers/exception.py", line 56, in inner
    response = get_response(request)
               ^^^^^^^^^^^^^^^^^^^^^
  File "/Users/michaelkatschko/Projects/rettungswache-wachbuch/.venv/lib/python3.12/site-packages/django/utils/deprecation.py", line 441, in __call__
    response = response or self.get_response(request)
                           ^^^^^^^^^^^^^^^^^^^^^^^^^^
  File "/Users/michaelkatschko/Projects/rettungswache-wachbuch/.venv/lib/python3.12/site-packages/django/core/handlers/exception.py", line 58, in inner
    response = response_for_exception(request, exc)
               ^^^^^^^^^^^^^^^^^^^^^^^^^^^^^^^^^^^^
  File "/Users/michaelkatschko/Projects/rettungswache-wachbuch/.venv/lib/python3.12/site-packages/django/core/handlers/exception.py", line 142, in response_for_exception
    response = handle_uncaught_exception(
               ^^^^^^^^^^^^^^^^^^^^^^^^^^
  File "/Users/michaelkatschko/Projects/rettungswache-wachbuch/.venv/lib/python3.12/site-packages/django/core/handlers/exception.py", line 187, in handle_uncaught_exception
    return callback(request)
           ^^^^^^^^^^^^^^^^^
  File "/Users/michaelkatschko/Projects/rettungswache-wachbuch/core/views.py", line 162, in server_error
    response = render(
               ^^^^^^^
  File "/Users/michaelkatschko/Projects/rettungswache-wachbuch/.venv/lib/python3.12/site-packages/django/shortcuts.py", line 27, in render
    content = loader.render_to_string(template_name, context, request, using=using)
              ^^^^^^^^^^^^^^^^^^^^^^^^^^^^^^^^^^^^^^^^^^^^^^^^^^^^^^^^^^^^^^^^^^^^^
  File "/Users/michaelkatschko/Projects/rettungswache-wachbuch/.venv/lib/python3.12/site-packages/django/template/loader.py", line 62, in render_to_string
    return template.render(context, request)
           ^^^^^^^^^^^^^^^^^^^^^^^^^^^^^^^^^
  File "/Users/michaelkatschko/Projects/rettungswache-wachbuch/.venv/lib/python3.12/site-packages/django/template/backends/django.py", line 107, in render
    return self.template.render(context)
           ^^^^^^^^^^^^^^^^^^^^^^^^^^^^^
  File "/Users/michaelkatschko/Projects/rettungswache-wachbuch/.venv/lib/python3.12/site-packages/django/template/base.py", line 174, in render
    return self._render(context)
           ^^^^^^^^^^^^^^^^^^^^^
  File "/Users/michaelkatschko/Projects/rettungswache-wachbuch/.venv/lib/python3.12/site-packages/django/template/base.py", line 166, in _render
    return self.nodelist.render(context)
           ^^^^^^^^^^^^^^^^^^^^^^^^^^^^^
  File "/Users/michaelkatschko/Projects/rettungswache-wachbuch/.venv/lib/python3.12/site-packages/django/template/base.py", line 1107, in render
    return SafeString("".join([node.render_annotated(context) for node in self]))
                               ^^^^^^^^^^^^^^^^^^^^^^^^^^^^^^
  File "/Users/michaelkatschko/Projects/rettungswache-wachbuch/.venv/lib/python3.12/site-packages/django/template/base.py", line 1068, in render_annotated
    return self.render(context)
           ^^^^^^^^^^^^^^^^^^^^
  File "/Users/michaelkatschko/Projects/rettungswache-wachbuch/.venv/lib/python3.12/site-packages/django/template/loader_tags.py", line 160, in render
    return compiled_parent._render(context)
           ^^^^^^^^^^^^^^^^^^^^^^^^^^^^^^^^
  File "/Users/michaelkatschko/Projects/rettungswache-wachbuch/.venv/lib/python3.12/site-packages/django/template/base.py", line 166, in _render
    return self.nodelist.render(context)
           ^^^^^^^^^^^^^^^^^^^^^^^^^^^^^
  File "/Users/michaelkatschko/Projects/rettungswache-wachbuch/.venv/lib/python3.12/site-packages/django/template/base.py", line 1107, in render
    return SafeString("".join([node.render_annotated(context) for node in self]))
                               ^^^^^^^^^^^^^^^^^^^^^^^^^^^^^^
  File "/Users/michaelkatschko/Projects/rettungswache-wachbuch/.venv/lib/python3.12/site-packages/django/template/base.py", line 1068, in render_annotated
    return self.render(context)
           ^^^^^^^^^^^^^^^^^^^^
  File "/Users/michaelkatschko/Projects/rettungswache-wachbuch/.venv/lib/python3.12/site-packages/django/templatetags/static.py", line 116, in render
    url = self.url(context)
          ^^^^^^^^^^^^^^^^^
  File "/Users/michaelkatschko/Projects/rettungswache-wachbuch/.venv/lib/python3.12/site-packages/django/templatetags/static.py", line 113, in url
    return self.handle_simple(path)
           ^^^^^^^^^^^^^^^^^^^^^^^^
  File "/Users/michaelkatschko/Projects/rettungswache-wachbuch/.venv/lib/python3.12/site-packages/django/templatetags/static.py", line 129, in handle_simple
    return staticfiles_storage.url(path)
           ^^^^^^^^^^^^^^^^^^^^^^^^^^^^^
  File "/Users/michaelkatschko/Projects/rettungswache-wachbuch/.venv/lib/python3.12/site-packages/django/contrib/staticfiles/storage.py", line 235, in url
    return self._url(self.stored_name, name, force)
           ^^^^^^^^^^^^^^^^^^^^^^^^^^^^^^^^^^^^^^^^
  File "/Users/michaelkatschko/Projects/rettungswache-wachbuch/.venv/lib/python3.12/site-packages/django/contrib/staticfiles/storage.py", line 214, in _url
    hashed_name = hashed_name_func(*args)
                  ^^^^^^^^^^^^^^^^^^^^^^^
  File "/Users/michaelkatschko/Projects/rettungswache-wachbuch/.venv/lib/python3.12/site-packages/django/contrib/staticfiles/storage.py", line 601, in stored_name
    raise ValueError(
ValueError: Missing staticfiles manifest entry for 'core/icons/icon-192.png'

During handling of the above exception, another exception occurred:

Traceback (most recent call last):
  File "/Users/michaelkatschko/Projects/rettungswache-wachbuch/.venv/lib/python3.12/site-packages/django/core/handlers/exception.py", line 56, in inner
    response = get_response(request)
               ^^^^^^^^^^^^^^^^^^^^^
  File "/Users/michaelkatschko/Projects/rettungswache-wachbuch/.venv/lib/python3.12/site-packages/django/utils/deprecation.py", line 441, in __call__
    response = response or self.get_response(request)
                           ^^^^^^^^^^^^^^^^^^^^^^^^^^
  File "/Users/michaelkatschko/Projects/rettungswache-wachbuch/.venv/lib/python3.12/site-packages/django/core/handlers/exception.py", line 58, in inner
    response = response_for_exception(request, exc)
               ^^^^^^^^^^^^^^^^^^^^^^^^^^^^^^^^^^^^
  File "/Users/michaelkatschko/Projects/rettungswache-wachbuch/.venv/lib/python3.12/site-packages/django/core/handlers/exception.py", line 142, in response_for_exception
    response = handle_uncaught_exception(
               ^^^^^^^^^^^^^^^^^^^^^^^^^^
  File "/Users/michaelkatschko/Projects/rettungswache-wachbuch/.venv/lib/python3.12/site-packages/django/core/handlers/exception.py", line 187, in handle_uncaught_exception
    return callback(request)
           ^^^^^^^^^^^^^^^^^
  File "/Users/michaelkatschko/Projects/rettungswache-wachbuch/core/views.py", line 162, in server_error
    response = render(
               ^^^^^^^
  File "/Users/michaelkatschko/Projects/rettungswache-wachbuch/.venv/lib/python3.12/site-packages/django/shortcuts.py", line 27, in render
    content = loader.render_to_string(template_name, context, request, using=using)
              ^^^^^^^^^^^^^^^^^^^^^^^^^^^^^^^^^^^^^^^^^^^^^^^^^^^^^^^^^^^^^^^^^^^^^
  File "/Users/michaelkatschko/Projects/rettungswache-wachbuch/.venv/lib/python3.12/site-packages/django/template/loader.py", line 62, in render_to_string
    return template.render(context, request)
           ^^^^^^^^^^^^^^^^^^^^^^^^^^^^^^^^^
  File "/Users/michaelkatschko/Projects/rettungswache-wachbuch/.venv/lib/python3.12/site-packages/django/template/backends/django.py", line 107, in render
    return self.template.render(context)
           ^^^^^^^^^^^^^^^^^^^^^^^^^^^^^
  File "/Users/michaelkatschko/Projects/rettungswache-wachbuch/.venv/lib/python3.12/site-packages/django/template/base.py", line 174, in render
    return self._render(context)
           ^^^^^^^^^^^^^^^^^^^^^
  File "/Users/michaelkatschko/Projects/rettungswache-wachbuch/.venv/lib/python3.12/site-packages/django/template/base.py", line 166, in _render
    return self.nodelist.render(context)
           ^^^^^^^^^^^^^^^^^^^^^^^^^^^^^
  File "/Users/michaelkatschko/Projects/rettungswache-wachbuch/.venv/lib/python3.12/site-packages/django/template/base.py", line 1107, in render
    return SafeString("".join([node.render_annotated(context) for node in self]))
                               ^^^^^^^^^^^^^^^^^^^^^^^^^^^^^^
  File "/Users/michaelkatschko/Projects/rettungswache-wachbuch/.venv/lib/python3.12/site-packages/django/template/base.py", line 1068, in render_annotated
    return self.render(context)
           ^^^^^^^^^^^^^^^^^^^^
  File "/Users/michaelkatschko/Projects/rettungswache-wachbuch/.venv/lib/python3.12/site-packages/django/template/loader_tags.py", line 160, in render
    return compiled_parent._render(context)
           ^^^^^^^^^^^^^^^^^^^^^^^^^^^^^^^^
  File "/Users/michaelkatschko/Projects/rettungswache-wachbuch/.venv/lib/python3.12/site-packages/django/template/base.py", line 166, in _render
    return self.nodelist.render(context)
           ^^^^^^^^^^^^^^^^^^^^^^^^^^^^^
  File "/Users/michaelkatschko/Projects/rettungswache-wachbuch/.venv/lib/python3.12/site-packages/django/template/base.py", line 1107, in render
    return SafeString("".join([node.render_annotated(context) for node in self]))
                               ^^^^^^^^^^^^^^^^^^^^^^^^^^^^^^
  File "/Users/michaelkatschko/Projects/rettungswache-wachbuch/.venv/lib/python3.12/site-packages/django/template/base.py", line 1068, in render_annotated
    return self.render(context)
           ^^^^^^^^^^^^^^^^^^^^
  File "/Users/michaelkatschko/Projects/rettungswache-wachbuch/.venv/lib/python3.12/site-packages/django/templatetags/static.py", line 116, in render
    url = self.url(context)
          ^^^^^^^^^^^^^^^^^
  File "/Users/michaelkatschko/Projects/rettungswache-wachbuch/.venv/lib/python3.12/site-packages/django/templatetags/static.py", line 113, in url
    return self.handle_simple(path)
           ^^^^^^^^^^^^^^^^^^^^^^^^
  File "/Users/michaelkatschko/Projects/rettungswache-wachbuch/.venv/lib/python3.12/site-packages/django/templatetags/static.py", line 129, in handle_simple
    return staticfiles_storage.url(path)
           ^^^^^^^^^^^^^^^^^^^^^^^^^^^^^
  File "/Users/michaelkatschko/Projects/rettungswache-wachbuch/.venv/lib/python3.12/site-packages/django/contrib/staticfiles/storage.py", line 235, in url
    return self._url(self.stored_name, name, force)
           ^^^^^^^^^^^^^^^^^^^^^^^^^^^^^^^^^^^^^^^^
  File "/Users/michaelkatschko/Projects/rettungswache-wachbuch/.venv/lib/python3.12/site-packages/django/contrib/staticfiles/storage.py", line 214, in _url
    hashed_name = hashed_name_func(*args)
                  ^^^^^^^^^^^^^^^^^^^^^^^
  File "/Users/michaelkatschko/Projects/rettungswache-wachbuch/.venv/lib/python3.12/site-packages/django/contrib/staticfiles/storage.py", line 601, in stored_name
    raise ValueError(
ValueError: Missing staticfiles manifest entry for 'core/icons/icon-192.png'

During handling of the above exception, another exception occurred:

Traceback (most recent call last):
  File "/Users/michaelkatschko/Projects/rettungswache-wachbuch/.venv/lib/python3.12/site-packages/django/core/handlers/exception.py", line 56, in inner
    response = get_response(request)
               ^^^^^^^^^^^^^^^^^^^^^
  File "/Users/michaelkatschko/Projects/rettungswache-wachbuch/.venv/lib/python3.12/site-packages/whitenoise/middleware.py", line 123, in __call__
    return self.get_response(request)
           ^^^^^^^^^^^^^^^^^^^^^^^^^^
  File "/Users/michaelkatschko/Projects/rettungswache-wachbuch/.venv/lib/python3.12/site-packages/django/core/handlers/exception.py", line 58, in inner
    response = response_for_exception(request, exc)
               ^^^^^^^^^^^^^^^^^^^^^^^^^^^^^^^^^^^^
  File "/Users/michaelkatschko/Projects/rettungswache-wachbuch/.venv/lib/python3.12/site-packages/django/core/handlers/exception.py", line 142, in response_for_exception
    response = handle_uncaught_exception(
               ^^^^^^^^^^^^^^^^^^^^^^^^^^
  File "/Users/michaelkatschko/Projects/rettungswache-wachbuch/.venv/lib/python3.12/site-packages/django/core/handlers/exception.py", line 187, in handle_uncaught_exception
    return callback(request)
           ^^^^^^^^^^^^^^^^^
  File "/Users/michaelkatschko/Projects/rettungswache-wachbuch/core/views.py", line 162, in server_error
    response = render(
               ^^^^^^^
  File "/Users/michaelkatschko/Projects/rettungswache-wachbuch/.venv/lib/python3.12/site-packages/django/shortcuts.py", line 27, in render
    content = loader.render_to_string(template_name, context, request, using=using)
              ^^^^^^^^^^^^^^^^^^^^^^^^^^^^^^^^^^^^^^^^^^^^^^^^^^^^^^^^^^^^^^^^^^^^^
  File "/Users/michaelkatschko/Projects/rettungswache-wachbuch/.venv/lib/python3.12/site-packages/django/template/loader.py", line 62, in render_to_string
    return template.render(context, request)
           ^^^^^^^^^^^^^^^^^^^^^^^^^^^^^^^^^
  File "/Users/michaelkatschko/Projects/rettungswache-wachbuch/.venv/lib/python3.12/site-packages/django/template/backends/django.py", line 107, in render
    return self.template.render(context)
           ^^^^^^^^^^^^^^^^^^^^^^^^^^^^^
  File "/Users/michaelkatschko/Projects/rettungswache-wachbuch/.venv/lib/python3.12/site-packages/django/template/base.py", line 174, in render
    return self._render(context)
           ^^^^^^^^^^^^^^^^^^^^^
  File "/Users/michaelkatschko/Projects/rettungswache-wachbuch/.venv/lib/python3.12/site-packages/django/template/base.py", line 166, in _render
    return self.nodelist.render(context)
           ^^^^^^^^^^^^^^^^^^^^^^^^^^^^^
  File "/Users/michaelkatschko/Projects/rettungswache-wachbuch/.venv/lib/python3.12/site-packages/django/template/base.py", line 1107, in render
    return SafeString("".join([node.render_annotated(context) for node in self]))
                               ^^^^^^^^^^^^^^^^^^^^^^^^^^^^^^
  File "/Users/michaelkatschko/Projects/rettungswache-wachbuch/.venv/lib/python3.12/site-packages/django/template/base.py", line 1068, in render_annotated
    return self.render(context)
           ^^^^^^^^^^^^^^^^^^^^
  File "/Users/michaelkatschko/Projects/rettungswache-wachbuch/.venv/lib/python3.12/site-packages/django/template/loader_tags.py", line 160, in render
    return compiled_parent._render(context)
           ^^^^^^^^^^^^^^^^^^^^^^^^^^^^^^^^
  File "/Users/michaelkatschko/Projects/rettungswache-wachbuch/.venv/lib/python3.12/site-packages/django/template/base.py", line 166, in _render
    return self.nodelist.render(context)
           ^^^^^^^^^^^^^^^^^^^^^^^^^^^^^
  File "/Users/michaelkatschko/Projects/rettungswache-wachbuch/.venv/lib/python3.12/site-packages/django/template/base.py", line 1107, in render
    return SafeString("".join([node.render_annotated(context) for node in self]))
                               ^^^^^^^^^^^^^^^^^^^^^^^^^^^^^^
  File "/Users/michaelkatschko/Projects/rettungswache-wachbuch/.venv/lib/python3.12/site-packages/django/template/base.py", line 1068, in render_annotated
    return self.render(context)
           ^^^^^^^^^^^^^^^^^^^^
  File "/Users/michaelkatschko/Projects/rettungswache-wachbuch/.venv/lib/python3.12/site-packages/django/templatetags/static.py", line 116, in render
    url = self.url(context)
          ^^^^^^^^^^^^^^^^^
  File "/Users/michaelkatschko/Projects/rettungswache-wachbuch/.venv/lib/python3.12/site-packages/django/templatetags/static.py", line 113, in url
    return self.handle_simple(path)
           ^^^^^^^^^^^^^^^^^^^^^^^^
  File "/Users/michaelkatschko/Projects/rettungswache-wachbuch/.venv/lib/python3.12/site-packages/django/templatetags/static.py", line 129, in handle_simple
    return staticfiles_storage.url(path)
           ^^^^^^^^^^^^^^^^^^^^^^^^^^^^^
  File "/Users/michaelkatschko/Projects/rettungswache-wachbuch/.venv/lib/python3.12/site-packages/django/contrib/staticfiles/storage.py", line 235, in url
    return self._url(self.stored_name, name, force)
           ^^^^^^^^^^^^^^^^^^^^^^^^^^^^^^^^^^^^^^^^
  File "/Users/michaelkatschko/Projects/rettungswache-wachbuch/.venv/lib/python3.12/site-packages/django/contrib/staticfiles/storage.py", line 214, in _url
    hashed_name = hashed_name_func(*args)
                  ^^^^^^^^^^^^^^^^^^^^^^^
  File "/Users/michaelkatschko/Projects/rettungswache-wachbuch/.venv/lib/python3.12/site-packages/django/contrib/staticfiles/storage.py", line 601, in stored_name
    raise ValueError(
ValueError: Missing staticfiles manifest entry for 'core/icons/icon-192.png'

During handling of the above exception, another exception occurred:

Traceback (most recent call last):
  File "/Users/michaelkatschko/Projects/rettungswache-wachbuch/.venv/lib/python3.12/site-packages/django/core/handlers/exception.py", line 56, in inner
    response = get_response(request)
               ^^^^^^^^^^^^^^^^^^^^^
  File "/Users/michaelkatschko/Projects/rettungswache-wachbuch/.venv/lib/python3.12/site-packages/django/utils/deprecation.py", line 441, in __call__
    response = response or self.get_response(request)
                           ^^^^^^^^^^^^^^^^^^^^^^^^^^
  File "/Users/michaelkatschko/Projects/rettungswache-wachbuch/.venv/lib/python3.12/site-packages/django/core/handlers/exception.py", line 58, in inner
    response = response_for_exception(request, exc)
               ^^^^^^^^^^^^^^^^^^^^^^^^^^^^^^^^^^^^
  File "/Users/michaelkatschko/Projects/rettungswache-wachbuch/.venv/lib/python3.12/site-packages/django/core/handlers/exception.py", line 142, in response_for_exception
    response = handle_uncaught_exception(
               ^^^^^^^^^^^^^^^^^^^^^^^^^^
  File "/Users/michaelkatschko/Projects/rettungswache-wachbuch/.venv/lib/python3.12/site-packages/django/core/handlers/exception.py", line 187, in handle_uncaught_exception
    return callback(request)
           ^^^^^^^^^^^^^^^^^
  File "/Users/michaelkatschko/Projects/rettungswache-wachbuch/core/views.py", line 162, in server_error
    response = render(
               ^^^^^^^
  File "/Users/michaelkatschko/Projects/rettungswache-wachbuch/.venv/lib/python3.12/site-packages/django/shortcuts.py", line 27, in render
    content = loader.render_to_string(template_name, context, request, using=using)
              ^^^^^^^^^^^^^^^^^^^^^^^^^^^^^^^^^^^^^^^^^^^^^^^^^^^^^^^^^^^^^^^^^^^^^
  File "/Users/michaelkatschko/Projects/rettungswache-wachbuch/.venv/lib/python3.12/site-packages/django/template/loader.py", line 62, in render_to_string
    return template.render(context, request)
           ^^^^^^^^^^^^^^^^^^^^^^^^^^^^^^^^^
  File "/Users/michaelkatschko/Projects/rettungswache-wachbuch/.venv/lib/python3.12/site-packages/django/template/backends/django.py", line 107, in render
    return self.template.render(context)
           ^^^^^^^^^^^^^^^^^^^^^^^^^^^^^
  File "/Users/michaelkatschko/Projects/rettungswache-wachbuch/.venv/lib/python3.12/site-packages/django/template/base.py", line 174, in render
    return self._render(context)
           ^^^^^^^^^^^^^^^^^^^^^
  File "/Users/michaelkatschko/Projects/rettungswache-wachbuch/.venv/lib/python3.12/site-packages/django/template/base.py", line 166, in _render
    return self.nodelist.render(context)
           ^^^^^^^^^^^^^^^^^^^^^^^^^^^^^
  File "/Users/michaelkatschko/Projects/rettungswache-wachbuch/.venv/lib/python3.12/site-packages/django/template/base.py", line 1107, in render
    return SafeString("".join([node.render_annotated(context) for node in self]))
                               ^^^^^^^^^^^^^^^^^^^^^^^^^^^^^^
  File "/Users/michaelkatschko/Projects/rettungswache-wachbuch/.venv/lib/python3.12/site-packages/django/template/base.py", line 1068, in render_annotated
    return self.render(context)
           ^^^^^^^^^^^^^^^^^^^^
  File "/Users/michaelkatschko/Projects/rettungswache-wachbuch/.venv/lib/python3.12/site-packages/django/template/loader_tags.py", line 160, in render
    return compiled_parent._render(context)
           ^^^^^^^^^^^^^^^^^^^^^^^^^^^^^^^^
  File "/Users/michaelkatschko/Projects/rettungswache-wachbuch/.venv/lib/python3.12/site-packages/django/template/base.py", line 166, in _render
    return self.nodelist.render(context)
           ^^^^^^^^^^^^^^^^^^^^^^^^^^^^^
  File "/Users/michaelkatschko/Projects/rettungswache-wachbuch/.venv/lib/python3.12/site-packages/django/template/base.py", line 1107, in render
    return SafeString("".join([node.render_annotated(context) for node in self]))
                               ^^^^^^^^^^^^^^^^^^^^^^^^^^^^^^
  File "/Users/michaelkatschko/Projects/rettungswache-wachbuch/.venv/lib/python3.12/site-packages/django/template/base.py", line 1068, in render_annotated
    return self.render(context)
           ^^^^^^^^^^^^^^^^^^^^
  File "/Users/michaelkatschko/Projects/rettungswache-wachbuch/.venv/lib/python3.12/site-packages/django/templatetags/static.py", line 116, in render
    url = self.url(context)
          ^^^^^^^^^^^^^^^^^
  File "/Users/michaelkatschko/Projects/rettungswache-wachbuch/.venv/lib/python3.12/site-packages/django/templatetags/static.py", line 113, in url
    return self.handle_simple(path)
           ^^^^^^^^^^^^^^^^^^^^^^^^
  File "/Users/michaelkatschko/Projects/rettungswache-wachbuch/.venv/lib/python3.12/site-packages/django/templatetags/static.py", line 129, in handle_simple
    return staticfiles_storage.url(path)
           ^^^^^^^^^^^^^^^^^^^^^^^^^^^^^
  File "/Users/michaelkatschko/Projects/rettungswache-wachbuch/.venv/lib/python3.12/site-packages/django/contrib/staticfiles/storage.py", line 235, in url
    return self._url(self.stored_name, name, force)
           ^^^^^^^^^^^^^^^^^^^^^^^^^^^^^^^^^^^^^^^^
  File "/Users/michaelkatschko/Projects/rettungswache-wachbuch/.venv/lib/python3.12/site-packages/django/contrib/staticfiles/storage.py", line 214, in _url
    hashed_name = hashed_name_func(*args)
                  ^^^^^^^^^^^^^^^^^^^^^^^
  File "/Users/michaelkatschko/Projects/rettungswache-wachbuch/.venv/lib/python3.12/site-packages/django/contrib/staticfiles/storage.py", line 601, in stored_name
    raise ValueError(
ValueError: Missing staticfiles manifest entry for 'core/icons/icon-192.png'

During handling of the above exception, another exception occurred:

Traceback (most recent call last):
  File "/Users/michaelkatschko/Projects/rettungswache-wachbuch/.venv/lib/python3.12/site-packages/gunicorn/workers/sync.py", line 141, in handle
    self.handle_request(listener, req, client, addr)
  File "/Users/michaelkatschko/Projects/rettungswache-wachbuch/.venv/lib/python3.12/site-packages/gunicorn/workers/sync.py", line 184, in handle_request
    respiter = self.wsgi(environ, resp.start_response)
               ^^^^^^^^^^^^^^^^^^^^^^^^^^^^^^^^^^^^^^^
  File "/Users/michaelkatschko/Projects/rettungswache-wachbuch/.venv/lib/python3.12/site-packages/django/core/handlers/wsgi.py", line 124, in __call__
    response = self.get_response(request)
               ^^^^^^^^^^^^^^^^^^^^^^^^^^
  File "/Users/michaelkatschko/Projects/rettungswache-wachbuch/.venv/lib/python3.12/site-packages/django/core/handlers/base.py", line 142, in get_response
    response = self._middleware_chain(request)
               ^^^^^^^^^^^^^^^^^^^^^^^^^^^^^^^
  File "/Users/michaelkatschko/Projects/rettungswache-wachbuch/.venv/lib/python3.12/site-packages/django/core/handlers/exception.py", line 58, in inner
    response = response_for_exception(request, exc)
               ^^^^^^^^^^^^^^^^^^^^^^^^^^^^^^^^^^^^
  File "/Users/michaelkatschko/Projects/rettungswache-wachbuch/.venv/lib/python3.12/site-packages/django/core/handlers/exception.py", line 142, in response_for_exception
    response = handle_uncaught_exception(
               ^^^^^^^^^^^^^^^^^^^^^^^^^^
  File "/Users/michaelkatschko/Projects/rettungswache-wachbuch/.venv/lib/python3.12/site-packages/django/core/handlers/exception.py", line 187, in handle_uncaught_exception
    return callback(request)
           ^^^^^^^^^^^^^^^^^
  File "/Users/michaelkatschko/Projects/rettungswache-wachbuch/core/views.py", line 162, in server_error
    response = render(
               ^^^^^^^
  File "/Users/michaelkatschko/Projects/rettungswache-wachbuch/.venv/lib/python3.12/site-packages/django/shortcuts.py", line 27, in render
    content = loader.render_to_string(template_name, context, request, using=using)
              ^^^^^^^^^^^^^^^^^^^^^^^^^^^^^^^^^^^^^^^^^^^^^^^^^^^^^^^^^^^^^^^^^^^^^
  File "/Users/michaelkatschko/Projects/rettungswache-wachbuch/.venv/lib/python3.12/site-packages/django/template/loader.py", line 62, in render_to_string
    return template.render(context, request)
           ^^^^^^^^^^^^^^^^^^^^^^^^^^^^^^^^^
  File "/Users/michaelkatschko/Projects/rettungswache-wachbuch/.venv/lib/python3.12/site-packages/django/template/backends/django.py", line 107, in render
    return self.template.render(context)
           ^^^^^^^^^^^^^^^^^^^^^^^^^^^^^
  File "/Users/michaelkatschko/Projects/rettungswache-wachbuch/.venv/lib/python3.12/site-packages/django/template/base.py", line 174, in render
    return self._render(context)
           ^^^^^^^^^^^^^^^^^^^^^
  File "/Users/michaelkatschko/Projects/rettungswache-wachbuch/.venv/lib/python3.12/site-packages/django/template/base.py", line 166, in _render
    return self.nodelist.render(context)
           ^^^^^^^^^^^^^^^^^^^^^^^^^^^^^
  File "/Users/michaelkatschko/Projects/rettungswache-wachbuch/.venv/lib/python3.12/site-packages/django/template/base.py", line 1107, in render
    return SafeString("".join([node.render_annotated(context) for node in self]))
                               ^^^^^^^^^^^^^^^^^^^^^^^^^^^^^^
  File "/Users/michaelkatschko/Projects/rettungswache-wachbuch/.venv/lib/python3.12/site-packages/django/template/base.py", line 1068, in render_annotated
    return self.render(context)
           ^^^^^^^^^^^^^^^^^^^^
  File "/Users/michaelkatschko/Projects/rettungswache-wachbuch/.venv/lib/python3.12/site-packages/django/template/loader_tags.py", line 160, in render
    return compiled_parent._render(context)
           ^^^^^^^^^^^^^^^^^^^^^^^^^^^^^^^^
  File "/Users/michaelkatschko/Projects/rettungswache-wachbuch/.venv/lib/python3.12/site-packages/django/template/base.py", line 166, in _render
    return self.nodelist.render(context)
           ^^^^^^^^^^^^^^^^^^^^^^^^^^^^^
  File "/Users/michaelkatschko/Projects/rettungswache-wachbuch/.venv/lib/python3.12/site-packages/django/template/base.py", line 1107, in render
    return SafeString("".join([node.render_annotated(context) for node in self]))
                               ^^^^^^^^^^^^^^^^^^^^^^^^^^^^^^
  File "/Users/michaelkatschko/Projects/rettungswache-wachbuch/.venv/lib/python3.12/site-packages/django/template/base.py", line 1068, in render_annotated
    return self.render(context)
           ^^^^^^^^^^^^^^^^^^^^
  File "/Users/michaelkatschko/Projects/rettungswache-wachbuch/.venv/lib/python3.12/site-packages/django/templatetags/static.py", line 116, in render
    url = self.url(context)
          ^^^^^^^^^^^^^^^^^
  File "/Users/michaelkatschko/Projects/rettungswache-wachbuch/.venv/lib/python3.12/site-packages/django/templatetags/static.py", line 113, in url
    return self.handle_simple(path)
           ^^^^^^^^^^^^^^^^^^^^^^^^
  File "/Users/michaelkatschko/Projects/rettungswache-wachbuch/.venv/lib/python3.12/site-packages/django/templatetags/static.py", line 129, in handle_simple
    return staticfiles_storage.url(path)
           ^^^^^^^^^^^^^^^^^^^^^^^^^^^^^
  File "/Users/michaelkatschko/Projects/rettungswache-wachbuch/.venv/lib/python3.12/site-packages/django/contrib/staticfiles/storage.py", line 235, in url
    return self._url(self.stored_name, name, force)
           ^^^^^^^^^^^^^^^^^^^^^^^^^^^^^^^^^^^^^^^^
  File "/Users/michaelkatschko/Projects/rettungswache-wachbuch/.venv/lib/python3.12/site-packages/django/contrib/staticfiles/storage.py", line 214, in _url
    hashed_name = hashed_name_func(*args)
                  ^^^^^^^^^^^^^^^^^^^^^^^
  File "/Users/michaelkatschko/Projects/rettungswache-wachbuch/.venv/lib/python3.12/site-packages/django/contrib/staticfiles/storage.py", line 601, in stored_name
    raise ValueError(
ValueError: Missing staticfiles manifest entry for 'core/icons/icon-192.png'
127.0.0.1 - - [13/Aug/2026:09:49:05 +0200] "GET / HTTP/1.1" 500 0 "-" "-"
2026-08-13 09:50:21,437 INFO wachbuch.requests request_started method=GET path=/anmelden/ correlation_id=7c64bbe9f87246d58568e0c0ad377883
2026-08-13 09:50:21,442 ERROR wachbuch.errors unhandled_exception message=handler500 method=GET path=/anmelden/ correlation_id=7c64bbe9f87246d58568e0c0ad377883
2026-08-13 09:50:21,444 ERROR wachbuch.errors unhandled_exception message=handler500 method=GET path=/anmelden/ correlation_id=7c64bbe9f87246d58568e0c0ad377883
2026-08-13 09:50:21,445 ERROR wachbuch.errors unhandled_exception message=handler500 method=GET path=/anmelden/ correlation_id=7c64bbe9f87246d58568e0c0ad377883
2026-08-13 09:50:21,449 ERROR wachbuch.errors unhandled_exception message=handler500 method=GET path=/anmelden/ correlation_id=7c64bbe9f87246d58568e0c0ad377883
2026-08-13 09:50:21,451 ERROR wachbuch.errors unhandled_exception message=request_failed method=GET path=/anmelden/ correlation_id=7c64bbe9f87246d58568e0c0ad377883
2026-08-13 09:50:21,452 ERROR wachbuch.errors unhandled_exception message=handler500 method=GET path=/anmelden/ correlation_id=7c64bbe9f87246d58568e0c0ad377883
2026-08-13 09:50:21,453 ERROR wachbuch.errors unhandled_exception message=handler500 method=GET path=/anmelden/ correlation_id=7c64bbe9f87246d58568e0c0ad377883
2026-08-13 09:50:21,455 ERROR wachbuch.errors unhandled_exception message=handler500 method=GET path=/anmelden/ correlation_id=7c64bbe9f87246d58568e0c0ad377883
2026-08-13 09:50:21,456 ERROR wachbuch.errors unhandled_exception message=handler500 method=GET path=/anmelden/ correlation_id=7c64bbe9f87246d58568e0c0ad377883
2026-08-13 09:50:21,457 ERROR wachbuch.errors unhandled_exception message=handler500 method=GET path=/anmelden/ correlation_id=7c64bbe9f87246d58568e0c0ad377883
2026-08-13 09:50:21,457 ERROR wachbuch.errors unhandled_exception message=handler500 method=GET path=/anmelden/ correlation_id=7c64bbe9f87246d58568e0c0ad377883
2026-08-13 09:50:21,458 ERROR wachbuch.errors unhandled_exception message=handler500 method=GET path=/anmelden/ correlation_id=7c64bbe9f87246d58568e0c0ad377883
2026-08-13 09:50:21,458 ERROR wachbuch.errors unhandled_exception message=handler500 method=GET path=/anmelden/ correlation_id=7c64bbe9f87246d58568e0c0ad377883
2026-08-13 09:50:21,458 ERROR wachbuch.errors unhandled_exception message=handler500 method=GET path=/anmelden/ correlation_id=7c64bbe9f87246d58568e0c0ad377883
[2026-08-13 09:50:21 +0200] [58345] [ERROR] Error handling request GET /anmelden/
Traceback (most recent call last):
  File "/Users/michaelkatschko/Projects/rettungswache-wachbuch/.venv/lib/python3.12/site-packages/django/core/handlers/exception.py", line 56, in inner
    response = get_response(request)
               ^^^^^^^^^^^^^^^^^^^^^
  File "/Users/michaelkatschko/Projects/rettungswache-wachbuch/.venv/lib/python3.12/site-packages/django/core/handlers/base.py", line 222, in _get_response
    response = response.render()
               ^^^^^^^^^^^^^^^^^
  File "/Users/michaelkatschko/Projects/rettungswache-wachbuch/.venv/lib/python3.12/site-packages/django/template/response.py", line 114, in render
    self.content = self.rendered_content
                   ^^^^^^^^^^^^^^^^^^^^^
  File "/Users/michaelkatschko/Projects/rettungswache-wachbuch/.venv/lib/python3.12/site-packages/django/template/response.py", line 92, in rendered_content
    return template.render(context, self._request)
           ^^^^^^^^^^^^^^^^^^^^^^^^^^^^^^^^^^^^^^^
  File "/Users/michaelkatschko/Projects/rettungswache-wachbuch/.venv/lib/python3.12/site-packages/django/template/backends/django.py", line 107, in render
    return self.template.render(context)
           ^^^^^^^^^^^^^^^^^^^^^^^^^^^^^
  File "/Users/michaelkatschko/Projects/rettungswache-wachbuch/.venv/lib/python3.12/site-packages/django/template/base.py", line 174, in render
    return self._render(context)
           ^^^^^^^^^^^^^^^^^^^^^
  File "/Users/michaelkatschko/Projects/rettungswache-wachbuch/.venv/lib/python3.12/site-packages/django/template/base.py", line 166, in _render
    return self.nodelist.render(context)
           ^^^^^^^^^^^^^^^^^^^^^^^^^^^^^
  File "/Users/michaelkatschko/Projects/rettungswache-wachbuch/.venv/lib/python3.12/site-packages/django/template/base.py", line 1107, in render
    return SafeString("".join([node.render_annotated(context) for node in self]))
                               ^^^^^^^^^^^^^^^^^^^^^^^^^^^^^^
  File "/Users/michaelkatschko/Projects/rettungswache-wachbuch/.venv/lib/python3.12/site-packages/django/template/base.py", line 1068, in render_annotated
    return self.render(context)
           ^^^^^^^^^^^^^^^^^^^^
  File "/Users/michaelkatschko/Projects/rettungswache-wachbuch/.venv/lib/python3.12/site-packages/django/template/loader_tags.py", line 160, in render
    return compiled_parent._render(context)
           ^^^^^^^^^^^^^^^^^^^^^^^^^^^^^^^^
  File "/Users/michaelkatschko/Projects/rettungswache-wachbuch/.venv/lib/python3.12/site-packages/django/template/base.py", line 166, in _render
    return self.nodelist.render(context)
           ^^^^^^^^^^^^^^^^^^^^^^^^^^^^^
  File "/Users/michaelkatschko/Projects/rettungswache-wachbuch/.venv/lib/python3.12/site-packages/django/template/base.py", line 1107, in render
    return SafeString("".join([node.render_annotated(context) for node in self]))
                               ^^^^^^^^^^^^^^^^^^^^^^^^^^^^^^
  File "/Users/michaelkatschko/Projects/rettungswache-wachbuch/.venv/lib/python3.12/site-packages/django/template/base.py", line 1068, in render_annotated
    return self.render(context)
           ^^^^^^^^^^^^^^^^^^^^
  File "/Users/michaelkatschko/Projects/rettungswache-wachbuch/.venv/lib/python3.12/site-packages/django/templatetags/static.py", line 116, in render
    url = self.url(context)
          ^^^^^^^^^^^^^^^^^
  File "/Users/michaelkatschko/Projects/rettungswache-wachbuch/.venv/lib/python3.12/site-packages/django/templatetags/static.py", line 113, in url
    return self.handle_simple(path)
           ^^^^^^^^^^^^^^^^^^^^^^^^
  File "/Users/michaelkatschko/Projects/rettungswache-wachbuch/.venv/lib/python3.12/site-packages/django/templatetags/static.py", line 129, in handle_simple
    return staticfiles_storage.url(path)
           ^^^^^^^^^^^^^^^^^^^^^^^^^^^^^
  File "/Users/michaelkatschko/Projects/rettungswache-wachbuch/.venv/lib/python3.12/site-packages/django/contrib/staticfiles/storage.py", line 235, in url
    return self._url(self.stored_name, name, force)
           ^^^^^^^^^^^^^^^^^^^^^^^^^^^^^^^^^^^^^^^^
  File "/Users/michaelkatschko/Projects/rettungswache-wachbuch/.venv/lib/python3.12/site-packages/django/contrib/staticfiles/storage.py", line 214, in _url
    hashed_name = hashed_name_func(*args)
                  ^^^^^^^^^^^^^^^^^^^^^^^
  File "/Users/michaelkatschko/Projects/rettungswache-wachbuch/.venv/lib/python3.12/site-packages/django/contrib/staticfiles/storage.py", line 601, in stored_name
    raise ValueError(
ValueError: Missing staticfiles manifest entry for 'core/icons/icon-192.png'

During handling of the above exception, another exception occurred:

Traceback (most recent call last):
  File "/Users/michaelkatschko/Projects/rettungswache-wachbuch/.venv/lib/python3.12/site-packages/django/core/handlers/exception.py", line 56, in inner
    response = get_response(request)
               ^^^^^^^^^^^^^^^^^^^^^
  File "/Users/michaelkatschko/Projects/rettungswache-wachbuch/.venv/lib/python3.12/site-packages/axes/middleware.py", line 47, in __call__
    response = self.get_response(request)
               ^^^^^^^^^^^^^^^^^^^^^^^^^^
  File "/Users/michaelkatschko/Projects/rettungswache-wachbuch/.venv/lib/python3.12/site-packages/django/core/handlers/exception.py", line 58, in inner
    response = response_for_exception(request, exc)
               ^^^^^^^^^^^^^^^^^^^^^^^^^^^^^^^^^^^^
  File "/Users/michaelkatschko/Projects/rettungswache-wachbuch/.venv/lib/python3.12/site-packages/django/core/handlers/exception.py", line 142, in response_for_exception
    response = handle_uncaught_exception(
               ^^^^^^^^^^^^^^^^^^^^^^^^^^
  File "/Users/michaelkatschko/Projects/rettungswache-wachbuch/.venv/lib/python3.12/site-packages/django/core/handlers/exception.py", line 187, in handle_uncaught_exception
    return callback(request)
           ^^^^^^^^^^^^^^^^^
  File "/Users/michaelkatschko/Projects/rettungswache-wachbuch/core/views.py", line 162, in server_error
    response = render(
               ^^^^^^^
  File "/Users/michaelkatschko/Projects/rettungswache-wachbuch/.venv/lib/python3.12/site-packages/django/shortcuts.py", line 27, in render
    content = loader.render_to_string(template_name, context, request, using=using)
              ^^^^^^^^^^^^^^^^^^^^^^^^^^^^^^^^^^^^^^^^^^^^^^^^^^^^^^^^^^^^^^^^^^^^^
  File "/Users/michaelkatschko/Projects/rettungswache-wachbuch/.venv/lib/python3.12/site-packages/django/template/loader.py", line 62, in render_to_string
    return template.render(context, request)
           ^^^^^^^^^^^^^^^^^^^^^^^^^^^^^^^^^
  File "/Users/michaelkatschko/Projects/rettungswache-wachbuch/.venv/lib/python3.12/site-packages/django/template/backends/django.py", line 107, in render
    return self.template.render(context)
           ^^^^^^^^^^^^^^^^^^^^^^^^^^^^^
  File "/Users/michaelkatschko/Projects/rettungswache-wachbuch/.venv/lib/python3.12/site-packages/django/template/base.py", line 174, in render
    return self._render(context)
           ^^^^^^^^^^^^^^^^^^^^^
  File "/Users/michaelkatschko/Projects/rettungswache-wachbuch/.venv/lib/python3.12/site-packages/django/template/base.py", line 166, in _render
    return self.nodelist.render(context)
           ^^^^^^^^^^^^^^^^^^^^^^^^^^^^^
  File "/Users/michaelkatschko/Projects/rettungswache-wachbuch/.venv/lib/python3.12/site-packages/django/template/base.py", line 1107, in render
    return SafeString("".join([node.render_annotated(context) for node in self]))
                               ^^^^^^^^^^^^^^^^^^^^^^^^^^^^^^
  File "/Users/michaelkatschko/Projects/rettungswache-wachbuch/.venv/lib/python3.12/site-packages/django/template/base.py", line 1068, in render_annotated
    return self.render(context)
           ^^^^^^^^^^^^^^^^^^^^
  File "/Users/michaelkatschko/Projects/rettungswache-wachbuch/.venv/lib/python3.12/site-packages/django/template/loader_tags.py", line 160, in render
    return compiled_parent._render(context)
           ^^^^^^^^^^^^^^^^^^^^^^^^^^^^^^^^
  File "/Users/michaelkatschko/Projects/rettungswache-wachbuch/.venv/lib/python3.12/site-packages/django/template/base.py", line 166, in _render
    return self.nodelist.render(context)
           ^^^^^^^^^^^^^^^^^^^^^^^^^^^^^
  File "/Users/michaelkatschko/Projects/rettungswache-wachbuch/.venv/lib/python3.12/site-packages/django/template/base.py", line 1107, in render
    return SafeString("".join([node.render_annotated(context) for node in self]))
                               ^^^^^^^^^^^^^^^^^^^^^^^^^^^^^^
  File "/Users/michaelkatschko/Projects/rettungswache-wachbuch/.venv/lib/python3.12/site-packages/django/template/base.py", line 1068, in render_annotated
    return self.render(context)
           ^^^^^^^^^^^^^^^^^^^^
  File "/Users/michaelkatschko/Projects/rettungswache-wachbuch/.venv/lib/python3.12/site-packages/django/templatetags/static.py", line 116, in render
    url = self.url(context)
          ^^^^^^^^^^^^^^^^^
  File "/Users/michaelkatschko/Projects/rettungswache-wachbuch/.venv/lib/python3.12/site-packages/django/templatetags/static.py", line 113, in url
    return self.handle_simple(path)
           ^^^^^^^^^^^^^^^^^^^^^^^^
  File "/Users/michaelkatschko/Projects/rettungswache-wachbuch/.venv/lib/python3.12/site-packages/django/templatetags/static.py", line 129, in handle_simple
    return staticfiles_storage.url(path)
           ^^^^^^^^^^^^^^^^^^^^^^^^^^^^^
  File "/Users/michaelkatschko/Projects/rettungswache-wachbuch/.venv/lib/python3.12/site-packages/django/contrib/staticfiles/storage.py", line 235, in url
    return self._url(self.stored_name, name, force)
           ^^^^^^^^^^^^^^^^^^^^^^^^^^^^^^^^^^^^^^^^
  File "/Users/michaelkatschko/Projects/rettungswache-wachbuch/.venv/lib/python3.12/site-packages/django/contrib/staticfiles/storage.py", line 214, in _url
    hashed_name = hashed_name_func(*args)
                  ^^^^^^^^^^^^^^^^^^^^^^^
  File "/Users/michaelkatschko/Projects/rettungswache-wachbuch/.venv/lib/python3.12/site-packages/django/contrib/staticfiles/storage.py", line 601, in stored_name
    raise ValueError(
ValueError: Missing staticfiles manifest entry for 'core/icons/icon-192.png'

During handling of the above exception, another exception occurred:

Traceback (most recent call last):
  File "/Users/michaelkatschko/Projects/rettungswache-wachbuch/.venv/lib/python3.12/site-packages/django/core/handlers/exception.py", line 56, in inner
    response = get_response(request)
               ^^^^^^^^^^^^^^^^^^^^^
  File "/Users/michaelkatschko/Projects/rettungswache-wachbuch/core/middleware.py", line 90, in __call__
    return self.get_response(request)
           ^^^^^^^^^^^^^^^^^^^^^^^^^^
  File "/Users/michaelkatschko/Projects/rettungswache-wachbuch/.venv/lib/python3.12/site-packages/django/core/handlers/exception.py", line 58, in inner
    response = response_for_exception(request, exc)
               ^^^^^^^^^^^^^^^^^^^^^^^^^^^^^^^^^^^^
  File "/Users/michaelkatschko/Projects/rettungswache-wachbuch/.venv/lib/python3.12/site-packages/django/core/handlers/exception.py", line 142, in response_for_exception
    response = handle_uncaught_exception(
               ^^^^^^^^^^^^^^^^^^^^^^^^^^
  File "/Users/michaelkatschko/Projects/rettungswache-wachbuch/.venv/lib/python3.12/site-packages/django/core/handlers/exception.py", line 187, in handle_uncaught_exception
    return callback(request)
           ^^^^^^^^^^^^^^^^^
  File "/Users/michaelkatschko/Projects/rettungswache-wachbuch/core/views.py", line 162, in server_error
    response = render(
               ^^^^^^^
  File "/Users/michaelkatschko/Projects/rettungswache-wachbuch/.venv/lib/python3.12/site-packages/django/shortcuts.py", line 27, in render
    content = loader.render_to_string(template_name, context, request, using=using)
              ^^^^^^^^^^^^^^^^^^^^^^^^^^^^^^^^^^^^^^^^^^^^^^^^^^^^^^^^^^^^^^^^^^^^^
  File "/Users/michaelkatschko/Projects/rettungswache-wachbuch/.venv/lib/python3.12/site-packages/django/template/loader.py", line 62, in render_to_string
    return template.render(context, request)
           ^^^^^^^^^^^^^^^^^^^^^^^^^^^^^^^^^
  File "/Users/michaelkatschko/Projects/rettungswache-wachbuch/.venv/lib/python3.12/site-packages/django/template/backends/django.py", line 107, in render
    return self.template.render(context)
           ^^^^^^^^^^^^^^^^^^^^^^^^^^^^^
  File "/Users/michaelkatschko/Projects/rettungswache-wachbuch/.venv/lib/python3.12/site-packages/django/template/base.py", line 174, in render
    return self._render(context)
           ^^^^^^^^^^^^^^^^^^^^^
  File "/Users/michaelkatschko/Projects/rettungswache-wachbuch/.venv/lib/python3.12/site-packages/django/template/base.py", line 166, in _render
    return self.nodelist.render(context)
           ^^^^^^^^^^^^^^^^^^^^^^^^^^^^^
  File "/Users/michaelkatschko/Projects/rettungswache-wachbuch/.venv/lib/python3.12/site-packages/django/template/base.py", line 1107, in render
    return SafeString("".join([node.render_annotated(context) for node in self]))
                               ^^^^^^^^^^^^^^^^^^^^^^^^^^^^^^
  File "/Users/michaelkatschko/Projects/rettungswache-wachbuch/.venv/lib/python3.12/site-packages/django/template/base.py", line 1068, in render_annotated
    return self.render(context)
           ^^^^^^^^^^^^^^^^^^^^
  File "/Users/michaelkatschko/Projects/rettungswache-wachbuch/.venv/lib/python3.12/site-packages/django/template/loader_tags.py", line 160, in render
    return compiled_parent._render(context)
           ^^^^^^^^^^^^^^^^^^^^^^^^^^^^^^^^
  File "/Users/michaelkatschko/Projects/rettungswache-wachbuch/.venv/lib/python3.12/site-packages/django/template/base.py", line 166, in _render
    return self.nodelist.render(context)
           ^^^^^^^^^^^^^^^^^^^^^^^^^^^^^
  File "/Users/michaelkatschko/Projects/rettungswache-wachbuch/.venv/lib/python3.12/site-packages/django/template/base.py", line 1107, in render
    return SafeString("".join([node.render_annotated(context) for node in self]))
                               ^^^^^^^^^^^^^^^^^^^^^^^^^^^^^^
  File "/Users/michaelkatschko/Projects/rettungswache-wachbuch/.venv/lib/python3.12/site-packages/django/template/base.py", line 1068, in render_annotated
    return self.render(context)
           ^^^^^^^^^^^^^^^^^^^^
  File "/Users/michaelkatschko/Projects/rettungswache-wachbuch/.venv/lib/python3.12/site-packages/django/templatetags/static.py", line 116, in render
    url = self.url(context)
          ^^^^^^^^^^^^^^^^^
  File "/Users/michaelkatschko/Projects/rettungswache-wachbuch/.venv/lib/python3.12/site-packages/django/templatetags/static.py", line 113, in url
    return self.handle_simple(path)
           ^^^^^^^^^^^^^^^^^^^^^^^^
  File "/Users/michaelkatschko/Projects/rettungswache-wachbuch/.venv/lib/python3.12/site-packages/django/templatetags/static.py", line 129, in handle_simple
    return staticfiles_storage.url(path)
           ^^^^^^^^^^^^^^^^^^^^^^^^^^^^^
  File "/Users/michaelkatschko/Projects/rettungswache-wachbuch/.venv/lib/python3.12/site-packages/django/contrib/staticfiles/storage.py", line 235, in url
    return self._url(self.stored_name, name, force)
           ^^^^^^^^^^^^^^^^^^^^^^^^^^^^^^^^^^^^^^^^
  File "/Users/michaelkatschko/Projects/rettungswache-wachbuch/.venv/lib/python3.12/site-packages/django/contrib/staticfiles/storage.py", line 214, in _url
    hashed_name = hashed_name_func(*args)
                  ^^^^^^^^^^^^^^^^^^^^^^^
  File "/Users/michaelkatschko/Projects/rettungswache-wachbuch/.venv/lib/python3.12/site-packages/django/contrib/staticfiles/storage.py", line 601, in stored_name
    raise ValueError(
ValueError: Missing staticfiles manifest entry for 'core/icons/icon-192.png'

During handling of the above exception, another exception occurred:

Traceback (most recent call last):
  File "/Users/michaelkatschko/Projects/rettungswache-wachbuch/.venv/lib/python3.12/site-packages/django/core/handlers/exception.py", line 56, in inner
    response = get_response(request)
               ^^^^^^^^^^^^^^^^^^^^^
  File "/Users/michaelkatschko/Projects/rettungswache-wachbuch/core/middleware.py", line 28, in __call__
    response = self.get_response(request)
               ^^^^^^^^^^^^^^^^^^^^^^^^^^
  File "/Users/michaelkatschko/Projects/rettungswache-wachbuch/.venv/lib/python3.12/site-packages/django/core/handlers/exception.py", line 58, in inner
    response = response_for_exception(request, exc)
               ^^^^^^^^^^^^^^^^^^^^^^^^^^^^^^^^^^^^
  File "/Users/michaelkatschko/Projects/rettungswache-wachbuch/.venv/lib/python3.12/site-packages/django/core/handlers/exception.py", line 142, in response_for_exception
    response = handle_uncaught_exception(
               ^^^^^^^^^^^^^^^^^^^^^^^^^^
  File "/Users/michaelkatschko/Projects/rettungswache-wachbuch/.venv/lib/python3.12/site-packages/django/core/handlers/exception.py", line 187, in handle_uncaught_exception
    return callback(request)
           ^^^^^^^^^^^^^^^^^
  File "/Users/michaelkatschko/Projects/rettungswache-wachbuch/core/views.py", line 162, in server_error
    response = render(
               ^^^^^^^
  File "/Users/michaelkatschko/Projects/rettungswache-wachbuch/.venv/lib/python3.12/site-packages/django/shortcuts.py", line 27, in render
    content = loader.render_to_string(template_name, context, request, using=using)
              ^^^^^^^^^^^^^^^^^^^^^^^^^^^^^^^^^^^^^^^^^^^^^^^^^^^^^^^^^^^^^^^^^^^^^
  File "/Users/michaelkatschko/Projects/rettungswache-wachbuch/.venv/lib/python3.12/site-packages/django/template/loader.py", line 62, in render_to_string
    return template.render(context, request)
           ^^^^^^^^^^^^^^^^^^^^^^^^^^^^^^^^^
  File "/Users/michaelkatschko/Projects/rettungswache-wachbuch/.venv/lib/python3.12/site-packages/django/template/backends/django.py", line 107, in render
    return self.template.render(context)
           ^^^^^^^^^^^^^^^^^^^^^^^^^^^^^
  File "/Users/michaelkatschko/Projects/rettungswache-wachbuch/.venv/lib/python3.12/site-packages/django/template/base.py", line 174, in render
    return self._render(context)
           ^^^^^^^^^^^^^^^^^^^^^
  File "/Users/michaelkatschko/Projects/rettungswache-wachbuch/.venv/lib/python3.12/site-packages/django/template/base.py", line 166, in _render
    return self.nodelist.render(context)
           ^^^^^^^^^^^^^^^^^^^^^^^^^^^^^
  File "/Users/michaelkatschko/Projects/rettungswache-wachbuch/.venv/lib/python3.12/site-packages/django/template/base.py", line 1107, in render
    return SafeString("".join([node.render_annotated(context) for node in self]))
                               ^^^^^^^^^^^^^^^^^^^^^^^^^^^^^^
  File "/Users/michaelkatschko/Projects/rettungswache-wachbuch/.venv/lib/python3.12/site-packages/django/template/base.py", line 1068, in render_annotated
    return self.render(context)
           ^^^^^^^^^^^^^^^^^^^^
  File "/Users/michaelkatschko/Projects/rettungswache-wachbuch/.venv/lib/python3.12/site-packages/django/template/loader_tags.py", line 160, in render
    return compiled_parent._render(context)
           ^^^^^^^^^^^^^^^^^^^^^^^^^^^^^^^^
  File "/Users/michaelkatschko/Projects/rettungswache-wachbuch/.venv/lib/python3.12/site-packages/django/template/base.py", line 166, in _render
    return self.nodelist.render(context)
           ^^^^^^^^^^^^^^^^^^^^^^^^^^^^^
  File "/Users/michaelkatschko/Projects/rettungswache-wachbuch/.venv/lib/python3.12/site-packages/django/template/base.py", line 1107, in render
    return SafeString("".join([node.render_annotated(context) for node in self]))
                               ^^^^^^^^^^^^^^^^^^^^^^^^^^^^^^
  File "/Users/michaelkatschko/Projects/rettungswache-wachbuch/.venv/lib/python3.12/site-packages/django/template/base.py", line 1068, in render_annotated
    return self.render(context)
           ^^^^^^^^^^^^^^^^^^^^
  File "/Users/michaelkatschko/Projects/rettungswache-wachbuch/.venv/lib/python3.12/site-packages/django/templatetags/static.py", line 116, in render
    url = self.url(context)
          ^^^^^^^^^^^^^^^^^
  File "/Users/michaelkatschko/Projects/rettungswache-wachbuch/.venv/lib/python3.12/site-packages/django/templatetags/static.py", line 113, in url
    return self.handle_simple(path)
           ^^^^^^^^^^^^^^^^^^^^^^^^
  File "/Users/michaelkatschko/Projects/rettungswache-wachbuch/.venv/lib/python3.12/site-packages/django/templatetags/static.py", line 129, in handle_simple
    return staticfiles_storage.url(path)
           ^^^^^^^^^^^^^^^^^^^^^^^^^^^^^
  File "/Users/michaelkatschko/Projects/rettungswache-wachbuch/.venv/lib/python3.12/site-packages/django/contrib/staticfiles/storage.py", line 235, in url
    return self._url(self.stored_name, name, force)
           ^^^^^^^^^^^^^^^^^^^^^^^^^^^^^^^^^^^^^^^^
  File "/Users/michaelkatschko/Projects/rettungswache-wachbuch/.venv/lib/python3.12/site-packages/django/contrib/staticfiles/storage.py", line 214, in _url
    hashed_name = hashed_name_func(*args)
                  ^^^^^^^^^^^^^^^^^^^^^^^
  File "/Users/michaelkatschko/Projects/rettungswache-wachbuch/.venv/lib/python3.12/site-packages/django/contrib/staticfiles/storage.py", line 601, in stored_name
    raise ValueError(
ValueError: Missing staticfiles manifest entry for 'core/icons/icon-192.png'

During handling of the above exception, another exception occurred:

Traceback (most recent call last):
  File "/Users/michaelkatschko/Projects/rettungswache-wachbuch/.venv/lib/python3.12/site-packages/django/core/handlers/exception.py", line 56, in inner
    response = get_response(request)
               ^^^^^^^^^^^^^^^^^^^^^
  File "/Users/michaelkatschko/Projects/rettungswache-wachbuch/core/middleware.py", line 76, in __call__
    response = self.get_response(request)
               ^^^^^^^^^^^^^^^^^^^^^^^^^^
  File "/Users/michaelkatschko/Projects/rettungswache-wachbuch/.venv/lib/python3.12/site-packages/django/core/handlers/exception.py", line 58, in inner
    response = response_for_exception(request, exc)
               ^^^^^^^^^^^^^^^^^^^^^^^^^^^^^^^^^^^^
  File "/Users/michaelkatschko/Projects/rettungswache-wachbuch/.venv/lib/python3.12/site-packages/django/core/handlers/exception.py", line 142, in response_for_exception
    response = handle_uncaught_exception(
               ^^^^^^^^^^^^^^^^^^^^^^^^^^
  File "/Users/michaelkatschko/Projects/rettungswache-wachbuch/.venv/lib/python3.12/site-packages/django/core/handlers/exception.py", line 187, in handle_uncaught_exception
    return callback(request)
           ^^^^^^^^^^^^^^^^^
  File "/Users/michaelkatschko/Projects/rettungswache-wachbuch/core/views.py", line 162, in server_error
    response = render(
               ^^^^^^^
  File "/Users/michaelkatschko/Projects/rettungswache-wachbuch/.venv/lib/python3.12/site-packages/django/shortcuts.py", line 27, in render
    content = loader.render_to_string(template_name, context, request, using=using)
              ^^^^^^^^^^^^^^^^^^^^^^^^^^^^^^^^^^^^^^^^^^^^^^^^^^^^^^^^^^^^^^^^^^^^^
  File "/Users/michaelkatschko/Projects/rettungswache-wachbuch/.venv/lib/python3.12/site-packages/django/template/loader.py", line 62, in render_to_string
    return template.render(context, request)
           ^^^^^^^^^^^^^^^^^^^^^^^^^^^^^^^^^
  File "/Users/michaelkatschko/Projects/rettungswache-wachbuch/.venv/lib/python3.12/site-packages/django/template/backends/django.py", line 107, in render
    return self.template.render(context)
           ^^^^^^^^^^^^^^^^^^^^^^^^^^^^^
  File "/Users/michaelkatschko/Projects/rettungswache-wachbuch/.venv/lib/python3.12/site-packages/django/template/base.py", line 174, in render
    return self._render(context)
           ^^^^^^^^^^^^^^^^^^^^^
  File "/Users/michaelkatschko/Projects/rettungswache-wachbuch/.venv/lib/python3.12/site-packages/django/template/base.py", line 166, in _render
    return self.nodelist.render(context)
           ^^^^^^^^^^^^^^^^^^^^^^^^^^^^^
  File "/Users/michaelkatschko/Projects/rettungswache-wachbuch/.venv/lib/python3.12/site-packages/django/template/base.py", line 1107, in render
    return SafeString("".join([node.render_annotated(context) for node in self]))
                               ^^^^^^^^^^^^^^^^^^^^^^^^^^^^^^
  File "/Users/michaelkatschko/Projects/rettungswache-wachbuch/.venv/lib/python3.12/site-packages/django/template/base.py", line 1068, in render_annotated
    return self.render(context)
           ^^^^^^^^^^^^^^^^^^^^
  File "/Users/michaelkatschko/Projects/rettungswache-wachbuch/.venv/lib/python3.12/site-packages/django/template/loader_tags.py", line 160, in render
    return compiled_parent._render(context)
           ^^^^^^^^^^^^^^^^^^^^^^^^^^^^^^^^
  File "/Users/michaelkatschko/Projects/rettungswache-wachbuch/.venv/lib/python3.12/site-packages/django/template/base.py", line 166, in _render
    return self.nodelist.render(context)
           ^^^^^^^^^^^^^^^^^^^^^^^^^^^^^
  File "/Users/michaelkatschko/Projects/rettungswache-wachbuch/.venv/lib/python3.12/site-packages/django/template/base.py", line 1107, in render
    return SafeString("".join([node.render_annotated(context) for node in self]))
                               ^^^^^^^^^^^^^^^^^^^^^^^^^^^^^^
  File "/Users/michaelkatschko/Projects/rettungswache-wachbuch/.venv/lib/python3.12/site-packages/django/template/base.py", line 1068, in render_annotated
    return self.render(context)
           ^^^^^^^^^^^^^^^^^^^^
  File "/Users/michaelkatschko/Projects/rettungswache-wachbuch/.venv/lib/python3.12/site-packages/django/templatetags/static.py", line 116, in render
    url = self.url(context)
          ^^^^^^^^^^^^^^^^^
  File "/Users/michaelkatschko/Projects/rettungswache-wachbuch/.venv/lib/python3.12/site-packages/django/templatetags/static.py", line 113, in url
    return self.handle_simple(path)
           ^^^^^^^^^^^^^^^^^^^^^^^^
  File "/Users/michaelkatschko/Projects/rettungswache-wachbuch/.venv/lib/python3.12/site-packages/django/templatetags/static.py", line 129, in handle_simple
    return staticfiles_storage.url(path)
           ^^^^^^^^^^^^^^^^^^^^^^^^^^^^^
  File "/Users/michaelkatschko/Projects/rettungswache-wachbuch/.venv/lib/python3.12/site-packages/django/contrib/staticfiles/storage.py", line 235, in url
    return self._url(self.stored_name, name, force)
           ^^^^^^^^^^^^^^^^^^^^^^^^^^^^^^^^^^^^^^^^
  File "/Users/michaelkatschko/Projects/rettungswache-wachbuch/.venv/lib/python3.12/site-packages/django/contrib/staticfiles/storage.py", line 214, in _url
    hashed_name = hashed_name_func(*args)
                  ^^^^^^^^^^^^^^^^^^^^^^^
  File "/Users/michaelkatschko/Projects/rettungswache-wachbuch/.venv/lib/python3.12/site-packages/django/contrib/staticfiles/storage.py", line 601, in stored_name
    raise ValueError(
ValueError: Missing staticfiles manifest entry for 'core/icons/icon-192.png'

During handling of the above exception, another exception occurred:

Traceback (most recent call last):
  File "/Users/michaelkatschko/Projects/rettungswache-wachbuch/.venv/lib/python3.12/site-packages/django/core/handlers/exception.py", line 56, in inner
    response = get_response(request)
               ^^^^^^^^^^^^^^^^^^^^^
  File "/Users/michaelkatschko/Projects/rettungswache-wachbuch/.venv/lib/python3.12/site-packages/django/utils/deprecation.py", line 441, in __call__
    response = response or self.get_response(request)
                           ^^^^^^^^^^^^^^^^^^^^^^^^^^
  File "/Users/michaelkatschko/Projects/rettungswache-wachbuch/.venv/lib/python3.12/site-packages/django/core/handlers/exception.py", line 58, in inner
    response = response_for_exception(request, exc)
               ^^^^^^^^^^^^^^^^^^^^^^^^^^^^^^^^^^^^
  File "/Users/michaelkatschko/Projects/rettungswache-wachbuch/.venv/lib/python3.12/site-packages/django/core/handlers/exception.py", line 142, in response_for_exception
    response = handle_uncaught_exception(
               ^^^^^^^^^^^^^^^^^^^^^^^^^^
  File "/Users/michaelkatschko/Projects/rettungswache-wachbuch/.venv/lib/python3.12/site-packages/django/core/handlers/exception.py", line 187, in handle_uncaught_exception
    return callback(request)
           ^^^^^^^^^^^^^^^^^
  File "/Users/michaelkatschko/Projects/rettungswache-wachbuch/core/views.py", line 162, in server_error
    response = render(
               ^^^^^^^
  File "/Users/michaelkatschko/Projects/rettungswache-wachbuch/.venv/lib/python3.12/site-packages/django/shortcuts.py", line 27, in render
    content = loader.render_to_string(template_name, context, request, using=using)
              ^^^^^^^^^^^^^^^^^^^^^^^^^^^^^^^^^^^^^^^^^^^^^^^^^^^^^^^^^^^^^^^^^^^^^
  File "/Users/michaelkatschko/Projects/rettungswache-wachbuch/.venv/lib/python3.12/site-packages/django/template/loader.py", line 62, in render_to_string
    return template.render(context, request)
           ^^^^^^^^^^^^^^^^^^^^^^^^^^^^^^^^^
  File "/Users/michaelkatschko/Projects/rettungswache-wachbuch/.venv/lib/python3.12/site-packages/django/template/backends/django.py", line 107, in render
    return self.template.render(context)
           ^^^^^^^^^^^^^^^^^^^^^^^^^^^^^
  File "/Users/michaelkatschko/Projects/rettungswache-wachbuch/.venv/lib/python3.12/site-packages/django/template/base.py", line 174, in render
    return self._render(context)
           ^^^^^^^^^^^^^^^^^^^^^
  File "/Users/michaelkatschko/Projects/rettungswache-wachbuch/.venv/lib/python3.12/site-packages/django/template/base.py", line 166, in _render
    return self.nodelist.render(context)
           ^^^^^^^^^^^^^^^^^^^^^^^^^^^^^
  File "/Users/michaelkatschko/Projects/rettungswache-wachbuch/.venv/lib/python3.12/site-packages/django/template/base.py", line 1107, in render
    return SafeString("".join([node.render_annotated(context) for node in self]))
                               ^^^^^^^^^^^^^^^^^^^^^^^^^^^^^^
  File "/Users/michaelkatschko/Projects/rettungswache-wachbuch/.venv/lib/python3.12/site-packages/django/template/base.py", line 1068, in render_annotated
    return self.render(context)
           ^^^^^^^^^^^^^^^^^^^^
  File "/Users/michaelkatschko/Projects/rettungswache-wachbuch/.venv/lib/python3.12/site-packages/django/template/loader_tags.py", line 160, in render
    return compiled_parent._render(context)
           ^^^^^^^^^^^^^^^^^^^^^^^^^^^^^^^^
  File "/Users/michaelkatschko/Projects/rettungswache-wachbuch/.venv/lib/python3.12/site-packages/django/template/base.py", line 166, in _render
    return self.nodelist.render(context)
           ^^^^^^^^^^^^^^^^^^^^^^^^^^^^^
  File "/Users/michaelkatschko/Projects/rettungswache-wachbuch/.venv/lib/python3.12/site-packages/django/template/base.py", line 1107, in render
    return SafeString("".join([node.render_annotated(context) for node in self]))
                               ^^^^^^^^^^^^^^^^^^^^^^^^^^^^^^
  File "/Users/michaelkatschko/Projects/rettungswache-wachbuch/.venv/lib/python3.12/site-packages/django/template/base.py", line 1068, in render_annotated
    return self.render(context)
           ^^^^^^^^^^^^^^^^^^^^
  File "/Users/michaelkatschko/Projects/rettungswache-wachbuch/.venv/lib/python3.12/site-packages/django/templatetags/static.py", line 116, in render
    url = self.url(context)
          ^^^^^^^^^^^^^^^^^
  File "/Users/michaelkatschko/Projects/rettungswache-wachbuch/.venv/lib/python3.12/site-packages/django/templatetags/static.py", line 113, in url
    return self.handle_simple(path)
           ^^^^^^^^^^^^^^^^^^^^^^^^
  File "/Users/michaelkatschko/Projects/rettungswache-wachbuch/.venv/lib/python3.12/site-packages/django/templatetags/static.py", line 129, in handle_simple
    return staticfiles_storage.url(path)
           ^^^^^^^^^^^^^^^^^^^^^^^^^^^^^
  File "/Users/michaelkatschko/Projects/rettungswache-wachbuch/.venv/lib/python3.12/site-packages/django/contrib/staticfiles/storage.py", line 235, in url
    return self._url(self.stored_name, name, force)
           ^^^^^^^^^^^^^^^^^^^^^^^^^^^^^^^^^^^^^^^^
  File "/Users/michaelkatschko/Projects/rettungswache-wachbuch/.venv/lib/python3.12/site-packages/django/contrib/staticfiles/storage.py", line 214, in _url
    hashed_name = hashed_name_func(*args)
                  ^^^^^^^^^^^^^^^^^^^^^^^
  File "/Users/michaelkatschko/Projects/rettungswache-wachbuch/.venv/lib/python3.12/site-packages/django/contrib/staticfiles/storage.py", line 601, in stored_name
    raise ValueError(
ValueError: Missing staticfiles manifest entry for 'core/icons/icon-192.png'

During handling of the above exception, another exception occurred:

Traceback (most recent call last):
  File "/Users/michaelkatschko/Projects/rettungswache-wachbuch/.venv/lib/python3.12/site-packages/django/core/handlers/exception.py", line 56, in inner
    response = get_response(request)
               ^^^^^^^^^^^^^^^^^^^^^
  File "/Users/michaelkatschko/Projects/rettungswache-wachbuch/.venv/lib/python3.12/site-packages/django/utils/deprecation.py", line 441, in __call__
    response = response or self.get_response(request)
                           ^^^^^^^^^^^^^^^^^^^^^^^^^^
  File "/Users/michaelkatschko/Projects/rettungswache-wachbuch/.venv/lib/python3.12/site-packages/django/core/handlers/exception.py", line 58, in inner
    response = response_for_exception(request, exc)
               ^^^^^^^^^^^^^^^^^^^^^^^^^^^^^^^^^^^^
  File "/Users/michaelkatschko/Projects/rettungswache-wachbuch/.venv/lib/python3.12/site-packages/django/core/handlers/exception.py", line 142, in response_for_exception
    response = handle_uncaught_exception(
               ^^^^^^^^^^^^^^^^^^^^^^^^^^
  File "/Users/michaelkatschko/Projects/rettungswache-wachbuch/.venv/lib/python3.12/site-packages/django/core/handlers/exception.py", line 187, in handle_uncaught_exception
    return callback(request)
           ^^^^^^^^^^^^^^^^^
  File "/Users/michaelkatschko/Projects/rettungswache-wachbuch/core/views.py", line 162, in server_error
    response = render(
               ^^^^^^^
  File "/Users/michaelkatschko/Projects/rettungswache-wachbuch/.venv/lib/python3.12/site-packages/django/shortcuts.py", line 27, in render
    content = loader.render_to_string(template_name, context, request, using=using)
              ^^^^^^^^^^^^^^^^^^^^^^^^^^^^^^^^^^^^^^^^^^^^^^^^^^^^^^^^^^^^^^^^^^^^^
  File "/Users/michaelkatschko/Projects/rettungswache-wachbuch/.venv/lib/python3.12/site-packages/django/template/loader.py", line 62, in render_to_string
    return template.render(context, request)
           ^^^^^^^^^^^^^^^^^^^^^^^^^^^^^^^^^
  File "/Users/michaelkatschko/Projects/rettungswache-wachbuch/.venv/lib/python3.12/site-packages/django/template/backends/django.py", line 107, in render
    return self.template.render(context)
           ^^^^^^^^^^^^^^^^^^^^^^^^^^^^^
  File "/Users/michaelkatschko/Projects/rettungswache-wachbuch/.venv/lib/python3.12/site-packages/django/template/base.py", line 174, in render
    return self._render(context)
           ^^^^^^^^^^^^^^^^^^^^^
  File "/Users/michaelkatschko/Projects/rettungswache-wachbuch/.venv/lib/python3.12/site-packages/django/template/base.py", line 166, in _render
    return self.nodelist.render(context)
           ^^^^^^^^^^^^^^^^^^^^^^^^^^^^^
  File "/Users/michaelkatschko/Projects/rettungswache-wachbuch/.venv/lib/python3.12/site-packages/django/template/base.py", line 1107, in render
    return SafeString("".join([node.render_annotated(context) for node in self]))
                               ^^^^^^^^^^^^^^^^^^^^^^^^^^^^^^
  File "/Users/michaelkatschko/Projects/rettungswache-wachbuch/.venv/lib/python3.12/site-packages/django/template/base.py", line 1068, in render_annotated
    return self.render(context)
           ^^^^^^^^^^^^^^^^^^^^
  File "/Users/michaelkatschko/Projects/rettungswache-wachbuch/.venv/lib/python3.12/site-packages/django/template/loader_tags.py", line 160, in render
    return compiled_parent._render(context)
           ^^^^^^^^^^^^^^^^^^^^^^^^^^^^^^^^
  File "/Users/michaelkatschko/Projects/rettungswache-wachbuch/.venv/lib/python3.12/site-packages/django/template/base.py", line 166, in _render
    return self.nodelist.render(context)
           ^^^^^^^^^^^^^^^^^^^^^^^^^^^^^
  File "/Users/michaelkatschko/Projects/rettungswache-wachbuch/.venv/lib/python3.12/site-packages/django/template/base.py", line 1107, in render
    return SafeString("".join([node.render_annotated(context) for node in self]))
                               ^^^^^^^^^^^^^^^^^^^^^^^^^^^^^^
  File "/Users/michaelkatschko/Projects/rettungswache-wachbuch/.venv/lib/python3.12/site-packages/django/template/base.py", line 1068, in render_annotated
    return self.render(context)
           ^^^^^^^^^^^^^^^^^^^^
  File "/Users/michaelkatschko/Projects/rettungswache-wachbuch/.venv/lib/python3.12/site-packages/django/templatetags/static.py", line 116, in render
    url = self.url(context)
          ^^^^^^^^^^^^^^^^^
  File "/Users/michaelkatschko/Projects/rettungswache-wachbuch/.venv/lib/python3.12/site-packages/django/templatetags/static.py", line 113, in url
    return self.handle_simple(path)
           ^^^^^^^^^^^^^^^^^^^^^^^^
  File "/Users/michaelkatschko/Projects/rettungswache-wachbuch/.venv/lib/python3.12/site-packages/django/templatetags/static.py", line 129, in handle_simple
    return staticfiles_storage.url(path)
           ^^^^^^^^^^^^^^^^^^^^^^^^^^^^^
  File "/Users/michaelkatschko/Projects/rettungswache-wachbuch/.venv/lib/python3.12/site-packages/django/contrib/staticfiles/storage.py", line 235, in url
    return self._url(self.stored_name, name, force)
           ^^^^^^^^^^^^^^^^^^^^^^^^^^^^^^^^^^^^^^^^
  File "/Users/michaelkatschko/Projects/rettungswache-wachbuch/.venv/lib/python3.12/site-packages/django/contrib/staticfiles/storage.py", line 214, in _url
    hashed_name = hashed_name_func(*args)
                  ^^^^^^^^^^^^^^^^^^^^^^^
  File "/Users/michaelkatschko/Projects/rettungswache-wachbuch/.venv/lib/python3.12/site-packages/django/contrib/staticfiles/storage.py", line 601, in stored_name
    raise ValueError(
ValueError: Missing staticfiles manifest entry for 'core/icons/icon-192.png'

During handling of the above exception, another exception occurred:

Traceback (most recent call last):
  File "/Users/michaelkatschko/Projects/rettungswache-wachbuch/.venv/lib/python3.12/site-packages/django/core/handlers/exception.py", line 56, in inner
    response = get_response(request)
               ^^^^^^^^^^^^^^^^^^^^^
  File "/Users/michaelkatschko/Projects/rettungswache-wachbuch/.venv/lib/python3.12/site-packages/django/utils/deprecation.py", line 441, in __call__
    response = response or self.get_response(request)
                           ^^^^^^^^^^^^^^^^^^^^^^^^^^
  File "/Users/michaelkatschko/Projects/rettungswache-wachbuch/.venv/lib/python3.12/site-packages/django/core/handlers/exception.py", line 58, in inner
    response = response_for_exception(request, exc)
               ^^^^^^^^^^^^^^^^^^^^^^^^^^^^^^^^^^^^
  File "/Users/michaelkatschko/Projects/rettungswache-wachbuch/.venv/lib/python3.12/site-packages/django/core/handlers/exception.py", line 142, in response_for_exception
    response = handle_uncaught_exception(
               ^^^^^^^^^^^^^^^^^^^^^^^^^^
  File "/Users/michaelkatschko/Projects/rettungswache-wachbuch/.venv/lib/python3.12/site-packages/django/core/handlers/exception.py", line 187, in handle_uncaught_exception
    return callback(request)
           ^^^^^^^^^^^^^^^^^
  File "/Users/michaelkatschko/Projects/rettungswache-wachbuch/core/views.py", line 162, in server_error
    response = render(
               ^^^^^^^
  File "/Users/michaelkatschko/Projects/rettungswache-wachbuch/.venv/lib/python3.12/site-packages/django/shortcuts.py", line 27, in render
    content = loader.render_to_string(template_name, context, request, using=using)
              ^^^^^^^^^^^^^^^^^^^^^^^^^^^^^^^^^^^^^^^^^^^^^^^^^^^^^^^^^^^^^^^^^^^^^
  File "/Users/michaelkatschko/Projects/rettungswache-wachbuch/.venv/lib/python3.12/site-packages/django/template/loader.py", line 62, in render_to_string
    return template.render(context, request)
           ^^^^^^^^^^^^^^^^^^^^^^^^^^^^^^^^^
  File "/Users/michaelkatschko/Projects/rettungswache-wachbuch/.venv/lib/python3.12/site-packages/django/template/backends/django.py", line 107, in render
    return self.template.render(context)
           ^^^^^^^^^^^^^^^^^^^^^^^^^^^^^
  File "/Users/michaelkatschko/Projects/rettungswache-wachbuch/.venv/lib/python3.12/site-packages/django/template/base.py", line 174, in render
    return self._render(context)
           ^^^^^^^^^^^^^^^^^^^^^
  File "/Users/michaelkatschko/Projects/rettungswache-wachbuch/.venv/lib/python3.12/site-packages/django/template/base.py", line 166, in _render
    return self.nodelist.render(context)
           ^^^^^^^^^^^^^^^^^^^^^^^^^^^^^
  File "/Users/michaelkatschko/Projects/rettungswache-wachbuch/.venv/lib/python3.12/site-packages/django/template/base.py", line 1107, in render
    return SafeString("".join([node.render_annotated(context) for node in self]))
                               ^^^^^^^^^^^^^^^^^^^^^^^^^^^^^^
  File "/Users/michaelkatschko/Projects/rettungswache-wachbuch/.venv/lib/python3.12/site-packages/django/template/base.py", line 1068, in render_annotated
    return self.render(context)
           ^^^^^^^^^^^^^^^^^^^^
  File "/Users/michaelkatschko/Projects/rettungswache-wachbuch/.venv/lib/python3.12/site-packages/django/template/loader_tags.py", line 160, in render
    return compiled_parent._render(context)
           ^^^^^^^^^^^^^^^^^^^^^^^^^^^^^^^^
  File "/Users/michaelkatschko/Projects/rettungswache-wachbuch/.venv/lib/python3.12/site-packages/django/template/base.py", line 166, in _render
    return self.nodelist.render(context)
           ^^^^^^^^^^^^^^^^^^^^^^^^^^^^^
  File "/Users/michaelkatschko/Projects/rettungswache-wachbuch/.venv/lib/python3.12/site-packages/django/template/base.py", line 1107, in render
    return SafeString("".join([node.render_annotated(context) for node in self]))
                               ^^^^^^^^^^^^^^^^^^^^^^^^^^^^^^
  File "/Users/michaelkatschko/Projects/rettungswache-wachbuch/.venv/lib/python3.12/site-packages/django/template/base.py", line 1068, in render_annotated
    return self.render(context)
           ^^^^^^^^^^^^^^^^^^^^
  File "/Users/michaelkatschko/Projects/rettungswache-wachbuch/.venv/lib/python3.12/site-packages/django/templatetags/static.py", line 116, in render
    url = self.url(context)
          ^^^^^^^^^^^^^^^^^
  File "/Users/michaelkatschko/Projects/rettungswache-wachbuch/.venv/lib/python3.12/site-packages/django/templatetags/static.py", line 113, in url
    return self.handle_simple(path)
           ^^^^^^^^^^^^^^^^^^^^^^^^
  File "/Users/michaelkatschko/Projects/rettungswache-wachbuch/.venv/lib/python3.12/site-packages/django/templatetags/static.py", line 129, in handle_simple
    return staticfiles_storage.url(path)
           ^^^^^^^^^^^^^^^^^^^^^^^^^^^^^
  File "/Users/michaelkatschko/Projects/rettungswache-wachbuch/.venv/lib/python3.12/site-packages/django/contrib/staticfiles/storage.py", line 235, in url
    return self._url(self.stored_name, name, force)
           ^^^^^^^^^^^^^^^^^^^^^^^^^^^^^^^^^^^^^^^^
  File "/Users/michaelkatschko/Projects/rettungswache-wachbuch/.venv/lib/python3.12/site-packages/django/contrib/staticfiles/storage.py", line 214, in _url
    hashed_name = hashed_name_func(*args)
                  ^^^^^^^^^^^^^^^^^^^^^^^
  File "/Users/michaelkatschko/Projects/rettungswache-wachbuch/.venv/lib/python3.12/site-packages/django/contrib/staticfiles/storage.py", line 601, in stored_name
    raise ValueError(
ValueError: Missing staticfiles manifest entry for 'core/icons/icon-192.png'

During handling of the above exception, another exception occurred:

Traceback (most recent call last):
  File "/Users/michaelkatschko/Projects/rettungswache-wachbuch/.venv/lib/python3.12/site-packages/django/core/handlers/exception.py", line 56, in inner
    response = get_response(request)
               ^^^^^^^^^^^^^^^^^^^^^
  File "/Users/michaelkatschko/Projects/rettungswache-wachbuch/.venv/lib/python3.12/site-packages/django/utils/deprecation.py", line 441, in __call__
    response = response or self.get_response(request)
                           ^^^^^^^^^^^^^^^^^^^^^^^^^^
  File "/Users/michaelkatschko/Projects/rettungswache-wachbuch/.venv/lib/python3.12/site-packages/django/core/handlers/exception.py", line 58, in inner
    response = response_for_exception(request, exc)
               ^^^^^^^^^^^^^^^^^^^^^^^^^^^^^^^^^^^^
  File "/Users/michaelkatschko/Projects/rettungswache-wachbuch/.venv/lib/python3.12/site-packages/django/core/handlers/exception.py", line 142, in response_for_exception
    response = handle_uncaught_exception(
               ^^^^^^^^^^^^^^^^^^^^^^^^^^
  File "/Users/michaelkatschko/Projects/rettungswache-wachbuch/.venv/lib/python3.12/site-packages/django/core/handlers/exception.py", line 187, in handle_uncaught_exception
    return callback(request)
           ^^^^^^^^^^^^^^^^^
  File "/Users/michaelkatschko/Projects/rettungswache-wachbuch/core/views.py", line 162, in server_error
    response = render(
               ^^^^^^^
  File "/Users/michaelkatschko/Projects/rettungswache-wachbuch/.venv/lib/python3.12/site-packages/django/shortcuts.py", line 27, in render
    content = loader.render_to_string(template_name, context, request, using=using)
              ^^^^^^^^^^^^^^^^^^^^^^^^^^^^^^^^^^^^^^^^^^^^^^^^^^^^^^^^^^^^^^^^^^^^^
  File "/Users/michaelkatschko/Projects/rettungswache-wachbuch/.venv/lib/python3.12/site-packages/django/template/loader.py", line 62, in render_to_string
    return template.render(context, request)
           ^^^^^^^^^^^^^^^^^^^^^^^^^^^^^^^^^
  File "/Users/michaelkatschko/Projects/rettungswache-wachbuch/.venv/lib/python3.12/site-packages/django/template/backends/django.py", line 107, in render
    return self.template.render(context)
           ^^^^^^^^^^^^^^^^^^^^^^^^^^^^^
  File "/Users/michaelkatschko/Projects/rettungswache-wachbuch/.venv/lib/python3.12/site-packages/django/template/base.py", line 174, in render
    return self._render(context)
           ^^^^^^^^^^^^^^^^^^^^^
  File "/Users/michaelkatschko/Projects/rettungswache-wachbuch/.venv/lib/python3.12/site-packages/django/template/base.py", line 166, in _render
    return self.nodelist.render(context)
           ^^^^^^^^^^^^^^^^^^^^^^^^^^^^^
  File "/Users/michaelkatschko/Projects/rettungswache-wachbuch/.venv/lib/python3.12/site-packages/django/template/base.py", line 1107, in render
    return SafeString("".join([node.render_annotated(context) for node in self]))
                               ^^^^^^^^^^^^^^^^^^^^^^^^^^^^^^
  File "/Users/michaelkatschko/Projects/rettungswache-wachbuch/.venv/lib/python3.12/site-packages/django/template/base.py", line 1068, in render_annotated
    return self.render(context)
           ^^^^^^^^^^^^^^^^^^^^
  File "/Users/michaelkatschko/Projects/rettungswache-wachbuch/.venv/lib/python3.12/site-packages/django/template/loader_tags.py", line 160, in render
    return compiled_parent._render(context)
           ^^^^^^^^^^^^^^^^^^^^^^^^^^^^^^^^
  File "/Users/michaelkatschko/Projects/rettungswache-wachbuch/.venv/lib/python3.12/site-packages/django/template/base.py", line 166, in _render
    return self.nodelist.render(context)
           ^^^^^^^^^^^^^^^^^^^^^^^^^^^^^
  File "/Users/michaelkatschko/Projects/rettungswache-wachbuch/.venv/lib/python3.12/site-packages/django/template/base.py", line 1107, in render
    return SafeString("".join([node.render_annotated(context) for node in self]))
                               ^^^^^^^^^^^^^^^^^^^^^^^^^^^^^^
  File "/Users/michaelkatschko/Projects/rettungswache-wachbuch/.venv/lib/python3.12/site-packages/django/template/base.py", line 1068, in render_annotated
    return self.render(context)
           ^^^^^^^^^^^^^^^^^^^^
  File "/Users/michaelkatschko/Projects/rettungswache-wachbuch/.venv/lib/python3.12/site-packages/django/templatetags/static.py", line 116, in render
    url = self.url(context)
          ^^^^^^^^^^^^^^^^^
  File "/Users/michaelkatschko/Projects/rettungswache-wachbuch/.venv/lib/python3.12/site-packages/django/templatetags/static.py", line 113, in url
    return self.handle_simple(path)
           ^^^^^^^^^^^^^^^^^^^^^^^^
  File "/Users/michaelkatschko/Projects/rettungswache-wachbuch/.venv/lib/python3.12/site-packages/django/templatetags/static.py", line 129, in handle_simple
    return staticfiles_storage.url(path)
           ^^^^^^^^^^^^^^^^^^^^^^^^^^^^^
  File "/Users/michaelkatschko/Projects/rettungswache-wachbuch/.venv/lib/python3.12/site-packages/django/contrib/staticfiles/storage.py", line 235, in url
    return self._url(self.stored_name, name, force)
           ^^^^^^^^^^^^^^^^^^^^^^^^^^^^^^^^^^^^^^^^
  File "/Users/michaelkatschko/Projects/rettungswache-wachbuch/.venv/lib/python3.12/site-packages/django/contrib/staticfiles/storage.py", line 214, in _url
    hashed_name = hashed_name_func(*args)
                  ^^^^^^^^^^^^^^^^^^^^^^^
  File "/Users/michaelkatschko/Projects/rettungswache-wachbuch/.venv/lib/python3.12/site-packages/django/contrib/staticfiles/storage.py", line 601, in stored_name
    raise ValueError(
ValueError: Missing staticfiles manifest entry for 'core/icons/icon-192.png'

During handling of the above exception, another exception occurred:

Traceback (most recent call last):
  File "/Users/michaelkatschko/Projects/rettungswache-wachbuch/.venv/lib/python3.12/site-packages/django/core/handlers/exception.py", line 56, in inner
    response = get_response(request)
               ^^^^^^^^^^^^^^^^^^^^^
  File "/Users/michaelkatschko/Projects/rettungswache-wachbuch/.venv/lib/python3.12/site-packages/django/utils/deprecation.py", line 441, in __call__
    response = response or self.get_response(request)
                           ^^^^^^^^^^^^^^^^^^^^^^^^^^
  File "/Users/michaelkatschko/Projects/rettungswache-wachbuch/.venv/lib/python3.12/site-packages/django/core/handlers/exception.py", line 58, in inner
    response = response_for_exception(request, exc)
               ^^^^^^^^^^^^^^^^^^^^^^^^^^^^^^^^^^^^
  File "/Users/michaelkatschko/Projects/rettungswache-wachbuch/.venv/lib/python3.12/site-packages/django/core/handlers/exception.py", line 142, in response_for_exception
    response = handle_uncaught_exception(
               ^^^^^^^^^^^^^^^^^^^^^^^^^^
  File "/Users/michaelkatschko/Projects/rettungswache-wachbuch/.venv/lib/python3.12/site-packages/django/core/handlers/exception.py", line 187, in handle_uncaught_exception
    return callback(request)
           ^^^^^^^^^^^^^^^^^
  File "/Users/michaelkatschko/Projects/rettungswache-wachbuch/core/views.py", line 162, in server_error
    response = render(
               ^^^^^^^
  File "/Users/michaelkatschko/Projects/rettungswache-wachbuch/.venv/lib/python3.12/site-packages/django/shortcuts.py", line 27, in render
    content = loader.render_to_string(template_name, context, request, using=using)
              ^^^^^^^^^^^^^^^^^^^^^^^^^^^^^^^^^^^^^^^^^^^^^^^^^^^^^^^^^^^^^^^^^^^^^
  File "/Users/michaelkatschko/Projects/rettungswache-wachbuch/.venv/lib/python3.12/site-packages/django/template/loader.py", line 62, in render_to_string
    return template.render(context, request)
           ^^^^^^^^^^^^^^^^^^^^^^^^^^^^^^^^^
  File "/Users/michaelkatschko/Projects/rettungswache-wachbuch/.venv/lib/python3.12/site-packages/django/template/backends/django.py", line 107, in render
    return self.template.render(context)
           ^^^^^^^^^^^^^^^^^^^^^^^^^^^^^
  File "/Users/michaelkatschko/Projects/rettungswache-wachbuch/.venv/lib/python3.12/site-packages/django/template/base.py", line 174, in render
    return self._render(context)
           ^^^^^^^^^^^^^^^^^^^^^
  File "/Users/michaelkatschko/Projects/rettungswache-wachbuch/.venv/lib/python3.12/site-packages/django/template/base.py", line 166, in _render
    return self.nodelist.render(context)
           ^^^^^^^^^^^^^^^^^^^^^^^^^^^^^
  File "/Users/michaelkatschko/Projects/rettungswache-wachbuch/.venv/lib/python3.12/site-packages/django/template/base.py", line 1107, in render
    return SafeString("".join([node.render_annotated(context) for node in self]))
                               ^^^^^^^^^^^^^^^^^^^^^^^^^^^^^^
  File "/Users/michaelkatschko/Projects/rettungswache-wachbuch/.venv/lib/python3.12/site-packages/django/template/base.py", line 1068, in render_annotated
    return self.render(context)
           ^^^^^^^^^^^^^^^^^^^^
  File "/Users/michaelkatschko/Projects/rettungswache-wachbuch/.venv/lib/python3.12/site-packages/django/template/loader_tags.py", line 160, in render
    return compiled_parent._render(context)
           ^^^^^^^^^^^^^^^^^^^^^^^^^^^^^^^^
  File "/Users/michaelkatschko/Projects/rettungswache-wachbuch/.venv/lib/python3.12/site-packages/django/template/base.py", line 166, in _render
    return self.nodelist.render(context)
           ^^^^^^^^^^^^^^^^^^^^^^^^^^^^^
  File "/Users/michaelkatschko/Projects/rettungswache-wachbuch/.venv/lib/python3.12/site-packages/django/template/base.py", line 1107, in render
    return SafeString("".join([node.render_annotated(context) for node in self]))
                               ^^^^^^^^^^^^^^^^^^^^^^^^^^^^^^
  File "/Users/michaelkatschko/Projects/rettungswache-wachbuch/.venv/lib/python3.12/site-packages/django/template/base.py", line 1068, in render_annotated
    return self.render(context)
           ^^^^^^^^^^^^^^^^^^^^
  File "/Users/michaelkatschko/Projects/rettungswache-wachbuch/.venv/lib/python3.12/site-packages/django/templatetags/static.py", line 116, in render
    url = self.url(context)
          ^^^^^^^^^^^^^^^^^
  File "/Users/michaelkatschko/Projects/rettungswache-wachbuch/.venv/lib/python3.12/site-packages/django/templatetags/static.py", line 113, in url
    return self.handle_simple(path)
           ^^^^^^^^^^^^^^^^^^^^^^^^
  File "/Users/michaelkatschko/Projects/rettungswache-wachbuch/.venv/lib/python3.12/site-packages/django/templatetags/static.py", line 129, in handle_simple
    return staticfiles_storage.url(path)
           ^^^^^^^^^^^^^^^^^^^^^^^^^^^^^
  File "/Users/michaelkatschko/Projects/rettungswache-wachbuch/.venv/lib/python3.12/site-packages/django/contrib/staticfiles/storage.py", line 235, in url
    return self._url(self.stored_name, name, force)
           ^^^^^^^^^^^^^^^^^^^^^^^^^^^^^^^^^^^^^^^^
  File "/Users/michaelkatschko/Projects/rettungswache-wachbuch/.venv/lib/python3.12/site-packages/django/contrib/staticfiles/storage.py", line 214, in _url
    hashed_name = hashed_name_func(*args)
                  ^^^^^^^^^^^^^^^^^^^^^^^
  File "/Users/michaelkatschko/Projects/rettungswache-wachbuch/.venv/lib/python3.12/site-packages/django/contrib/staticfiles/storage.py", line 601, in stored_name
    raise ValueError(
ValueError: Missing staticfiles manifest entry for 'core/icons/icon-192.png'

During handling of the above exception, another exception occurred:

Traceback (most recent call last):
  File "/Users/michaelkatschko/Projects/rettungswache-wachbuch/.venv/lib/python3.12/site-packages/django/core/handlers/exception.py", line 56, in inner
    response = get_response(request)
               ^^^^^^^^^^^^^^^^^^^^^
  File "/Users/michaelkatschko/Projects/rettungswache-wachbuch/.venv/lib/python3.12/site-packages/django/utils/deprecation.py", line 441, in __call__
    response = response or self.get_response(request)
                           ^^^^^^^^^^^^^^^^^^^^^^^^^^
  File "/Users/michaelkatschko/Projects/rettungswache-wachbuch/.venv/lib/python3.12/site-packages/django/core/handlers/exception.py", line 58, in inner
    response = response_for_exception(request, exc)
               ^^^^^^^^^^^^^^^^^^^^^^^^^^^^^^^^^^^^
  File "/Users/michaelkatschko/Projects/rettungswache-wachbuch/.venv/lib/python3.12/site-packages/django/core/handlers/exception.py", line 142, in response_for_exception
    response = handle_uncaught_exception(
               ^^^^^^^^^^^^^^^^^^^^^^^^^^
  File "/Users/michaelkatschko/Projects/rettungswache-wachbuch/.venv/lib/python3.12/site-packages/django/core/handlers/exception.py", line 187, in handle_uncaught_exception
    return callback(request)
           ^^^^^^^^^^^^^^^^^
  File "/Users/michaelkatschko/Projects/rettungswache-wachbuch/core/views.py", line 162, in server_error
    response = render(
               ^^^^^^^
  File "/Users/michaelkatschko/Projects/rettungswache-wachbuch/.venv/lib/python3.12/site-packages/django/shortcuts.py", line 27, in render
    content = loader.render_to_string(template_name, context, request, using=using)
              ^^^^^^^^^^^^^^^^^^^^^^^^^^^^^^^^^^^^^^^^^^^^^^^^^^^^^^^^^^^^^^^^^^^^^
  File "/Users/michaelkatschko/Projects/rettungswache-wachbuch/.venv/lib/python3.12/site-packages/django/template/loader.py", line 62, in render_to_string
    return template.render(context, request)
           ^^^^^^^^^^^^^^^^^^^^^^^^^^^^^^^^^
  File "/Users/michaelkatschko/Projects/rettungswache-wachbuch/.venv/lib/python3.12/site-packages/django/template/backends/django.py", line 107, in render
    return self.template.render(context)
           ^^^^^^^^^^^^^^^^^^^^^^^^^^^^^
  File "/Users/michaelkatschko/Projects/rettungswache-wachbuch/.venv/lib/python3.12/site-packages/django/template/base.py", line 174, in render
    return self._render(context)
           ^^^^^^^^^^^^^^^^^^^^^
  File "/Users/michaelkatschko/Projects/rettungswache-wachbuch/.venv/lib/python3.12/site-packages/django/template/base.py", line 166, in _render
    return self.nodelist.render(context)
           ^^^^^^^^^^^^^^^^^^^^^^^^^^^^^
  File "/Users/michaelkatschko/Projects/rettungswache-wachbuch/.venv/lib/python3.12/site-packages/django/template/base.py", line 1107, in render
    return SafeString("".join([node.render_annotated(context) for node in self]))
                               ^^^^^^^^^^^^^^^^^^^^^^^^^^^^^^
  File "/Users/michaelkatschko/Projects/rettungswache-wachbuch/.venv/lib/python3.12/site-packages/django/template/base.py", line 1068, in render_annotated
    return self.render(context)
           ^^^^^^^^^^^^^^^^^^^^
  File "/Users/michaelkatschko/Projects/rettungswache-wachbuch/.venv/lib/python3.12/site-packages/django/template/loader_tags.py", line 160, in render
    return compiled_parent._render(context)
           ^^^^^^^^^^^^^^^^^^^^^^^^^^^^^^^^
  File "/Users/michaelkatschko/Projects/rettungswache-wachbuch/.venv/lib/python3.12/site-packages/django/template/base.py", line 166, in _render
    return self.nodelist.render(context)
           ^^^^^^^^^^^^^^^^^^^^^^^^^^^^^
  File "/Users/michaelkatschko/Projects/rettungswache-wachbuch/.venv/lib/python3.12/site-packages/django/template/base.py", line 1107, in render
    return SafeString("".join([node.render_annotated(context) for node in self]))
                               ^^^^^^^^^^^^^^^^^^^^^^^^^^^^^^
  File "/Users/michaelkatschko/Projects/rettungswache-wachbuch/.venv/lib/python3.12/site-packages/django/template/base.py", line 1068, in render_annotated
    return self.render(context)
           ^^^^^^^^^^^^^^^^^^^^
  File "/Users/michaelkatschko/Projects/rettungswache-wachbuch/.venv/lib/python3.12/site-packages/django/templatetags/static.py", line 116, in render
    url = self.url(context)
          ^^^^^^^^^^^^^^^^^
  File "/Users/michaelkatschko/Projects/rettungswache-wachbuch/.venv/lib/python3.12/site-packages/django/templatetags/static.py", line 113, in url
    return self.handle_simple(path)
           ^^^^^^^^^^^^^^^^^^^^^^^^
  File "/Users/michaelkatschko/Projects/rettungswache-wachbuch/.venv/lib/python3.12/site-packages/django/templatetags/static.py", line 129, in handle_simple
    return staticfiles_storage.url(path)
           ^^^^^^^^^^^^^^^^^^^^^^^^^^^^^
  File "/Users/michaelkatschko/Projects/rettungswache-wachbuch/.venv/lib/python3.12/site-packages/django/contrib/staticfiles/storage.py", line 235, in url
    return self._url(self.stored_name, name, force)
           ^^^^^^^^^^^^^^^^^^^^^^^^^^^^^^^^^^^^^^^^
  File "/Users/michaelkatschko/Projects/rettungswache-wachbuch/.venv/lib/python3.12/site-packages/django/contrib/staticfiles/storage.py", line 214, in _url
    hashed_name = hashed_name_func(*args)
                  ^^^^^^^^^^^^^^^^^^^^^^^
  File "/Users/michaelkatschko/Projects/rettungswache-wachbuch/.venv/lib/python3.12/site-packages/django/contrib/staticfiles/storage.py", line 601, in stored_name
    raise ValueError(
ValueError: Missing staticfiles manifest entry for 'core/icons/icon-192.png'

During handling of the above exception, another exception occurred:

Traceback (most recent call last):
  File "/Users/michaelkatschko/Projects/rettungswache-wachbuch/.venv/lib/python3.12/site-packages/django/core/handlers/exception.py", line 56, in inner
    response = get_response(request)
               ^^^^^^^^^^^^^^^^^^^^^
  File "/Users/michaelkatschko/Projects/rettungswache-wachbuch/.venv/lib/python3.12/site-packages/whitenoise/middleware.py", line 123, in __call__
    return self.get_response(request)
           ^^^^^^^^^^^^^^^^^^^^^^^^^^
  File "/Users/michaelkatschko/Projects/rettungswache-wachbuch/.venv/lib/python3.12/site-packages/django/core/handlers/exception.py", line 58, in inner
    response = response_for_exception(request, exc)
               ^^^^^^^^^^^^^^^^^^^^^^^^^^^^^^^^^^^^
  File "/Users/michaelkatschko/Projects/rettungswache-wachbuch/.venv/lib/python3.12/site-packages/django/core/handlers/exception.py", line 142, in response_for_exception
    response = handle_uncaught_exception(
               ^^^^^^^^^^^^^^^^^^^^^^^^^^
  File "/Users/michaelkatschko/Projects/rettungswache-wachbuch/.venv/lib/python3.12/site-packages/django/core/handlers/exception.py", line 187, in handle_uncaught_exception
    return callback(request)
           ^^^^^^^^^^^^^^^^^
  File "/Users/michaelkatschko/Projects/rettungswache-wachbuch/core/views.py", line 162, in server_error
    response = render(
               ^^^^^^^
  File "/Users/michaelkatschko/Projects/rettungswache-wachbuch/.venv/lib/python3.12/site-packages/django/shortcuts.py", line 27, in render
    content = loader.render_to_string(template_name, context, request, using=using)
              ^^^^^^^^^^^^^^^^^^^^^^^^^^^^^^^^^^^^^^^^^^^^^^^^^^^^^^^^^^^^^^^^^^^^^
  File "/Users/michaelkatschko/Projects/rettungswache-wachbuch/.venv/lib/python3.12/site-packages/django/template/loader.py", line 62, in render_to_string
    return template.render(context, request)
           ^^^^^^^^^^^^^^^^^^^^^^^^^^^^^^^^^
  File "/Users/michaelkatschko/Projects/rettungswache-wachbuch/.venv/lib/python3.12/site-packages/django/template/backends/django.py", line 107, in render
    return self.template.render(context)
           ^^^^^^^^^^^^^^^^^^^^^^^^^^^^^
  File "/Users/michaelkatschko/Projects/rettungswache-wachbuch/.venv/lib/python3.12/site-packages/django/template/base.py", line 174, in render
    return self._render(context)
           ^^^^^^^^^^^^^^^^^^^^^
  File "/Users/michaelkatschko/Projects/rettungswache-wachbuch/.venv/lib/python3.12/site-packages/django/template/base.py", line 166, in _render
    return self.nodelist.render(context)
           ^^^^^^^^^^^^^^^^^^^^^^^^^^^^^
  File "/Users/michaelkatschko/Projects/rettungswache-wachbuch/.venv/lib/python3.12/site-packages/django/template/base.py", line 1107, in render
    return SafeString("".join([node.render_annotated(context) for node in self]))
                               ^^^^^^^^^^^^^^^^^^^^^^^^^^^^^^
  File "/Users/michaelkatschko/Projects/rettungswache-wachbuch/.venv/lib/python3.12/site-packages/django/template/base.py", line 1068, in render_annotated
    return self.render(context)
           ^^^^^^^^^^^^^^^^^^^^
  File "/Users/michaelkatschko/Projects/rettungswache-wachbuch/.venv/lib/python3.12/site-packages/django/template/loader_tags.py", line 160, in render
    return compiled_parent._render(context)
           ^^^^^^^^^^^^^^^^^^^^^^^^^^^^^^^^
  File "/Users/michaelkatschko/Projects/rettungswache-wachbuch/.venv/lib/python3.12/site-packages/django/template/base.py", line 166, in _render
    return self.nodelist.render(context)
           ^^^^^^^^^^^^^^^^^^^^^^^^^^^^^
  File "/Users/michaelkatschko/Projects/rettungswache-wachbuch/.venv/lib/python3.12/site-packages/django/template/base.py", line 1107, in render
    return SafeString("".join([node.render_annotated(context) for node in self]))
                               ^^^^^^^^^^^^^^^^^^^^^^^^^^^^^^
  File "/Users/michaelkatschko/Projects/rettungswache-wachbuch/.venv/lib/python3.12/site-packages/django/template/base.py", line 1068, in render_annotated
    return self.render(context)
           ^^^^^^^^^^^^^^^^^^^^
  File "/Users/michaelkatschko/Projects/rettungswache-wachbuch/.venv/lib/python3.12/site-packages/django/templatetags/static.py", line 116, in render
    url = self.url(context)
          ^^^^^^^^^^^^^^^^^
  File "/Users/michaelkatschko/Projects/rettungswache-wachbuch/.venv/lib/python3.12/site-packages/django/templatetags/static.py", line 113, in url
    return self.handle_simple(path)
           ^^^^^^^^^^^^^^^^^^^^^^^^
  File "/Users/michaelkatschko/Projects/rettungswache-wachbuch/.venv/lib/python3.12/site-packages/django/templatetags/static.py", line 129, in handle_simple
    return staticfiles_storage.url(path)
           ^^^^^^^^^^^^^^^^^^^^^^^^^^^^^
  File "/Users/michaelkatschko/Projects/rettungswache-wachbuch/.venv/lib/python3.12/site-packages/django/contrib/staticfiles/storage.py", line 235, in url
    return self._url(self.stored_name, name, force)
           ^^^^^^^^^^^^^^^^^^^^^^^^^^^^^^^^^^^^^^^^
  File "/Users/michaelkatschko/Projects/rettungswache-wachbuch/.venv/lib/python3.12/site-packages/django/contrib/staticfiles/storage.py", line 214, in _url
    hashed_name = hashed_name_func(*args)
                  ^^^^^^^^^^^^^^^^^^^^^^^
  File "/Users/michaelkatschko/Projects/rettungswache-wachbuch/.venv/lib/python3.12/site-packages/django/contrib/staticfiles/storage.py", line 601, in stored_name
    raise ValueError(
ValueError: Missing staticfiles manifest entry for 'core/icons/icon-192.png'

During handling of the above exception, another exception occurred:

Traceback (most recent call last):
  File "/Users/michaelkatschko/Projects/rettungswache-wachbuch/.venv/lib/python3.12/site-packages/django/core/handlers/exception.py", line 56, in inner
    response = get_response(request)
               ^^^^^^^^^^^^^^^^^^^^^
  File "/Users/michaelkatschko/Projects/rettungswache-wachbuch/.venv/lib/python3.12/site-packages/django/utils/deprecation.py", line 441, in __call__
    response = response or self.get_response(request)
                           ^^^^^^^^^^^^^^^^^^^^^^^^^^
  File "/Users/michaelkatschko/Projects/rettungswache-wachbuch/.venv/lib/python3.12/site-packages/django/core/handlers/exception.py", line 58, in inner
    response = response_for_exception(request, exc)
               ^^^^^^^^^^^^^^^^^^^^^^^^^^^^^^^^^^^^
  File "/Users/michaelkatschko/Projects/rettungswache-wachbuch/.venv/lib/python3.12/site-packages/django/core/handlers/exception.py", line 142, in response_for_exception
    response = handle_uncaught_exception(
               ^^^^^^^^^^^^^^^^^^^^^^^^^^
  File "/Users/michaelkatschko/Projects/rettungswache-wachbuch/.venv/lib/python3.12/site-packages/django/core/handlers/exception.py", line 187, in handle_uncaught_exception
    return callback(request)
           ^^^^^^^^^^^^^^^^^
  File "/Users/michaelkatschko/Projects/rettungswache-wachbuch/core/views.py", line 162, in server_error
    response = render(
               ^^^^^^^
  File "/Users/michaelkatschko/Projects/rettungswache-wachbuch/.venv/lib/python3.12/site-packages/django/shortcuts.py", line 27, in render
    content = loader.render_to_string(template_name, context, request, using=using)
              ^^^^^^^^^^^^^^^^^^^^^^^^^^^^^^^^^^^^^^^^^^^^^^^^^^^^^^^^^^^^^^^^^^^^^
  File "/Users/michaelkatschko/Projects/rettungswache-wachbuch/.venv/lib/python3.12/site-packages/django/template/loader.py", line 62, in render_to_string
    return template.render(context, request)
           ^^^^^^^^^^^^^^^^^^^^^^^^^^^^^^^^^
  File "/Users/michaelkatschko/Projects/rettungswache-wachbuch/.venv/lib/python3.12/site-packages/django/template/backends/django.py", line 107, in render
    return self.template.render(context)
           ^^^^^^^^^^^^^^^^^^^^^^^^^^^^^
  File "/Users/michaelkatschko/Projects/rettungswache-wachbuch/.venv/lib/python3.12/site-packages/django/template/base.py", line 174, in render
    return self._render(context)
           ^^^^^^^^^^^^^^^^^^^^^
  File "/Users/michaelkatschko/Projects/rettungswache-wachbuch/.venv/lib/python3.12/site-packages/django/template/base.py", line 166, in _render
    return self.nodelist.render(context)
           ^^^^^^^^^^^^^^^^^^^^^^^^^^^^^
  File "/Users/michaelkatschko/Projects/rettungswache-wachbuch/.venv/lib/python3.12/site-packages/django/template/base.py", line 1107, in render
    return SafeString("".join([node.render_annotated(context) for node in self]))
                               ^^^^^^^^^^^^^^^^^^^^^^^^^^^^^^
  File "/Users/michaelkatschko/Projects/rettungswache-wachbuch/.venv/lib/python3.12/site-packages/django/template/base.py", line 1068, in render_annotated
    return self.render(context)
           ^^^^^^^^^^^^^^^^^^^^
  File "/Users/michaelkatschko/Projects/rettungswache-wachbuch/.venv/lib/python3.12/site-packages/django/template/loader_tags.py", line 160, in render
    return compiled_parent._render(context)
           ^^^^^^^^^^^^^^^^^^^^^^^^^^^^^^^^
  File "/Users/michaelkatschko/Projects/rettungswache-wachbuch/.venv/lib/python3.12/site-packages/django/template/base.py", line 166, in _render
    return self.nodelist.render(context)
           ^^^^^^^^^^^^^^^^^^^^^^^^^^^^^
  File "/Users/michaelkatschko/Projects/rettungswache-wachbuch/.venv/lib/python3.12/site-packages/django/template/base.py", line 1107, in render
    return SafeString("".join([node.render_annotated(context) for node in self]))
                               ^^^^^^^^^^^^^^^^^^^^^^^^^^^^^^
  File "/Users/michaelkatschko/Projects/rettungswache-wachbuch/.venv/lib/python3.12/site-packages/django/template/base.py", line 1068, in render_annotated
    return self.render(context)
           ^^^^^^^^^^^^^^^^^^^^
  File "/Users/michaelkatschko/Projects/rettungswache-wachbuch/.venv/lib/python3.12/site-packages/django/templatetags/static.py", line 116, in render
    url = self.url(context)
          ^^^^^^^^^^^^^^^^^
  File "/Users/michaelkatschko/Projects/rettungswache-wachbuch/.venv/lib/python3.12/site-packages/django/templatetags/static.py", line 113, in url
    return self.handle_simple(path)
           ^^^^^^^^^^^^^^^^^^^^^^^^
  File "/Users/michaelkatschko/Projects/rettungswache-wachbuch/.venv/lib/python3.12/site-packages/django/templatetags/static.py", line 129, in handle_simple
    return staticfiles_storage.url(path)
           ^^^^^^^^^^^^^^^^^^^^^^^^^^^^^
  File "/Users/michaelkatschko/Projects/rettungswache-wachbuch/.venv/lib/python3.12/site-packages/django/contrib/staticfiles/storage.py", line 235, in url
    return self._url(self.stored_name, name, force)
           ^^^^^^^^^^^^^^^^^^^^^^^^^^^^^^^^^^^^^^^^
  File "/Users/michaelkatschko/Projects/rettungswache-wachbuch/.venv/lib/python3.12/site-packages/django/contrib/staticfiles/storage.py", line 214, in _url
    hashed_name = hashed_name_func(*args)
                  ^^^^^^^^^^^^^^^^^^^^^^^
  File "/Users/michaelkatschko/Projects/rettungswache-wachbuch/.venv/lib/python3.12/site-packages/django/contrib/staticfiles/storage.py", line 601, in stored_name
    raise ValueError(
ValueError: Missing staticfiles manifest entry for 'core/icons/icon-192.png'

During handling of the above exception, another exception occurred:

Traceback (most recent call last):
  File "/Users/michaelkatschko/Projects/rettungswache-wachbuch/.venv/lib/python3.12/site-packages/gunicorn/workers/sync.py", line 141, in handle
    self.handle_request(listener, req, client, addr)
  File "/Users/michaelkatschko/Projects/rettungswache-wachbuch/.venv/lib/python3.12/site-packages/gunicorn/workers/sync.py", line 184, in handle_request
    respiter = self.wsgi(environ, resp.start_response)
               ^^^^^^^^^^^^^^^^^^^^^^^^^^^^^^^^^^^^^^^
  File "/Users/michaelkatschko/Projects/rettungswache-wachbuch/.venv/lib/python3.12/site-packages/django/core/handlers/wsgi.py", line 124, in __call__
    response = self.get_response(request)
               ^^^^^^^^^^^^^^^^^^^^^^^^^^
  File "/Users/michaelkatschko/Projects/rettungswache-wachbuch/.venv/lib/python3.12/site-packages/django/core/handlers/base.py", line 142, in get_response
    response = self._middleware_chain(request)
               ^^^^^^^^^^^^^^^^^^^^^^^^^^^^^^^
  File "/Users/michaelkatschko/Projects/rettungswache-wachbuch/.venv/lib/python3.12/site-packages/django/core/handlers/exception.py", line 58, in inner
    response = response_for_exception(request, exc)
               ^^^^^^^^^^^^^^^^^^^^^^^^^^^^^^^^^^^^
  File "/Users/michaelkatschko/Projects/rettungswache-wachbuch/.venv/lib/python3.12/site-packages/django/core/handlers/exception.py", line 142, in response_for_exception
    response = handle_uncaught_exception(
               ^^^^^^^^^^^^^^^^^^^^^^^^^^
  File "/Users/michaelkatschko/Projects/rettungswache-wachbuch/.venv/lib/python3.12/site-packages/django/core/handlers/exception.py", line 187, in handle_uncaught_exception
    return callback(request)
           ^^^^^^^^^^^^^^^^^
  File "/Users/michaelkatschko/Projects/rettungswache-wachbuch/core/views.py", line 162, in server_error
    response = render(
               ^^^^^^^
  File "/Users/michaelkatschko/Projects/rettungswache-wachbuch/.venv/lib/python3.12/site-packages/django/shortcuts.py", line 27, in render
    content = loader.render_to_string(template_name, context, request, using=using)
              ^^^^^^^^^^^^^^^^^^^^^^^^^^^^^^^^^^^^^^^^^^^^^^^^^^^^^^^^^^^^^^^^^^^^^
  File "/Users/michaelkatschko/Projects/rettungswache-wachbuch/.venv/lib/python3.12/site-packages/django/template/loader.py", line 62, in render_to_string
    return template.render(context, request)
           ^^^^^^^^^^^^^^^^^^^^^^^^^^^^^^^^^
  File "/Users/michaelkatschko/Projects/rettungswache-wachbuch/.venv/lib/python3.12/site-packages/django/template/backends/django.py", line 107, in render
    return self.template.render(context)
           ^^^^^^^^^^^^^^^^^^^^^^^^^^^^^
  File "/Users/michaelkatschko/Projects/rettungswache-wachbuch/.venv/lib/python3.12/site-packages/django/template/base.py", line 174, in render
    return self._render(context)
           ^^^^^^^^^^^^^^^^^^^^^
  File "/Users/michaelkatschko/Projects/rettungswache-wachbuch/.venv/lib/python3.12/site-packages/django/template/base.py", line 166, in _render
    return self.nodelist.render(context)
           ^^^^^^^^^^^^^^^^^^^^^^^^^^^^^
  File "/Users/michaelkatschko/Projects/rettungswache-wachbuch/.venv/lib/python3.12/site-packages/django/template/base.py", line 1107, in render
    return SafeString("".join([node.render_annotated(context) for node in self]))
                               ^^^^^^^^^^^^^^^^^^^^^^^^^^^^^^
  File "/Users/michaelkatschko/Projects/rettungswache-wachbuch/.venv/lib/python3.12/site-packages/django/template/base.py", line 1068, in render_annotated
    return self.render(context)
           ^^^^^^^^^^^^^^^^^^^^
  File "/Users/michaelkatschko/Projects/rettungswache-wachbuch/.venv/lib/python3.12/site-packages/django/template/loader_tags.py", line 160, in render
    return compiled_parent._render(context)
           ^^^^^^^^^^^^^^^^^^^^^^^^^^^^^^^^
  File "/Users/michaelkatschko/Projects/rettungswache-wachbuch/.venv/lib/python3.12/site-packages/django/template/base.py", line 166, in _render
    return self.nodelist.render(context)
           ^^^^^^^^^^^^^^^^^^^^^^^^^^^^^
  File "/Users/michaelkatschko/Projects/rettungswache-wachbuch/.venv/lib/python3.12/site-packages/django/template/base.py", line 1107, in render
    return SafeString("".join([node.render_annotated(context) for node in self]))
                               ^^^^^^^^^^^^^^^^^^^^^^^^^^^^^^
  File "/Users/michaelkatschko/Projects/rettungswache-wachbuch/.venv/lib/python3.12/site-packages/django/template/base.py", line 1068, in render_annotated
    return self.render(context)
           ^^^^^^^^^^^^^^^^^^^^
  File "/Users/michaelkatschko/Projects/rettungswache-wachbuch/.venv/lib/python3.12/site-packages/django/templatetags/static.py", line 116, in render
    url = self.url(context)
          ^^^^^^^^^^^^^^^^^
  File "/Users/michaelkatschko/Projects/rettungswache-wachbuch/.venv/lib/python3.12/site-packages/django/templatetags/static.py", line 113, in url
    return self.handle_simple(path)
           ^^^^^^^^^^^^^^^^^^^^^^^^
  File "/Users/michaelkatschko/Projects/rettungswache-wachbuch/.venv/lib/python3.12/site-packages/django/templatetags/static.py", line 129, in handle_simple
    return staticfiles_storage.url(path)
           ^^^^^^^^^^^^^^^^^^^^^^^^^^^^^
  File "/Users/michaelkatschko/Projects/rettungswache-wachbuch/.venv/lib/python3.12/site-packages/django/contrib/staticfiles/storage.py", line 235, in url
    return self._url(self.stored_name, name, force)
           ^^^^^^^^^^^^^^^^^^^^^^^^^^^^^^^^^^^^^^^^
  File "/Users/michaelkatschko/Projects/rettungswache-wachbuch/.venv/lib/python3.12/site-packages/django/contrib/staticfiles/storage.py", line 214, in _url
    hashed_name = hashed_name_func(*args)
                  ^^^^^^^^^^^^^^^^^^^^^^^
  File "/Users/michaelkatschko/Projects/rettungswache-wachbuch/.venv/lib/python3.12/site-packages/django/contrib/staticfiles/storage.py", line 601, in stored_name
    raise ValueError(
ValueError: Missing staticfiles manifest entry for 'core/icons/icon-192.png'
127.0.0.1 - - [13/Aug/2026:09:50:21 +0200] "GET /anmelden/ HTTP/1.1" 500 0 "-" "-"
2026-08-13 09:50:21,487 INFO wachbuch.requests request_started method=POST path=/anmelden/ correlation_id=b4aa72e1c6d945c198cab330018076ce
2026-08-13 09:50:21,490 WARNING django.security.csrf Forbidden (CSRF cookie not set.): /anmelden/
127.0.0.1 - - [13/Aug/2026:09:50:21 +0200] "POST /anmelden/ HTTP/1.1" 403 1480 "http://127.0.0.1:8090/anmelden/" "curl/8.7.1"
2026-08-13 09:50:21,504 INFO wachbuch.requests request_started method=GET path=/uebersicht/ correlation_id=60205902ea2644378ad1a67ac9c940c9
127.0.0.1 - - [13/Aug/2026:09:50:21 +0200] "GET /uebersicht/ HTTP/1.1" 302 0 "-" "curl/8.7.1"
2026-08-13 09:50:21,516 INFO wachbuch.requests request_started method=GET path=/pinnwand/ correlation_id=84d6abc56dc84abe94861b5e55fcc4e0
127.0.0.1 - - [13/Aug/2026:09:50:21 +0200] "GET /pinnwand/ HTTP/1.1" 302 0 "-" "curl/8.7.1"
2026-08-13 09:50:21,528 INFO wachbuch.requests request_started method=GET path=/chat/ correlation_id=7888fb2c8c064e188871d86a4b89e7bb
127.0.0.1 - - [13/Aug/2026:09:50:21 +0200] "GET /chat/ HTTP/1.1" 302 0 "-" "curl/8.7.1"
2026-08-13 09:50:38,523 INFO wachbuch.requests request_started method=GET path=/anmelden/ correlation_id=ece6d1cabb514f23a34f135235e67398
2026-08-13 09:50:38,529 ERROR wachbuch.errors unhandled_exception message=handler500 method=GET path=/anmelden/ correlation_id=ece6d1cabb514f23a34f135235e67398
2026-08-13 09:50:38,531 ERROR wachbuch.errors unhandled_exception message=handler500 method=GET path=/anmelden/ correlation_id=ece6d1cabb514f23a34f135235e67398
2026-08-13 09:50:38,532 ERROR wachbuch.errors unhandled_exception message=handler500 method=GET path=/anmelden/ correlation_id=ece6d1cabb514f23a34f135235e67398
2026-08-13 09:50:38,533 ERROR wachbuch.errors unhandled_exception message=handler500 method=GET path=/anmelden/ correlation_id=ece6d1cabb514f23a34f135235e67398
2026-08-13 09:50:38,535 ERROR wachbuch.errors unhandled_exception message=request_failed method=GET path=/anmelden/ correlation_id=ece6d1cabb514f23a34f135235e67398
2026-08-13 09:50:38,539 ERROR wachbuch.errors unhandled_exception message=handler500 method=GET path=/anmelden/ correlation_id=ece6d1cabb514f23a34f135235e67398
2026-08-13 09:50:38,541 ERROR wachbuch.errors unhandled_exception message=handler500 method=GET path=/anmelden/ correlation_id=ece6d1cabb514f23a34f135235e67398
2026-08-13 09:50:38,542 ERROR wachbuch.errors unhandled_exception message=handler500 method=GET path=/anmelden/ correlation_id=ece6d1cabb514f23a34f135235e67398
2026-08-13 09:50:38,544 ERROR wachbuch.errors unhandled_exception message=handler500 method=GET path=/anmelden/ correlation_id=ece6d1cabb514f23a34f135235e67398
2026-08-13 09:50:38,545 ERROR wachbuch.errors unhandled_exception message=handler500 method=GET path=/anmelden/ correlation_id=ece6d1cabb514f23a34f135235e67398
2026-08-13 09:50:38,546 ERROR wachbuch.errors unhandled_exception message=handler500 method=GET path=/anmelden/ correlation_id=ece6d1cabb514f23a34f135235e67398
2026-08-13 09:50:38,556 ERROR wachbuch.errors unhandled_exception message=handler500 method=GET path=/anmelden/ correlation_id=ece6d1cabb514f23a34f135235e67398
2026-08-13 09:50:38,557 ERROR wachbuch.errors unhandled_exception message=handler500 method=GET path=/anmelden/ correlation_id=ece6d1cabb514f23a34f135235e67398
2026-08-13 09:50:38,559 ERROR wachbuch.errors unhandled_exception message=handler500 method=GET path=/anmelden/ correlation_id=ece6d1cabb514f23a34f135235e67398
[2026-08-13 09:50:38 +0200] [58345] [ERROR] Error handling request GET /anmelden/
Traceback (most recent call last):
  File "/Users/michaelkatschko/Projects/rettungswache-wachbuch/.venv/lib/python3.12/site-packages/django/core/handlers/exception.py", line 56, in inner
    response = get_response(request)
               ^^^^^^^^^^^^^^^^^^^^^
  File "/Users/michaelkatschko/Projects/rettungswache-wachbuch/.venv/lib/python3.12/site-packages/django/core/handlers/base.py", line 222, in _get_response
    response = response.render()
               ^^^^^^^^^^^^^^^^^
  File "/Users/michaelkatschko/Projects/rettungswache-wachbuch/.venv/lib/python3.12/site-packages/django/template/response.py", line 114, in render
    self.content = self.rendered_content
                   ^^^^^^^^^^^^^^^^^^^^^
  File "/Users/michaelkatschko/Projects/rettungswache-wachbuch/.venv/lib/python3.12/site-packages/django/template/response.py", line 92, in rendered_content
    return template.render(context, self._request)
           ^^^^^^^^^^^^^^^^^^^^^^^^^^^^^^^^^^^^^^^
  File "/Users/michaelkatschko/Projects/rettungswache-wachbuch/.venv/lib/python3.12/site-packages/django/template/backends/django.py", line 107, in render
    return self.template.render(context)
           ^^^^^^^^^^^^^^^^^^^^^^^^^^^^^
  File "/Users/michaelkatschko/Projects/rettungswache-wachbuch/.venv/lib/python3.12/site-packages/django/template/base.py", line 174, in render
    return self._render(context)
           ^^^^^^^^^^^^^^^^^^^^^
  File "/Users/michaelkatschko/Projects/rettungswache-wachbuch/.venv/lib/python3.12/site-packages/django/template/base.py", line 166, in _render
    return self.nodelist.render(context)
           ^^^^^^^^^^^^^^^^^^^^^^^^^^^^^
  File "/Users/michaelkatschko/Projects/rettungswache-wachbuch/.venv/lib/python3.12/site-packages/django/template/base.py", line 1107, in render
    return SafeString("".join([node.render_annotated(context) for node in self]))
                               ^^^^^^^^^^^^^^^^^^^^^^^^^^^^^^
  File "/Users/michaelkatschko/Projects/rettungswache-wachbuch/.venv/lib/python3.12/site-packages/django/template/base.py", line 1068, in render_annotated
    return self.render(context)
           ^^^^^^^^^^^^^^^^^^^^
  File "/Users/michaelkatschko/Projects/rettungswache-wachbuch/.venv/lib/python3.12/site-packages/django/template/loader_tags.py", line 160, in render
    return compiled_parent._render(context)
           ^^^^^^^^^^^^^^^^^^^^^^^^^^^^^^^^
  File "/Users/michaelkatschko/Projects/rettungswache-wachbuch/.venv/lib/python3.12/site-packages/django/template/base.py", line 166, in _render
    return self.nodelist.render(context)
           ^^^^^^^^^^^^^^^^^^^^^^^^^^^^^
  File "/Users/michaelkatschko/Projects/rettungswache-wachbuch/.venv/lib/python3.12/site-packages/django/template/base.py", line 1107, in render
    return SafeString("".join([node.render_annotated(context) for node in self]))
                               ^^^^^^^^^^^^^^^^^^^^^^^^^^^^^^
  File "/Users/michaelkatschko/Projects/rettungswache-wachbuch/.venv/lib/python3.12/site-packages/django/template/base.py", line 1068, in render_annotated
    return self.render(context)
           ^^^^^^^^^^^^^^^^^^^^
  File "/Users/michaelkatschko/Projects/rettungswache-wachbuch/.venv/lib/python3.12/site-packages/django/templatetags/static.py", line 116, in render
    url = self.url(context)
          ^^^^^^^^^^^^^^^^^
  File "/Users/michaelkatschko/Projects/rettungswache-wachbuch/.venv/lib/python3.12/site-packages/django/templatetags/static.py", line 113, in url
    return self.handle_simple(path)
           ^^^^^^^^^^^^^^^^^^^^^^^^
  File "/Users/michaelkatschko/Projects/rettungswache-wachbuch/.venv/lib/python3.12/site-packages/django/templatetags/static.py", line 129, in handle_simple
    return staticfiles_storage.url(path)
           ^^^^^^^^^^^^^^^^^^^^^^^^^^^^^
  File "/Users/michaelkatschko/Projects/rettungswache-wachbuch/.venv/lib/python3.12/site-packages/django/contrib/staticfiles/storage.py", line 235, in url
    return self._url(self.stored_name, name, force)
           ^^^^^^^^^^^^^^^^^^^^^^^^^^^^^^^^^^^^^^^^
  File "/Users/michaelkatschko/Projects/rettungswache-wachbuch/.venv/lib/python3.12/site-packages/django/contrib/staticfiles/storage.py", line 214, in _url
    hashed_name = hashed_name_func(*args)
                  ^^^^^^^^^^^^^^^^^^^^^^^
  File "/Users/michaelkatschko/Projects/rettungswache-wachbuch/.venv/lib/python3.12/site-packages/django/contrib/staticfiles/storage.py", line 601, in stored_name
    raise ValueError(
ValueError: Missing staticfiles manifest entry for 'core/icons/icon-192.png'

During handling of the above exception, another exception occurred:

Traceback (most recent call last):
  File "/Users/michaelkatschko/Projects/rettungswache-wachbuch/.venv/lib/python3.12/site-packages/django/core/handlers/exception.py", line 56, in inner
    response = get_response(request)
               ^^^^^^^^^^^^^^^^^^^^^
  File "/Users/michaelkatschko/Projects/rettungswache-wachbuch/.venv/lib/python3.12/site-packages/axes/middleware.py", line 47, in __call__
    response = self.get_response(request)
               ^^^^^^^^^^^^^^^^^^^^^^^^^^
  File "/Users/michaelkatschko/Projects/rettungswache-wachbuch/.venv/lib/python3.12/site-packages/django/core/handlers/exception.py", line 58, in inner
    response = response_for_exception(request, exc)
               ^^^^^^^^^^^^^^^^^^^^^^^^^^^^^^^^^^^^
  File "/Users/michaelkatschko/Projects/rettungswache-wachbuch/.venv/lib/python3.12/site-packages/django/core/handlers/exception.py", line 142, in response_for_exception
    response = handle_uncaught_exception(
               ^^^^^^^^^^^^^^^^^^^^^^^^^^
  File "/Users/michaelkatschko/Projects/rettungswache-wachbuch/.venv/lib/python3.12/site-packages/django/core/handlers/exception.py", line 187, in handle_uncaught_exception
    return callback(request)
           ^^^^^^^^^^^^^^^^^
  File "/Users/michaelkatschko/Projects/rettungswache-wachbuch/core/views.py", line 162, in server_error
    response = render(
               ^^^^^^^
  File "/Users/michaelkatschko/Projects/rettungswache-wachbuch/.venv/lib/python3.12/site-packages/django/shortcuts.py", line 27, in render
    content = loader.render_to_string(template_name, context, request, using=using)
              ^^^^^^^^^^^^^^^^^^^^^^^^^^^^^^^^^^^^^^^^^^^^^^^^^^^^^^^^^^^^^^^^^^^^^
  File "/Users/michaelkatschko/Projects/rettungswache-wachbuch/.venv/lib/python3.12/site-packages/django/template/loader.py", line 62, in render_to_string
    return template.render(context, request)
           ^^^^^^^^^^^^^^^^^^^^^^^^^^^^^^^^^
  File "/Users/michaelkatschko/Projects/rettungswache-wachbuch/.venv/lib/python3.12/site-packages/django/template/backends/django.py", line 107, in render
    return self.template.render(context)
           ^^^^^^^^^^^^^^^^^^^^^^^^^^^^^
  File "/Users/michaelkatschko/Projects/rettungswache-wachbuch/.venv/lib/python3.12/site-packages/django/template/base.py", line 174, in render
    return self._render(context)
           ^^^^^^^^^^^^^^^^^^^^^
  File "/Users/michaelkatschko/Projects/rettungswache-wachbuch/.venv/lib/python3.12/site-packages/django/template/base.py", line 166, in _render
    return self.nodelist.render(context)
           ^^^^^^^^^^^^^^^^^^^^^^^^^^^^^
  File "/Users/michaelkatschko/Projects/rettungswache-wachbuch/.venv/lib/python3.12/site-packages/django/template/base.py", line 1107, in render
    return SafeString("".join([node.render_annotated(context) for node in self]))
                               ^^^^^^^^^^^^^^^^^^^^^^^^^^^^^^
  File "/Users/michaelkatschko/Projects/rettungswache-wachbuch/.venv/lib/python3.12/site-packages/django/template/base.py", line 1068, in render_annotated
    return self.render(context)
           ^^^^^^^^^^^^^^^^^^^^
  File "/Users/michaelkatschko/Projects/rettungswache-wachbuch/.venv/lib/python3.12/site-packages/django/template/loader_tags.py", line 160, in render
    return compiled_parent._render(context)
           ^^^^^^^^^^^^^^^^^^^^^^^^^^^^^^^^
  File "/Users/michaelkatschko/Projects/rettungswache-wachbuch/.venv/lib/python3.12/site-packages/django/template/base.py", line 166, in _render
    return self.nodelist.render(context)
           ^^^^^^^^^^^^^^^^^^^^^^^^^^^^^
  File "/Users/michaelkatschko/Projects/rettungswache-wachbuch/.venv/lib/python3.12/site-packages/django/template/base.py", line 1107, in render
    return SafeString("".join([node.render_annotated(context) for node in self]))
                               ^^^^^^^^^^^^^^^^^^^^^^^^^^^^^^
  File "/Users/michaelkatschko/Projects/rettungswache-wachbuch/.venv/lib/python3.12/site-packages/django/template/base.py", line 1068, in render_annotated
    return self.render(context)
           ^^^^^^^^^^^^^^^^^^^^
  File "/Users/michaelkatschko/Projects/rettungswache-wachbuch/.venv/lib/python3.12/site-packages/django/templatetags/static.py", line 116, in render
    url = self.url(context)
          ^^^^^^^^^^^^^^^^^
  File "/Users/michaelkatschko/Projects/rettungswache-wachbuch/.venv/lib/python3.12/site-packages/django/templatetags/static.py", line 113, in url
    return self.handle_simple(path)
           ^^^^^^^^^^^^^^^^^^^^^^^^
  File "/Users/michaelkatschko/Projects/rettungswache-wachbuch/.venv/lib/python3.12/site-packages/django/templatetags/static.py", line 129, in handle_simple
    return staticfiles_storage.url(path)
           ^^^^^^^^^^^^^^^^^^^^^^^^^^^^^
  File "/Users/michaelkatschko/Projects/rettungswache-wachbuch/.venv/lib/python3.12/site-packages/django/contrib/staticfiles/storage.py", line 235, in url
    return self._url(self.stored_name, name, force)
           ^^^^^^^^^^^^^^^^^^^^^^^^^^^^^^^^^^^^^^^^
  File "/Users/michaelkatschko/Projects/rettungswache-wachbuch/.venv/lib/python3.12/site-packages/django/contrib/staticfiles/storage.py", line 214, in _url
    hashed_name = hashed_name_func(*args)
                  ^^^^^^^^^^^^^^^^^^^^^^^
  File "/Users/michaelkatschko/Projects/rettungswache-wachbuch/.venv/lib/python3.12/site-packages/django/contrib/staticfiles/storage.py", line 601, in stored_name
    raise ValueError(
ValueError: Missing staticfiles manifest entry for 'core/icons/icon-192.png'

During handling of the above exception, another exception occurred:

Traceback (most recent call last):
  File "/Users/michaelkatschko/Projects/rettungswache-wachbuch/.venv/lib/python3.12/site-packages/django/core/handlers/exception.py", line 56, in inner
    response = get_response(request)
               ^^^^^^^^^^^^^^^^^^^^^
  File "/Users/michaelkatschko/Projects/rettungswache-wachbuch/core/middleware.py", line 90, in __call__
    return self.get_response(request)
           ^^^^^^^^^^^^^^^^^^^^^^^^^^
  File "/Users/michaelkatschko/Projects/rettungswache-wachbuch/.venv/lib/python3.12/site-packages/django/core/handlers/exception.py", line 58, in inner
    response = response_for_exception(request, exc)
               ^^^^^^^^^^^^^^^^^^^^^^^^^^^^^^^^^^^^
  File "/Users/michaelkatschko/Projects/rettungswache-wachbuch/.venv/lib/python3.12/site-packages/django/core/handlers/exception.py", line 142, in response_for_exception
    response = handle_uncaught_exception(
               ^^^^^^^^^^^^^^^^^^^^^^^^^^
  File "/Users/michaelkatschko/Projects/rettungswache-wachbuch/.venv/lib/python3.12/site-packages/django/core/handlers/exception.py", line 187, in handle_uncaught_exception
    return callback(request)
           ^^^^^^^^^^^^^^^^^
  File "/Users/michaelkatschko/Projects/rettungswache-wachbuch/core/views.py", line 162, in server_error
    response = render(
               ^^^^^^^
  File "/Users/michaelkatschko/Projects/rettungswache-wachbuch/.venv/lib/python3.12/site-packages/django/shortcuts.py", line 27, in render
    content = loader.render_to_string(template_name, context, request, using=using)
              ^^^^^^^^^^^^^^^^^^^^^^^^^^^^^^^^^^^^^^^^^^^^^^^^^^^^^^^^^^^^^^^^^^^^^
  File "/Users/michaelkatschko/Projects/rettungswache-wachbuch/.venv/lib/python3.12/site-packages/django/template/loader.py", line 62, in render_to_string
    return template.render(context, request)
           ^^^^^^^^^^^^^^^^^^^^^^^^^^^^^^^^^
  File "/Users/michaelkatschko/Projects/rettungswache-wachbuch/.venv/lib/python3.12/site-packages/django/template/backends/django.py", line 107, in render
    return self.template.render(context)
           ^^^^^^^^^^^^^^^^^^^^^^^^^^^^^
  File "/Users/michaelkatschko/Projects/rettungswache-wachbuch/.venv/lib/python3.12/site-packages/django/template/base.py", line 174, in render
    return self._render(context)
           ^^^^^^^^^^^^^^^^^^^^^
  File "/Users/michaelkatschko/Projects/rettungswache-wachbuch/.venv/lib/python3.12/site-packages/django/template/base.py", line 166, in _render
    return self.nodelist.render(context)
           ^^^^^^^^^^^^^^^^^^^^^^^^^^^^^
  File "/Users/michaelkatschko/Projects/rettungswache-wachbuch/.venv/lib/python3.12/site-packages/django/template/base.py", line 1107, in render
    return SafeString("".join([node.render_annotated(context) for node in self]))
                               ^^^^^^^^^^^^^^^^^^^^^^^^^^^^^^
  File "/Users/michaelkatschko/Projects/rettungswache-wachbuch/.venv/lib/python3.12/site-packages/django/template/base.py", line 1068, in render_annotated
    return self.render(context)
           ^^^^^^^^^^^^^^^^^^^^
  File "/Users/michaelkatschko/Projects/rettungswache-wachbuch/.venv/lib/python3.12/site-packages/django/template/loader_tags.py", line 160, in render
    return compiled_parent._render(context)
           ^^^^^^^^^^^^^^^^^^^^^^^^^^^^^^^^
  File "/Users/michaelkatschko/Projects/rettungswache-wachbuch/.venv/lib/python3.12/site-packages/django/template/base.py", line 166, in _render
    return self.nodelist.render(context)
           ^^^^^^^^^^^^^^^^^^^^^^^^^^^^^
  File "/Users/michaelkatschko/Projects/rettungswache-wachbuch/.venv/lib/python3.12/site-packages/django/template/base.py", line 1107, in render
    return SafeString("".join([node.render_annotated(context) for node in self]))
                               ^^^^^^^^^^^^^^^^^^^^^^^^^^^^^^
  File "/Users/michaelkatschko/Projects/rettungswache-wachbuch/.venv/lib/python3.12/site-packages/django/template/base.py", line 1068, in render_annotated
    return self.render(context)
           ^^^^^^^^^^^^^^^^^^^^
  File "/Users/michaelkatschko/Projects/rettungswache-wachbuch/.venv/lib/python3.12/site-packages/django/templatetags/static.py", line 116, in render
    url = self.url(context)
          ^^^^^^^^^^^^^^^^^
  File "/Users/michaelkatschko/Projects/rettungswache-wachbuch/.venv/lib/python3.12/site-packages/django/templatetags/static.py", line 113, in url
    return self.handle_simple(path)
           ^^^^^^^^^^^^^^^^^^^^^^^^
  File "/Users/michaelkatschko/Projects/rettungswache-wachbuch/.venv/lib/python3.12/site-packages/django/templatetags/static.py", line 129, in handle_simple
    return staticfiles_storage.url(path)
           ^^^^^^^^^^^^^^^^^^^^^^^^^^^^^
  File "/Users/michaelkatschko/Projects/rettungswache-wachbuch/.venv/lib/python3.12/site-packages/django/contrib/staticfiles/storage.py", line 235, in url
    return self._url(self.stored_name, name, force)
           ^^^^^^^^^^^^^^^^^^^^^^^^^^^^^^^^^^^^^^^^
  File "/Users/michaelkatschko/Projects/rettungswache-wachbuch/.venv/lib/python3.12/site-packages/django/contrib/staticfiles/storage.py", line 214, in _url
    hashed_name = hashed_name_func(*args)
                  ^^^^^^^^^^^^^^^^^^^^^^^
  File "/Users/michaelkatschko/Projects/rettungswache-wachbuch/.venv/lib/python3.12/site-packages/django/contrib/staticfiles/storage.py", line 601, in stored_name
    raise ValueError(
ValueError: Missing staticfiles manifest entry for 'core/icons/icon-192.png'

During handling of the above exception, another exception occurred:

Traceback (most recent call last):
  File "/Users/michaelkatschko/Projects/rettungswache-wachbuch/.venv/lib/python3.12/site-packages/django/core/handlers/exception.py", line 56, in inner
    response = get_response(request)
               ^^^^^^^^^^^^^^^^^^^^^
  File "/Users/michaelkatschko/Projects/rettungswache-wachbuch/core/middleware.py", line 28, in __call__
    response = self.get_response(request)
               ^^^^^^^^^^^^^^^^^^^^^^^^^^
  File "/Users/michaelkatschko/Projects/rettungswache-wachbuch/.venv/lib/python3.12/site-packages/django/core/handlers/exception.py", line 58, in inner
    response = response_for_exception(request, exc)
               ^^^^^^^^^^^^^^^^^^^^^^^^^^^^^^^^^^^^
  File "/Users/michaelkatschko/Projects/rettungswache-wachbuch/.venv/lib/python3.12/site-packages/django/core/handlers/exception.py", line 142, in response_for_exception
    response = handle_uncaught_exception(
               ^^^^^^^^^^^^^^^^^^^^^^^^^^
  File "/Users/michaelkatschko/Projects/rettungswache-wachbuch/.venv/lib/python3.12/site-packages/django/core/handlers/exception.py", line 187, in handle_uncaught_exception
    return callback(request)
           ^^^^^^^^^^^^^^^^^
  File "/Users/michaelkatschko/Projects/rettungswache-wachbuch/core/views.py", line 162, in server_error
    response = render(
               ^^^^^^^
  File "/Users/michaelkatschko/Projects/rettungswache-wachbuch/.venv/lib/python3.12/site-packages/django/shortcuts.py", line 27, in render
    content = loader.render_to_string(template_name, context, request, using=using)
              ^^^^^^^^^^^^^^^^^^^^^^^^^^^^^^^^^^^^^^^^^^^^^^^^^^^^^^^^^^^^^^^^^^^^^
  File "/Users/michaelkatschko/Projects/rettungswache-wachbuch/.venv/lib/python3.12/site-packages/django/template/loader.py", line 62, in render_to_string
    return template.render(context, request)
           ^^^^^^^^^^^^^^^^^^^^^^^^^^^^^^^^^
  File "/Users/michaelkatschko/Projects/rettungswache-wachbuch/.venv/lib/python3.12/site-packages/django/template/backends/django.py", line 107, in render
    return self.template.render(context)
           ^^^^^^^^^^^^^^^^^^^^^^^^^^^^^
  File "/Users/michaelkatschko/Projects/rettungswache-wachbuch/.venv/lib/python3.12/site-packages/django/template/base.py", line 174, in render
    return self._render(context)
           ^^^^^^^^^^^^^^^^^^^^^
  File "/Users/michaelkatschko/Projects/rettungswache-wachbuch/.venv/lib/python3.12/site-packages/django/template/base.py", line 166, in _render
    return self.nodelist.render(context)
           ^^^^^^^^^^^^^^^^^^^^^^^^^^^^^
  File "/Users/michaelkatschko/Projects/rettungswache-wachbuch/.venv/lib/python3.12/site-packages/django/template/base.py", line 1107, in render
    return SafeString("".join([node.render_annotated(context) for node in self]))
                               ^^^^^^^^^^^^^^^^^^^^^^^^^^^^^^
  File "/Users/michaelkatschko/Projects/rettungswache-wachbuch/.venv/lib/python3.12/site-packages/django/template/base.py", line 1068, in render_annotated
    return self.render(context)
           ^^^^^^^^^^^^^^^^^^^^
  File "/Users/michaelkatschko/Projects/rettungswache-wachbuch/.venv/lib/python3.12/site-packages/django/template/loader_tags.py", line 160, in render
    return compiled_parent._render(context)
           ^^^^^^^^^^^^^^^^^^^^^^^^^^^^^^^^
  File "/Users/michaelkatschko/Projects/rettungswache-wachbuch/.venv/lib/python3.12/site-packages/django/template/base.py", line 166, in _render
    return self.nodelist.render(context)
           ^^^^^^^^^^^^^^^^^^^^^^^^^^^^^
  File "/Users/michaelkatschko/Projects/rettungswache-wachbuch/.venv/lib/python3.12/site-packages/django/template/base.py", line 1107, in render
    return SafeString("".join([node.render_annotated(context) for node in self]))
                               ^^^^^^^^^^^^^^^^^^^^^^^^^^^^^^
  File "/Users/michaelkatschko/Projects/rettungswache-wachbuch/.venv/lib/python3.12/site-packages/django/template/base.py", line 1068, in render_annotated
    return self.render(context)
           ^^^^^^^^^^^^^^^^^^^^
  File "/Users/michaelkatschko/Projects/rettungswache-wachbuch/.venv/lib/python3.12/site-packages/django/templatetags/static.py", line 116, in render
    url = self.url(context)
          ^^^^^^^^^^^^^^^^^
  File "/Users/michaelkatschko/Projects/rettungswache-wachbuch/.venv/lib/python3.12/site-packages/django/templatetags/static.py", line 113, in url
    return self.handle_simple(path)
           ^^^^^^^^^^^^^^^^^^^^^^^^
  File "/Users/michaelkatschko/Projects/rettungswache-wachbuch/.venv/lib/python3.12/site-packages/django/templatetags/static.py", line 129, in handle_simple
    return staticfiles_storage.url(path)
           ^^^^^^^^^^^^^^^^^^^^^^^^^^^^^
  File "/Users/michaelkatschko/Projects/rettungswache-wachbuch/.venv/lib/python3.12/site-packages/django/contrib/staticfiles/storage.py", line 235, in url
    return self._url(self.stored_name, name, force)
           ^^^^^^^^^^^^^^^^^^^^^^^^^^^^^^^^^^^^^^^^
  File "/Users/michaelkatschko/Projects/rettungswache-wachbuch/.venv/lib/python3.12/site-packages/django/contrib/staticfiles/storage.py", line 214, in _url
    hashed_name = hashed_name_func(*args)
                  ^^^^^^^^^^^^^^^^^^^^^^^
  File "/Users/michaelkatschko/Projects/rettungswache-wachbuch/.venv/lib/python3.12/site-packages/django/contrib/staticfiles/storage.py", line 601, in stored_name
    raise ValueError(
ValueError: Missing staticfiles manifest entry for 'core/icons/icon-192.png'

During handling of the above exception, another exception occurred:

Traceback (most recent call last):
  File "/Users/michaelkatschko/Projects/rettungswache-wachbuch/.venv/lib/python3.12/site-packages/django/core/handlers/exception.py", line 56, in inner
    response = get_response(request)
               ^^^^^^^^^^^^^^^^^^^^^
  File "/Users/michaelkatschko/Projects/rettungswache-wachbuch/core/middleware.py", line 76, in __call__
    response = self.get_response(request)
               ^^^^^^^^^^^^^^^^^^^^^^^^^^
  File "/Users/michaelkatschko/Projects/rettungswache-wachbuch/.venv/lib/python3.12/site-packages/django/core/handlers/exception.py", line 58, in inner
    response = response_for_exception(request, exc)
               ^^^^^^^^^^^^^^^^^^^^^^^^^^^^^^^^^^^^
  File "/Users/michaelkatschko/Projects/rettungswache-wachbuch/.venv/lib/python3.12/site-packages/django/core/handlers/exception.py", line 142, in response_for_exception
    response = handle_uncaught_exception(
               ^^^^^^^^^^^^^^^^^^^^^^^^^^
  File "/Users/michaelkatschko/Projects/rettungswache-wachbuch/.venv/lib/python3.12/site-packages/django/core/handlers/exception.py", line 187, in handle_uncaught_exception
    return callback(request)
           ^^^^^^^^^^^^^^^^^
  File "/Users/michaelkatschko/Projects/rettungswache-wachbuch/core/views.py", line 162, in server_error
    response = render(
               ^^^^^^^
  File "/Users/michaelkatschko/Projects/rettungswache-wachbuch/.venv/lib/python3.12/site-packages/django/shortcuts.py", line 27, in render
    content = loader.render_to_string(template_name, context, request, using=using)
              ^^^^^^^^^^^^^^^^^^^^^^^^^^^^^^^^^^^^^^^^^^^^^^^^^^^^^^^^^^^^^^^^^^^^^
  File "/Users/michaelkatschko/Projects/rettungswache-wachbuch/.venv/lib/python3.12/site-packages/django/template/loader.py", line 62, in render_to_string
    return template.render(context, request)
           ^^^^^^^^^^^^^^^^^^^^^^^^^^^^^^^^^
  File "/Users/michaelkatschko/Projects/rettungswache-wachbuch/.venv/lib/python3.12/site-packages/django/template/backends/django.py", line 107, in render
    return self.template.render(context)
           ^^^^^^^^^^^^^^^^^^^^^^^^^^^^^
  File "/Users/michaelkatschko/Projects/rettungswache-wachbuch/.venv/lib/python3.12/site-packages/django/template/base.py", line 174, in render
    return self._render(context)
           ^^^^^^^^^^^^^^^^^^^^^
  File "/Users/michaelkatschko/Projects/rettungswache-wachbuch/.venv/lib/python3.12/site-packages/django/template/base.py", line 166, in _render
    return self.nodelist.render(context)
           ^^^^^^^^^^^^^^^^^^^^^^^^^^^^^
  File "/Users/michaelkatschko/Projects/rettungswache-wachbuch/.venv/lib/python3.12/site-packages/django/template/base.py", line 1107, in render
    return SafeString("".join([node.render_annotated(context) for node in self]))
                               ^^^^^^^^^^^^^^^^^^^^^^^^^^^^^^
  File "/Users/michaelkatschko/Projects/rettungswache-wachbuch/.venv/lib/python3.12/site-packages/django/template/base.py", line 1068, in render_annotated
    return self.render(context)
           ^^^^^^^^^^^^^^^^^^^^
  File "/Users/michaelkatschko/Projects/rettungswache-wachbuch/.venv/lib/python3.12/site-packages/django/template/loader_tags.py", line 160, in render
    return compiled_parent._render(context)
           ^^^^^^^^^^^^^^^^^^^^^^^^^^^^^^^^
  File "/Users/michaelkatschko/Projects/rettungswache-wachbuch/.venv/lib/python3.12/site-packages/django/template/base.py", line 166, in _render
    return self.nodelist.render(context)
           ^^^^^^^^^^^^^^^^^^^^^^^^^^^^^
  File "/Users/michaelkatschko/Projects/rettungswache-wachbuch/.venv/lib/python3.12/site-packages/django/template/base.py", line 1107, in render
    return SafeString("".join([node.render_annotated(context) for node in self]))
                               ^^^^^^^^^^^^^^^^^^^^^^^^^^^^^^
  File "/Users/michaelkatschko/Projects/rettungswache-wachbuch/.venv/lib/python3.12/site-packages/django/template/base.py", line 1068, in render_annotated
    return self.render(context)
           ^^^^^^^^^^^^^^^^^^^^
  File "/Users/michaelkatschko/Projects/rettungswache-wachbuch/.venv/lib/python3.12/site-packages/django/templatetags/static.py", line 116, in render
    url = self.url(context)
          ^^^^^^^^^^^^^^^^^
  File "/Users/michaelkatschko/Projects/rettungswache-wachbuch/.venv/lib/python3.12/site-packages/django/templatetags/static.py", line 113, in url
    return self.handle_simple(path)
           ^^^^^^^^^^^^^^^^^^^^^^^^
  File "/Users/michaelkatschko/Projects/rettungswache-wachbuch/.venv/lib/python3.12/site-packages/django/templatetags/static.py", line 129, in handle_simple
    return staticfiles_storage.url(path)
           ^^^^^^^^^^^^^^^^^^^^^^^^^^^^^
  File "/Users/michaelkatschko/Projects/rettungswache-wachbuch/.venv/lib/python3.12/site-packages/django/contrib/staticfiles/storage.py", line 235, in url
    return self._url(self.stored_name, name, force)
           ^^^^^^^^^^^^^^^^^^^^^^^^^^^^^^^^^^^^^^^^
  File "/Users/michaelkatschko/Projects/rettungswache-wachbuch/.venv/lib/python3.12/site-packages/django/contrib/staticfiles/storage.py", line 214, in _url
    hashed_name = hashed_name_func(*args)
                  ^^^^^^^^^^^^^^^^^^^^^^^
  File "/Users/michaelkatschko/Projects/rettungswache-wachbuch/.venv/lib/python3.12/site-packages/django/contrib/staticfiles/storage.py", line 601, in stored_name
    raise ValueError(
ValueError: Missing staticfiles manifest entry for 'core/icons/icon-192.png'

During handling of the above exception, another exception occurred:

Traceback (most recent call last):
  File "/Users/michaelkatschko/Projects/rettungswache-wachbuch/.venv/lib/python3.12/site-packages/django/core/handlers/exception.py", line 56, in inner
    response = get_response(request)
               ^^^^^^^^^^^^^^^^^^^^^
  File "/Users/michaelkatschko/Projects/rettungswache-wachbuch/.venv/lib/python3.12/site-packages/django/utils/deprecation.py", line 441, in __call__
    response = response or self.get_response(request)
                           ^^^^^^^^^^^^^^^^^^^^^^^^^^
  File "/Users/michaelkatschko/Projects/rettungswache-wachbuch/.venv/lib/python3.12/site-packages/django/core/handlers/exception.py", line 58, in inner
    response = response_for_exception(request, exc)
               ^^^^^^^^^^^^^^^^^^^^^^^^^^^^^^^^^^^^
  File "/Users/michaelkatschko/Projects/rettungswache-wachbuch/.venv/lib/python3.12/site-packages/django/core/handlers/exception.py", line 142, in response_for_exception
    response = handle_uncaught_exception(
               ^^^^^^^^^^^^^^^^^^^^^^^^^^
  File "/Users/michaelkatschko/Projects/rettungswache-wachbuch/.venv/lib/python3.12/site-packages/django/core/handlers/exception.py", line 187, in handle_uncaught_exception
    return callback(request)
           ^^^^^^^^^^^^^^^^^
  File "/Users/michaelkatschko/Projects/rettungswache-wachbuch/core/views.py", line 162, in server_error
    response = render(
               ^^^^^^^
  File "/Users/michaelkatschko/Projects/rettungswache-wachbuch/.venv/lib/python3.12/site-packages/django/shortcuts.py", line 27, in render
    content = loader.render_to_string(template_name, context, request, using=using)
              ^^^^^^^^^^^^^^^^^^^^^^^^^^^^^^^^^^^^^^^^^^^^^^^^^^^^^^^^^^^^^^^^^^^^^
  File "/Users/michaelkatschko/Projects/rettungswache-wachbuch/.venv/lib/python3.12/site-packages/django/template/loader.py", line 62, in render_to_string
    return template.render(context, request)
           ^^^^^^^^^^^^^^^^^^^^^^^^^^^^^^^^^
  File "/Users/michaelkatschko/Projects/rettungswache-wachbuch/.venv/lib/python3.12/site-packages/django/template/backends/django.py", line 107, in render
    return self.template.render(context)
           ^^^^^^^^^^^^^^^^^^^^^^^^^^^^^
  File "/Users/michaelkatschko/Projects/rettungswache-wachbuch/.venv/lib/python3.12/site-packages/django/template/base.py", line 174, in render
    return self._render(context)
           ^^^^^^^^^^^^^^^^^^^^^
  File "/Users/michaelkatschko/Projects/rettungswache-wachbuch/.venv/lib/python3.12/site-packages/django/template/base.py", line 166, in _render
    return self.nodelist.render(context)
           ^^^^^^^^^^^^^^^^^^^^^^^^^^^^^
  File "/Users/michaelkatschko/Projects/rettungswache-wachbuch/.venv/lib/python3.12/site-packages/django/template/base.py", line 1107, in render
    return SafeString("".join([node.render_annotated(context) for node in self]))
                               ^^^^^^^^^^^^^^^^^^^^^^^^^^^^^^
  File "/Users/michaelkatschko/Projects/rettungswache-wachbuch/.venv/lib/python3.12/site-packages/django/template/base.py", line 1068, in render_annotated
    return self.render(context)
           ^^^^^^^^^^^^^^^^^^^^
  File "/Users/michaelkatschko/Projects/rettungswache-wachbuch/.venv/lib/python3.12/site-packages/django/template/loader_tags.py", line 160, in render
    return compiled_parent._render(context)
           ^^^^^^^^^^^^^^^^^^^^^^^^^^^^^^^^
  File "/Users/michaelkatschko/Projects/rettungswache-wachbuch/.venv/lib/python3.12/site-packages/django/template/base.py", line 166, in _render
    return self.nodelist.render(context)
           ^^^^^^^^^^^^^^^^^^^^^^^^^^^^^
  File "/Users/michaelkatschko/Projects/rettungswache-wachbuch/.venv/lib/python3.12/site-packages/django/template/base.py", line 1107, in render
    return SafeString("".join([node.render_annotated(context) for node in self]))
                               ^^^^^^^^^^^^^^^^^^^^^^^^^^^^^^
  File "/Users/michaelkatschko/Projects/rettungswache-wachbuch/.venv/lib/python3.12/site-packages/django/template/base.py", line 1068, in render_annotated
    return self.render(context)
           ^^^^^^^^^^^^^^^^^^^^
  File "/Users/michaelkatschko/Projects/rettungswache-wachbuch/.venv/lib/python3.12/site-packages/django/templatetags/static.py", line 116, in render
    url = self.url(context)
          ^^^^^^^^^^^^^^^^^
  File "/Users/michaelkatschko/Projects/rettungswache-wachbuch/.venv/lib/python3.12/site-packages/django/templatetags/static.py", line 113, in url
    return self.handle_simple(path)
           ^^^^^^^^^^^^^^^^^^^^^^^^
  File "/Users/michaelkatschko/Projects/rettungswache-wachbuch/.venv/lib/python3.12/site-packages/django/templatetags/static.py", line 129, in handle_simple
    return staticfiles_storage.url(path)
           ^^^^^^^^^^^^^^^^^^^^^^^^^^^^^
  File "/Users/michaelkatschko/Projects/rettungswache-wachbuch/.venv/lib/python3.12/site-packages/django/contrib/staticfiles/storage.py", line 235, in url
    return self._url(self.stored_name, name, force)
           ^^^^^^^^^^^^^^^^^^^^^^^^^^^^^^^^^^^^^^^^
  File "/Users/michaelkatschko/Projects/rettungswache-wachbuch/.venv/lib/python3.12/site-packages/django/contrib/staticfiles/storage.py", line 214, in _url
    hashed_name = hashed_name_func(*args)
                  ^^^^^^^^^^^^^^^^^^^^^^^
  File "/Users/michaelkatschko/Projects/rettungswache-wachbuch/.venv/lib/python3.12/site-packages/django/contrib/staticfiles/storage.py", line 601, in stored_name
    raise ValueError(
ValueError: Missing staticfiles manifest entry for 'core/icons/icon-192.png'

During handling of the above exception, another exception occurred:

Traceback (most recent call last):
  File "/Users/michaelkatschko/Projects/rettungswache-wachbuch/.venv/lib/python3.12/site-packages/django/core/handlers/exception.py", line 56, in inner
    response = get_response(request)
               ^^^^^^^^^^^^^^^^^^^^^
  File "/Users/michaelkatschko/Projects/rettungswache-wachbuch/.venv/lib/python3.12/site-packages/django/utils/deprecation.py", line 441, in __call__
    response = response or self.get_response(request)
                           ^^^^^^^^^^^^^^^^^^^^^^^^^^
  File "/Users/michaelkatschko/Projects/rettungswache-wachbuch/.venv/lib/python3.12/site-packages/django/core/handlers/exception.py", line 58, in inner
    response = response_for_exception(request, exc)
               ^^^^^^^^^^^^^^^^^^^^^^^^^^^^^^^^^^^^
  File "/Users/michaelkatschko/Projects/rettungswache-wachbuch/.venv/lib/python3.12/site-packages/django/core/handlers/exception.py", line 142, in response_for_exception
    response = handle_uncaught_exception(
               ^^^^^^^^^^^^^^^^^^^^^^^^^^
  File "/Users/michaelkatschko/Projects/rettungswache-wachbuch/.venv/lib/python3.12/site-packages/django/core/handlers/exception.py", line 187, in handle_uncaught_exception
    return callback(request)
           ^^^^^^^^^^^^^^^^^
  File "/Users/michaelkatschko/Projects/rettungswache-wachbuch/core/views.py", line 162, in server_error
    response = render(
               ^^^^^^^
  File "/Users/michaelkatschko/Projects/rettungswache-wachbuch/.venv/lib/python3.12/site-packages/django/shortcuts.py", line 27, in render
    content = loader.render_to_string(template_name, context, request, using=using)
              ^^^^^^^^^^^^^^^^^^^^^^^^^^^^^^^^^^^^^^^^^^^^^^^^^^^^^^^^^^^^^^^^^^^^^
  File "/Users/michaelkatschko/Projects/rettungswache-wachbuch/.venv/lib/python3.12/site-packages/django/template/loader.py", line 62, in render_to_string
    return template.render(context, request)
           ^^^^^^^^^^^^^^^^^^^^^^^^^^^^^^^^^
  File "/Users/michaelkatschko/Projects/rettungswache-wachbuch/.venv/lib/python3.12/site-packages/django/template/backends/django.py", line 107, in render
    return self.template.render(context)
           ^^^^^^^^^^^^^^^^^^^^^^^^^^^^^
  File "/Users/michaelkatschko/Projects/rettungswache-wachbuch/.venv/lib/python3.12/site-packages/django/template/base.py", line 174, in render
    return self._render(context)
           ^^^^^^^^^^^^^^^^^^^^^
  File "/Users/michaelkatschko/Projects/rettungswache-wachbuch/.venv/lib/python3.12/site-packages/django/template/base.py", line 166, in _render
    return self.nodelist.render(context)
           ^^^^^^^^^^^^^^^^^^^^^^^^^^^^^
  File "/Users/michaelkatschko/Projects/rettungswache-wachbuch/.venv/lib/python3.12/site-packages/django/template/base.py", line 1107, in render
    return SafeString("".join([node.render_annotated(context) for node in self]))
                               ^^^^^^^^^^^^^^^^^^^^^^^^^^^^^^
  File "/Users/michaelkatschko/Projects/rettungswache-wachbuch/.venv/lib/python3.12/site-packages/django/template/base.py", line 1068, in render_annotated
    return self.render(context)
           ^^^^^^^^^^^^^^^^^^^^
  File "/Users/michaelkatschko/Projects/rettungswache-wachbuch/.venv/lib/python3.12/site-packages/django/template/loader_tags.py", line 160, in render
    return compiled_parent._render(context)
           ^^^^^^^^^^^^^^^^^^^^^^^^^^^^^^^^
  File "/Users/michaelkatschko/Projects/rettungswache-wachbuch/.venv/lib/python3.12/site-packages/django/template/base.py", line 166, in _render
    return self.nodelist.render(context)
           ^^^^^^^^^^^^^^^^^^^^^^^^^^^^^
  File "/Users/michaelkatschko/Projects/rettungswache-wachbuch/.venv/lib/python3.12/site-packages/django/template/base.py", line 1107, in render
    return SafeString("".join([node.render_annotated(context) for node in self]))
                               ^^^^^^^^^^^^^^^^^^^^^^^^^^^^^^
  File "/Users/michaelkatschko/Projects/rettungswache-wachbuch/.venv/lib/python3.12/site-packages/django/template/base.py", line 1068, in render_annotated
    return self.render(context)
           ^^^^^^^^^^^^^^^^^^^^
  File "/Users/michaelkatschko/Projects/rettungswache-wachbuch/.venv/lib/python3.12/site-packages/django/templatetags/static.py", line 116, in render
    url = self.url(context)
          ^^^^^^^^^^^^^^^^^
  File "/Users/michaelkatschko/Projects/rettungswache-wachbuch/.venv/lib/python3.12/site-packages/django/templatetags/static.py", line 113, in url
    return self.handle_simple(path)
           ^^^^^^^^^^^^^^^^^^^^^^^^
  File "/Users/michaelkatschko/Projects/rettungswache-wachbuch/.venv/lib/python3.12/site-packages/django/templatetags/static.py", line 129, in handle_simple
    return staticfiles_storage.url(path)
           ^^^^^^^^^^^^^^^^^^^^^^^^^^^^^
  File "/Users/michaelkatschko/Projects/rettungswache-wachbuch/.venv/lib/python3.12/site-packages/django/contrib/staticfiles/storage.py", line 235, in url
    return self._url(self.stored_name, name, force)
           ^^^^^^^^^^^^^^^^^^^^^^^^^^^^^^^^^^^^^^^^
  File "/Users/michaelkatschko/Projects/rettungswache-wachbuch/.venv/lib/python3.12/site-packages/django/contrib/staticfiles/storage.py", line 214, in _url
    hashed_name = hashed_name_func(*args)
                  ^^^^^^^^^^^^^^^^^^^^^^^
  File "/Users/michaelkatschko/Projects/rettungswache-wachbuch/.venv/lib/python3.12/site-packages/django/contrib/staticfiles/storage.py", line 601, in stored_name
    raise ValueError(
ValueError: Missing staticfiles manifest entry for 'core/icons/icon-192.png'

During handling of the above exception, another exception occurred:

Traceback (most recent call last):
  File "/Users/michaelkatschko/Projects/rettungswache-wachbuch/.venv/lib/python3.12/site-packages/django/core/handlers/exception.py", line 56, in inner
    response = get_response(request)
               ^^^^^^^^^^^^^^^^^^^^^
  File "/Users/michaelkatschko/Projects/rettungswache-wachbuch/.venv/lib/python3.12/site-packages/django/utils/deprecation.py", line 441, in __call__
    response = response or self.get_response(request)
                           ^^^^^^^^^^^^^^^^^^^^^^^^^^
  File "/Users/michaelkatschko/Projects/rettungswache-wachbuch/.venv/lib/python3.12/site-packages/django/core/handlers/exception.py", line 58, in inner
    response = response_for_exception(request, exc)
               ^^^^^^^^^^^^^^^^^^^^^^^^^^^^^^^^^^^^
  File "/Users/michaelkatschko/Projects/rettungswache-wachbuch/.venv/lib/python3.12/site-packages/django/core/handlers/exception.py", line 142, in response_for_exception
    response = handle_uncaught_exception(
               ^^^^^^^^^^^^^^^^^^^^^^^^^^
  File "/Users/michaelkatschko/Projects/rettungswache-wachbuch/.venv/lib/python3.12/site-packages/django/core/handlers/exception.py", line 187, in handle_uncaught_exception
    return callback(request)
           ^^^^^^^^^^^^^^^^^
  File "/Users/michaelkatschko/Projects/rettungswache-wachbuch/core/views.py", line 162, in server_error
    response = render(
               ^^^^^^^
  File "/Users/michaelkatschko/Projects/rettungswache-wachbuch/.venv/lib/python3.12/site-packages/django/shortcuts.py", line 27, in render
    content = loader.render_to_string(template_name, context, request, using=using)
              ^^^^^^^^^^^^^^^^^^^^^^^^^^^^^^^^^^^^^^^^^^^^^^^^^^^^^^^^^^^^^^^^^^^^^
  File "/Users/michaelkatschko/Projects/rettungswache-wachbuch/.venv/lib/python3.12/site-packages/django/template/loader.py", line 62, in render_to_string
    return template.render(context, request)
           ^^^^^^^^^^^^^^^^^^^^^^^^^^^^^^^^^
  File "/Users/michaelkatschko/Projects/rettungswache-wachbuch/.venv/lib/python3.12/site-packages/django/template/backends/django.py", line 107, in render
    return self.template.render(context)
           ^^^^^^^^^^^^^^^^^^^^^^^^^^^^^
  File "/Users/michaelkatschko/Projects/rettungswache-wachbuch/.venv/lib/python3.12/site-packages/django/template/base.py", line 174, in render
    return self._render(context)
           ^^^^^^^^^^^^^^^^^^^^^
  File "/Users/michaelkatschko/Projects/rettungswache-wachbuch/.venv/lib/python3.12/site-packages/django/template/base.py", line 166, in _render
    return self.nodelist.render(context)
           ^^^^^^^^^^^^^^^^^^^^^^^^^^^^^
  File "/Users/michaelkatschko/Projects/rettungswache-wachbuch/.venv/lib/python3.12/site-packages/django/template/base.py", line 1107, in render
    return SafeString("".join([node.render_annotated(context) for node in self]))
                               ^^^^^^^^^^^^^^^^^^^^^^^^^^^^^^
  File "/Users/michaelkatschko/Projects/rettungswache-wachbuch/.venv/lib/python3.12/site-packages/django/template/base.py", line 1068, in render_annotated
    return self.render(context)
           ^^^^^^^^^^^^^^^^^^^^
  File "/Users/michaelkatschko/Projects/rettungswache-wachbuch/.venv/lib/python3.12/site-packages/django/template/loader_tags.py", line 160, in render
    return compiled_parent._render(context)
           ^^^^^^^^^^^^^^^^^^^^^^^^^^^^^^^^
  File "/Users/michaelkatschko/Projects/rettungswache-wachbuch/.venv/lib/python3.12/site-packages/django/template/base.py", line 166, in _render
    return self.nodelist.render(context)
           ^^^^^^^^^^^^^^^^^^^^^^^^^^^^^
  File "/Users/michaelkatschko/Projects/rettungswache-wachbuch/.venv/lib/python3.12/site-packages/django/template/base.py", line 1107, in render
    return SafeString("".join([node.render_annotated(context) for node in self]))
                               ^^^^^^^^^^^^^^^^^^^^^^^^^^^^^^
  File "/Users/michaelkatschko/Projects/rettungswache-wachbuch/.venv/lib/python3.12/site-packages/django/template/base.py", line 1068, in render_annotated
    return self.render(context)
           ^^^^^^^^^^^^^^^^^^^^
  File "/Users/michaelkatschko/Projects/rettungswache-wachbuch/.venv/lib/python3.12/site-packages/django/templatetags/static.py", line 116, in render
    url = self.url(context)
          ^^^^^^^^^^^^^^^^^
  File "/Users/michaelkatschko/Projects/rettungswache-wachbuch/.venv/lib/python3.12/site-packages/django/templatetags/static.py", line 113, in url
    return self.handle_simple(path)
           ^^^^^^^^^^^^^^^^^^^^^^^^
  File "/Users/michaelkatschko/Projects/rettungswache-wachbuch/.venv/lib/python3.12/site-packages/django/templatetags/static.py", line 129, in handle_simple
    return staticfiles_storage.url(path)
           ^^^^^^^^^^^^^^^^^^^^^^^^^^^^^
  File "/Users/michaelkatschko/Projects/rettungswache-wachbuch/.venv/lib/python3.12/site-packages/django/contrib/staticfiles/storage.py", line 235, in url
    return self._url(self.stored_name, name, force)
           ^^^^^^^^^^^^^^^^^^^^^^^^^^^^^^^^^^^^^^^^
  File "/Users/michaelkatschko/Projects/rettungswache-wachbuch/.venv/lib/python3.12/site-packages/django/contrib/staticfiles/storage.py", line 214, in _url
    hashed_name = hashed_name_func(*args)
                  ^^^^^^^^^^^^^^^^^^^^^^^
  File "/Users/michaelkatschko/Projects/rettungswache-wachbuch/.venv/lib/python3.12/site-packages/django/contrib/staticfiles/storage.py", line 601, in stored_name
    raise ValueError(
ValueError: Missing staticfiles manifest entry for 'core/icons/icon-192.png'

During handling of the above exception, another exception occurred:

Traceback (most recent call last):
  File "/Users/michaelkatschko/Projects/rettungswache-wachbuch/.venv/lib/python3.12/site-packages/django/core/handlers/exception.py", line 56, in inner
    response = get_response(request)
               ^^^^^^^^^^^^^^^^^^^^^
  File "/Users/michaelkatschko/Projects/rettungswache-wachbuch/.venv/lib/python3.12/site-packages/django/utils/deprecation.py", line 441, in __call__
    response = response or self.get_response(request)
                           ^^^^^^^^^^^^^^^^^^^^^^^^^^
  File "/Users/michaelkatschko/Projects/rettungswache-wachbuch/.venv/lib/python3.12/site-packages/django/core/handlers/exception.py", line 58, in inner
    response = response_for_exception(request, exc)
               ^^^^^^^^^^^^^^^^^^^^^^^^^^^^^^^^^^^^
  File "/Users/michaelkatschko/Projects/rettungswache-wachbuch/.venv/lib/python3.12/site-packages/django/core/handlers/exception.py", line 142, in response_for_exception
    response = handle_uncaught_exception(
               ^^^^^^^^^^^^^^^^^^^^^^^^^^
  File "/Users/michaelkatschko/Projects/rettungswache-wachbuch/.venv/lib/python3.12/site-packages/django/core/handlers/exception.py", line 187, in handle_uncaught_exception
    return callback(request)
           ^^^^^^^^^^^^^^^^^
  File "/Users/michaelkatschko/Projects/rettungswache-wachbuch/core/views.py", line 162, in server_error
    response = render(
               ^^^^^^^
  File "/Users/michaelkatschko/Projects/rettungswache-wachbuch/.venv/lib/python3.12/site-packages/django/shortcuts.py", line 27, in render
    content = loader.render_to_string(template_name, context, request, using=using)
              ^^^^^^^^^^^^^^^^^^^^^^^^^^^^^^^^^^^^^^^^^^^^^^^^^^^^^^^^^^^^^^^^^^^^^
  File "/Users/michaelkatschko/Projects/rettungswache-wachbuch/.venv/lib/python3.12/site-packages/django/template/loader.py", line 62, in render_to_string
    return template.render(context, request)
           ^^^^^^^^^^^^^^^^^^^^^^^^^^^^^^^^^
  File "/Users/michaelkatschko/Projects/rettungswache-wachbuch/.venv/lib/python3.12/site-packages/django/template/backends/django.py", line 107, in render
    return self.template.render(context)
           ^^^^^^^^^^^^^^^^^^^^^^^^^^^^^
  File "/Users/michaelkatschko/Projects/rettungswache-wachbuch/.venv/lib/python3.12/site-packages/django/template/base.py", line 174, in render
    return self._render(context)
           ^^^^^^^^^^^^^^^^^^^^^
  File "/Users/michaelkatschko/Projects/rettungswache-wachbuch/.venv/lib/python3.12/site-packages/django/template/base.py", line 166, in _render
    return self.nodelist.render(context)
           ^^^^^^^^^^^^^^^^^^^^^^^^^^^^^
  File "/Users/michaelkatschko/Projects/rettungswache-wachbuch/.venv/lib/python3.12/site-packages/django/template/base.py", line 1107, in render
    return SafeString("".join([node.render_annotated(context) for node in self]))
                               ^^^^^^^^^^^^^^^^^^^^^^^^^^^^^^
  File "/Users/michaelkatschko/Projects/rettungswache-wachbuch/.venv/lib/python3.12/site-packages/django/template/base.py", line 1068, in render_annotated
    return self.render(context)
           ^^^^^^^^^^^^^^^^^^^^
  File "/Users/michaelkatschko/Projects/rettungswache-wachbuch/.venv/lib/python3.12/site-packages/django/template/loader_tags.py", line 160, in render
    return compiled_parent._render(context)
           ^^^^^^^^^^^^^^^^^^^^^^^^^^^^^^^^
  File "/Users/michaelkatschko/Projects/rettungswache-wachbuch/.venv/lib/python3.12/site-packages/django/template/base.py", line 166, in _render
    return self.nodelist.render(context)
           ^^^^^^^^^^^^^^^^^^^^^^^^^^^^^
  File "/Users/michaelkatschko/Projects/rettungswache-wachbuch/.venv/lib/python3.12/site-packages/django/template/base.py", line 1107, in render
    return SafeString("".join([node.render_annotated(context) for node in self]))
                               ^^^^^^^^^^^^^^^^^^^^^^^^^^^^^^
  File "/Users/michaelkatschko/Projects/rettungswache-wachbuch/.venv/lib/python3.12/site-packages/django/template/base.py", line 1068, in render_annotated
    return self.render(context)
           ^^^^^^^^^^^^^^^^^^^^
  File "/Users/michaelkatschko/Projects/rettungswache-wachbuch/.venv/lib/python3.12/site-packages/django/templatetags/static.py", line 116, in render
    url = self.url(context)
          ^^^^^^^^^^^^^^^^^
  File "/Users/michaelkatschko/Projects/rettungswache-wachbuch/.venv/lib/python3.12/site-packages/django/templatetags/static.py", line 113, in url
    return self.handle_simple(path)
           ^^^^^^^^^^^^^^^^^^^^^^^^
  File "/Users/michaelkatschko/Projects/rettungswache-wachbuch/.venv/lib/python3.12/site-packages/django/templatetags/static.py", line 129, in handle_simple
    return staticfiles_storage.url(path)
           ^^^^^^^^^^^^^^^^^^^^^^^^^^^^^
  File "/Users/michaelkatschko/Projects/rettungswache-wachbuch/.venv/lib/python3.12/site-packages/django/contrib/staticfiles/storage.py", line 235, in url
    return self._url(self.stored_name, name, force)
           ^^^^^^^^^^^^^^^^^^^^^^^^^^^^^^^^^^^^^^^^
  File "/Users/michaelkatschko/Projects/rettungswache-wachbuch/.venv/lib/python3.12/site-packages/django/contrib/staticfiles/storage.py", line 214, in _url
    hashed_name = hashed_name_func(*args)
                  ^^^^^^^^^^^^^^^^^^^^^^^
  File "/Users/michaelkatschko/Projects/rettungswache-wachbuch/.venv/lib/python3.12/site-packages/django/contrib/staticfiles/storage.py", line 601, in stored_name
    raise ValueError(
ValueError: Missing staticfiles manifest entry for 'core/icons/icon-192.png'

During handling of the above exception, another exception occurred:

Traceback (most recent call last):
  File "/Users/michaelkatschko/Projects/rettungswache-wachbuch/.venv/lib/python3.12/site-packages/django/core/handlers/exception.py", line 56, in inner
    response = get_response(request)
               ^^^^^^^^^^^^^^^^^^^^^
  File "/Users/michaelkatschko/Projects/rettungswache-wachbuch/.venv/lib/python3.12/site-packages/django/utils/deprecation.py", line 441, in __call__
    response = response or self.get_response(request)
                           ^^^^^^^^^^^^^^^^^^^^^^^^^^
  File "/Users/michaelkatschko/Projects/rettungswache-wachbuch/.venv/lib/python3.12/site-packages/django/core/handlers/exception.py", line 58, in inner
    response = response_for_exception(request, exc)
               ^^^^^^^^^^^^^^^^^^^^^^^^^^^^^^^^^^^^
  File "/Users/michaelkatschko/Projects/rettungswache-wachbuch/.venv/lib/python3.12/site-packages/django/core/handlers/exception.py", line 142, in response_for_exception
    response = handle_uncaught_exception(
               ^^^^^^^^^^^^^^^^^^^^^^^^^^
  File "/Users/michaelkatschko/Projects/rettungswache-wachbuch/.venv/lib/python3.12/site-packages/django/core/handlers/exception.py", line 187, in handle_uncaught_exception
    return callback(request)
           ^^^^^^^^^^^^^^^^^
  File "/Users/michaelkatschko/Projects/rettungswache-wachbuch/core/views.py", line 162, in server_error
    response = render(
               ^^^^^^^
  File "/Users/michaelkatschko/Projects/rettungswache-wachbuch/.venv/lib/python3.12/site-packages/django/shortcuts.py", line 27, in render
    content = loader.render_to_string(template_name, context, request, using=using)
              ^^^^^^^^^^^^^^^^^^^^^^^^^^^^^^^^^^^^^^^^^^^^^^^^^^^^^^^^^^^^^^^^^^^^^
  File "/Users/michaelkatschko/Projects/rettungswache-wachbuch/.venv/lib/python3.12/site-packages/django/template/loader.py", line 62, in render_to_string
    return template.render(context, request)
           ^^^^^^^^^^^^^^^^^^^^^^^^^^^^^^^^^
  File "/Users/michaelkatschko/Projects/rettungswache-wachbuch/.venv/lib/python3.12/site-packages/django/template/backends/django.py", line 107, in render
    return self.template.render(context)
           ^^^^^^^^^^^^^^^^^^^^^^^^^^^^^
  File "/Users/michaelkatschko/Projects/rettungswache-wachbuch/.venv/lib/python3.12/site-packages/django/template/base.py", line 174, in render
    return self._render(context)
           ^^^^^^^^^^^^^^^^^^^^^
  File "/Users/michaelkatschko/Projects/rettungswache-wachbuch/.venv/lib/python3.12/site-packages/django/template/base.py", line 166, in _render
    return self.nodelist.render(context)
           ^^^^^^^^^^^^^^^^^^^^^^^^^^^^^
  File "/Users/michaelkatschko/Projects/rettungswache-wachbuch/.venv/lib/python3.12/site-packages/django/template/base.py", line 1107, in render
    return SafeString("".join([node.render_annotated(context) for node in self]))
                               ^^^^^^^^^^^^^^^^^^^^^^^^^^^^^^
  File "/Users/michaelkatschko/Projects/rettungswache-wachbuch/.venv/lib/python3.12/site-packages/django/template/base.py", line 1068, in render_annotated
    return self.render(context)
           ^^^^^^^^^^^^^^^^^^^^
  File "/Users/michaelkatschko/Projects/rettungswache-wachbuch/.venv/lib/python3.12/site-packages/django/template/loader_tags.py", line 160, in render
    return compiled_parent._render(context)
           ^^^^^^^^^^^^^^^^^^^^^^^^^^^^^^^^
  File "/Users/michaelkatschko/Projects/rettungswache-wachbuch/.venv/lib/python3.12/site-packages/django/template/base.py", line 166, in _render
    return self.nodelist.render(context)
           ^^^^^^^^^^^^^^^^^^^^^^^^^^^^^
  File "/Users/michaelkatschko/Projects/rettungswache-wachbuch/.venv/lib/python3.12/site-packages/django/template/base.py", line 1107, in render
    return SafeString("".join([node.render_annotated(context) for node in self]))
                               ^^^^^^^^^^^^^^^^^^^^^^^^^^^^^^
  File "/Users/michaelkatschko/Projects/rettungswache-wachbuch/.venv/lib/python3.12/site-packages/django/template/base.py", line 1068, in render_annotated
    return self.render(context)
           ^^^^^^^^^^^^^^^^^^^^
  File "/Users/michaelkatschko/Projects/rettungswache-wachbuch/.venv/lib/python3.12/site-packages/django/templatetags/static.py", line 116, in render
    url = self.url(context)
          ^^^^^^^^^^^^^^^^^
  File "/Users/michaelkatschko/Projects/rettungswache-wachbuch/.venv/lib/python3.12/site-packages/django/templatetags/static.py", line 113, in url
    return self.handle_simple(path)
           ^^^^^^^^^^^^^^^^^^^^^^^^
  File "/Users/michaelkatschko/Projects/rettungswache-wachbuch/.venv/lib/python3.12/site-packages/django/templatetags/static.py", line 129, in handle_simple
    return staticfiles_storage.url(path)
           ^^^^^^^^^^^^^^^^^^^^^^^^^^^^^
  File "/Users/michaelkatschko/Projects/rettungswache-wachbuch/.venv/lib/python3.12/site-packages/django/contrib/staticfiles/storage.py", line 235, in url
    return self._url(self.stored_name, name, force)
           ^^^^^^^^^^^^^^^^^^^^^^^^^^^^^^^^^^^^^^^^
  File "/Users/michaelkatschko/Projects/rettungswache-wachbuch/.venv/lib/python3.12/site-packages/django/contrib/staticfiles/storage.py", line 214, in _url
    hashed_name = hashed_name_func(*args)
                  ^^^^^^^^^^^^^^^^^^^^^^^
  File "/Users/michaelkatschko/Projects/rettungswache-wachbuch/.venv/lib/python3.12/site-packages/django/contrib/staticfiles/storage.py", line 601, in stored_name
    raise ValueError(
ValueError: Missing staticfiles manifest entry for 'core/icons/icon-192.png'

During handling of the above exception, another exception occurred:

Traceback (most recent call last):
  File "/Users/michaelkatschko/Projects/rettungswache-wachbuch/.venv/lib/python3.12/site-packages/django/core/handlers/exception.py", line 56, in inner
    response = get_response(request)
               ^^^^^^^^^^^^^^^^^^^^^
  File "/Users/michaelkatschko/Projects/rettungswache-wachbuch/.venv/lib/python3.12/site-packages/django/utils/deprecation.py", line 441, in __call__
    response = response or self.get_response(request)
                           ^^^^^^^^^^^^^^^^^^^^^^^^^^
  File "/Users/michaelkatschko/Projects/rettungswache-wachbuch/.venv/lib/python3.12/site-packages/django/core/handlers/exception.py", line 58, in inner
    response = response_for_exception(request, exc)
               ^^^^^^^^^^^^^^^^^^^^^^^^^^^^^^^^^^^^
  File "/Users/michaelkatschko/Projects/rettungswache-wachbuch/.venv/lib/python3.12/site-packages/django/core/handlers/exception.py", line 142, in response_for_exception
    response = handle_uncaught_exception(
               ^^^^^^^^^^^^^^^^^^^^^^^^^^
  File "/Users/michaelkatschko/Projects/rettungswache-wachbuch/.venv/lib/python3.12/site-packages/django/core/handlers/exception.py", line 187, in handle_uncaught_exception
    return callback(request)
           ^^^^^^^^^^^^^^^^^
  File "/Users/michaelkatschko/Projects/rettungswache-wachbuch/core/views.py", line 162, in server_error
    response = render(
               ^^^^^^^
  File "/Users/michaelkatschko/Projects/rettungswache-wachbuch/.venv/lib/python3.12/site-packages/django/shortcuts.py", line 27, in render
    content = loader.render_to_string(template_name, context, request, using=using)
              ^^^^^^^^^^^^^^^^^^^^^^^^^^^^^^^^^^^^^^^^^^^^^^^^^^^^^^^^^^^^^^^^^^^^^
  File "/Users/michaelkatschko/Projects/rettungswache-wachbuch/.venv/lib/python3.12/site-packages/django/template/loader.py", line 62, in render_to_string
    return template.render(context, request)
           ^^^^^^^^^^^^^^^^^^^^^^^^^^^^^^^^^
  File "/Users/michaelkatschko/Projects/rettungswache-wachbuch/.venv/lib/python3.12/site-packages/django/template/backends/django.py", line 107, in render
    return self.template.render(context)
           ^^^^^^^^^^^^^^^^^^^^^^^^^^^^^
  File "/Users/michaelkatschko/Projects/rettungswache-wachbuch/.venv/lib/python3.12/site-packages/django/template/base.py", line 174, in render
    return self._render(context)
           ^^^^^^^^^^^^^^^^^^^^^
  File "/Users/michaelkatschko/Projects/rettungswache-wachbuch/.venv/lib/python3.12/site-packages/django/template/base.py", line 166, in _render
    return self.nodelist.render(context)
           ^^^^^^^^^^^^^^^^^^^^^^^^^^^^^
  File "/Users/michaelkatschko/Projects/rettungswache-wachbuch/.venv/lib/python3.12/site-packages/django/template/base.py", line 1107, in render
    return SafeString("".join([node.render_annotated(context) for node in self]))
                               ^^^^^^^^^^^^^^^^^^^^^^^^^^^^^^
  File "/Users/michaelkatschko/Projects/rettungswache-wachbuch/.venv/lib/python3.12/site-packages/django/template/base.py", line 1068, in render_annotated
    return self.render(context)
           ^^^^^^^^^^^^^^^^^^^^
  File "/Users/michaelkatschko/Projects/rettungswache-wachbuch/.venv/lib/python3.12/site-packages/django/template/loader_tags.py", line 160, in render
    return compiled_parent._render(context)
           ^^^^^^^^^^^^^^^^^^^^^^^^^^^^^^^^
  File "/Users/michaelkatschko/Projects/rettungswache-wachbuch/.venv/lib/python3.12/site-packages/django/template/base.py", line 166, in _render
    return self.nodelist.render(context)
           ^^^^^^^^^^^^^^^^^^^^^^^^^^^^^
  File "/Users/michaelkatschko/Projects/rettungswache-wachbuch/.venv/lib/python3.12/site-packages/django/template/base.py", line 1107, in render
    return SafeString("".join([node.render_annotated(context) for node in self]))
                               ^^^^^^^^^^^^^^^^^^^^^^^^^^^^^^
  File "/Users/michaelkatschko/Projects/rettungswache-wachbuch/.venv/lib/python3.12/site-packages/django/template/base.py", line 1068, in render_annotated
    return self.render(context)
           ^^^^^^^^^^^^^^^^^^^^
  File "/Users/michaelkatschko/Projects/rettungswache-wachbuch/.venv/lib/python3.12/site-packages/django/templatetags/static.py", line 116, in render
    url = self.url(context)
          ^^^^^^^^^^^^^^^^^
  File "/Users/michaelkatschko/Projects/rettungswache-wachbuch/.venv/lib/python3.12/site-packages/django/templatetags/static.py", line 113, in url
    return self.handle_simple(path)
           ^^^^^^^^^^^^^^^^^^^^^^^^
  File "/Users/michaelkatschko/Projects/rettungswache-wachbuch/.venv/lib/python3.12/site-packages/django/templatetags/static.py", line 129, in handle_simple
    return staticfiles_storage.url(path)
           ^^^^^^^^^^^^^^^^^^^^^^^^^^^^^
  File "/Users/michaelkatschko/Projects/rettungswache-wachbuch/.venv/lib/python3.12/site-packages/django/contrib/staticfiles/storage.py", line 235, in url
    return self._url(self.stored_name, name, force)
           ^^^^^^^^^^^^^^^^^^^^^^^^^^^^^^^^^^^^^^^^
  File "/Users/michaelkatschko/Projects/rettungswache-wachbuch/.venv/lib/python3.12/site-packages/django/contrib/staticfiles/storage.py", line 214, in _url
    hashed_name = hashed_name_func(*args)
                  ^^^^^^^^^^^^^^^^^^^^^^^
  File "/Users/michaelkatschko/Projects/rettungswache-wachbuch/.venv/lib/python3.12/site-packages/django/contrib/staticfiles/storage.py", line 601, in stored_name
    raise ValueError(
ValueError: Missing staticfiles manifest entry for 'core/icons/icon-192.png'

During handling of the above exception, another exception occurred:

Traceback (most recent call last):
  File "/Users/michaelkatschko/Projects/rettungswache-wachbuch/.venv/lib/python3.12/site-packages/django/core/handlers/exception.py", line 56, in inner
    response = get_response(request)
               ^^^^^^^^^^^^^^^^^^^^^
  File "/Users/michaelkatschko/Projects/rettungswache-wachbuch/.venv/lib/python3.12/site-packages/whitenoise/middleware.py", line 123, in __call__
    return self.get_response(request)
           ^^^^^^^^^^^^^^^^^^^^^^^^^^
  File "/Users/michaelkatschko/Projects/rettungswache-wachbuch/.venv/lib/python3.12/site-packages/django/core/handlers/exception.py", line 58, in inner
    response = response_for_exception(request, exc)
               ^^^^^^^^^^^^^^^^^^^^^^^^^^^^^^^^^^^^
  File "/Users/michaelkatschko/Projects/rettungswache-wachbuch/.venv/lib/python3.12/site-packages/django/core/handlers/exception.py", line 142, in response_for_exception
    response = handle_uncaught_exception(
               ^^^^^^^^^^^^^^^^^^^^^^^^^^
  File "/Users/michaelkatschko/Projects/rettungswache-wachbuch/.venv/lib/python3.12/site-packages/django/core/handlers/exception.py", line 187, in handle_uncaught_exception
    return callback(request)
           ^^^^^^^^^^^^^^^^^
  File "/Users/michaelkatschko/Projects/rettungswache-wachbuch/core/views.py", line 162, in server_error
    response = render(
               ^^^^^^^
  File "/Users/michaelkatschko/Projects/rettungswache-wachbuch/.venv/lib/python3.12/site-packages/django/shortcuts.py", line 27, in render
    content = loader.render_to_string(template_name, context, request, using=using)
              ^^^^^^^^^^^^^^^^^^^^^^^^^^^^^^^^^^^^^^^^^^^^^^^^^^^^^^^^^^^^^^^^^^^^^
  File "/Users/michaelkatschko/Projects/rettungswache-wachbuch/.venv/lib/python3.12/site-packages/django/template/loader.py", line 62, in render_to_string
    return template.render(context, request)
           ^^^^^^^^^^^^^^^^^^^^^^^^^^^^^^^^^
  File "/Users/michaelkatschko/Projects/rettungswache-wachbuch/.venv/lib/python3.12/site-packages/django/template/backends/django.py", line 107, in render
    return self.template.render(context)
           ^^^^^^^^^^^^^^^^^^^^^^^^^^^^^
  File "/Users/michaelkatschko/Projects/rettungswache-wachbuch/.venv/lib/python3.12/site-packages/django/template/base.py", line 174, in render
    return self._render(context)
           ^^^^^^^^^^^^^^^^^^^^^
  File "/Users/michaelkatschko/Projects/rettungswache-wachbuch/.venv/lib/python3.12/site-packages/django/template/base.py", line 166, in _render
    return self.nodelist.render(context)
           ^^^^^^^^^^^^^^^^^^^^^^^^^^^^^
  File "/Users/michaelkatschko/Projects/rettungswache-wachbuch/.venv/lib/python3.12/site-packages/django/template/base.py", line 1107, in render
    return SafeString("".join([node.render_annotated(context) for node in self]))
                               ^^^^^^^^^^^^^^^^^^^^^^^^^^^^^^
  File "/Users/michaelkatschko/Projects/rettungswache-wachbuch/.venv/lib/python3.12/site-packages/django/template/base.py", line 1068, in render_annotated
    return self.render(context)
           ^^^^^^^^^^^^^^^^^^^^
  File "/Users/michaelkatschko/Projects/rettungswache-wachbuch/.venv/lib/python3.12/site-packages/django/template/loader_tags.py", line 160, in render
    return compiled_parent._render(context)
           ^^^^^^^^^^^^^^^^^^^^^^^^^^^^^^^^
  File "/Users/michaelkatschko/Projects/rettungswache-wachbuch/.venv/lib/python3.12/site-packages/django/template/base.py", line 166, in _render
    return self.nodelist.render(context)
           ^^^^^^^^^^^^^^^^^^^^^^^^^^^^^
  File "/Users/michaelkatschko/Projects/rettungswache-wachbuch/.venv/lib/python3.12/site-packages/django/template/base.py", line 1107, in render
    return SafeString("".join([node.render_annotated(context) for node in self]))
                               ^^^^^^^^^^^^^^^^^^^^^^^^^^^^^^
  File "/Users/michaelkatschko/Projects/rettungswache-wachbuch/.venv/lib/python3.12/site-packages/django/template/base.py", line 1068, in render_annotated
    return self.render(context)
           ^^^^^^^^^^^^^^^^^^^^
  File "/Users/michaelkatschko/Projects/rettungswache-wachbuch/.venv/lib/python3.12/site-packages/django/templatetags/static.py", line 116, in render
    url = self.url(context)
          ^^^^^^^^^^^^^^^^^
  File "/Users/michaelkatschko/Projects/rettungswache-wachbuch/.venv/lib/python3.12/site-packages/django/templatetags/static.py", line 113, in url
    return self.handle_simple(path)
           ^^^^^^^^^^^^^^^^^^^^^^^^
  File "/Users/michaelkatschko/Projects/rettungswache-wachbuch/.venv/lib/python3.12/site-packages/django/templatetags/static.py", line 129, in handle_simple
    return staticfiles_storage.url(path)
           ^^^^^^^^^^^^^^^^^^^^^^^^^^^^^
  File "/Users/michaelkatschko/Projects/rettungswache-wachbuch/.venv/lib/python3.12/site-packages/django/contrib/staticfiles/storage.py", line 235, in url
    return self._url(self.stored_name, name, force)
           ^^^^^^^^^^^^^^^^^^^^^^^^^^^^^^^^^^^^^^^^
  File "/Users/michaelkatschko/Projects/rettungswache-wachbuch/.venv/lib/python3.12/site-packages/django/contrib/staticfiles/storage.py", line 214, in _url
    hashed_name = hashed_name_func(*args)
                  ^^^^^^^^^^^^^^^^^^^^^^^
  File "/Users/michaelkatschko/Projects/rettungswache-wachbuch/.venv/lib/python3.12/site-packages/django/contrib/staticfiles/storage.py", line 601, in stored_name
    raise ValueError(
ValueError: Missing staticfiles manifest entry for 'core/icons/icon-192.png'

During handling of the above exception, another exception occurred:

Traceback (most recent call last):
  File "/Users/michaelkatschko/Projects/rettungswache-wachbuch/.venv/lib/python3.12/site-packages/django/core/handlers/exception.py", line 56, in inner
    response = get_response(request)
               ^^^^^^^^^^^^^^^^^^^^^
  File "/Users/michaelkatschko/Projects/rettungswache-wachbuch/.venv/lib/python3.12/site-packages/django/utils/deprecation.py", line 441, in __call__
    response = response or self.get_response(request)
                           ^^^^^^^^^^^^^^^^^^^^^^^^^^
  File "/Users/michaelkatschko/Projects/rettungswache-wachbuch/.venv/lib/python3.12/site-packages/django/core/handlers/exception.py", line 58, in inner
    response = response_for_exception(request, exc)
               ^^^^^^^^^^^^^^^^^^^^^^^^^^^^^^^^^^^^
  File "/Users/michaelkatschko/Projects/rettungswache-wachbuch/.venv/lib/python3.12/site-packages/django/core/handlers/exception.py", line 142, in response_for_exception
    response = handle_uncaught_exception(
               ^^^^^^^^^^^^^^^^^^^^^^^^^^
  File "/Users/michaelkatschko/Projects/rettungswache-wachbuch/.venv/lib/python3.12/site-packages/django/core/handlers/exception.py", line 187, in handle_uncaught_exception
    return callback(request)
           ^^^^^^^^^^^^^^^^^
  File "/Users/michaelkatschko/Projects/rettungswache-wachbuch/core/views.py", line 162, in server_error
    response = render(
               ^^^^^^^
  File "/Users/michaelkatschko/Projects/rettungswache-wachbuch/.venv/lib/python3.12/site-packages/django/shortcuts.py", line 27, in render
    content = loader.render_to_string(template_name, context, request, using=using)
              ^^^^^^^^^^^^^^^^^^^^^^^^^^^^^^^^^^^^^^^^^^^^^^^^^^^^^^^^^^^^^^^^^^^^^
  File "/Users/michaelkatschko/Projects/rettungswache-wachbuch/.venv/lib/python3.12/site-packages/django/template/loader.py", line 62, in render_to_string
    return template.render(context, request)
           ^^^^^^^^^^^^^^^^^^^^^^^^^^^^^^^^^
  File "/Users/michaelkatschko/Projects/rettungswache-wachbuch/.venv/lib/python3.12/site-packages/django/template/backends/django.py", line 107, in render
    return self.template.render(context)
           ^^^^^^^^^^^^^^^^^^^^^^^^^^^^^
  File "/Users/michaelkatschko/Projects/rettungswache-wachbuch/.venv/lib/python3.12/site-packages/django/template/base.py", line 174, in render
    return self._render(context)
           ^^^^^^^^^^^^^^^^^^^^^
  File "/Users/michaelkatschko/Projects/rettungswache-wachbuch/.venv/lib/python3.12/site-packages/django/template/base.py", line 166, in _render
    return self.nodelist.render(context)
           ^^^^^^^^^^^^^^^^^^^^^^^^^^^^^
  File "/Users/michaelkatschko/Projects/rettungswache-wachbuch/.venv/lib/python3.12/site-packages/django/template/base.py", line 1107, in render
    return SafeString("".join([node.render_annotated(context) for node in self]))
                               ^^^^^^^^^^^^^^^^^^^^^^^^^^^^^^
  File "/Users/michaelkatschko/Projects/rettungswache-wachbuch/.venv/lib/python3.12/site-packages/django/template/base.py", line 1068, in render_annotated
    return self.render(context)
           ^^^^^^^^^^^^^^^^^^^^
  File "/Users/michaelkatschko/Projects/rettungswache-wachbuch/.venv/lib/python3.12/site-packages/django/template/loader_tags.py", line 160, in render
    return compiled_parent._render(context)
           ^^^^^^^^^^^^^^^^^^^^^^^^^^^^^^^^
  File "/Users/michaelkatschko/Projects/rettungswache-wachbuch/.venv/lib/python3.12/site-packages/django/template/base.py", line 166, in _render
    return self.nodelist.render(context)
           ^^^^^^^^^^^^^^^^^^^^^^^^^^^^^
  File "/Users/michaelkatschko/Projects/rettungswache-wachbuch/.venv/lib/python3.12/site-packages/django/template/base.py", line 1107, in render
    return SafeString("".join([node.render_annotated(context) for node in self]))
                               ^^^^^^^^^^^^^^^^^^^^^^^^^^^^^^
  File "/Users/michaelkatschko/Projects/rettungswache-wachbuch/.venv/lib/python3.12/site-packages/django/template/base.py", line 1068, in render_annotated
    return self.render(context)
           ^^^^^^^^^^^^^^^^^^^^
  File "/Users/michaelkatschko/Projects/rettungswache-wachbuch/.venv/lib/python3.12/site-packages/django/templatetags/static.py", line 116, in render
    url = self.url(context)
          ^^^^^^^^^^^^^^^^^
  File "/Users/michaelkatschko/Projects/rettungswache-wachbuch/.venv/lib/python3.12/site-packages/django/templatetags/static.py", line 113, in url
    return self.handle_simple(path)
           ^^^^^^^^^^^^^^^^^^^^^^^^
  File "/Users/michaelkatschko/Projects/rettungswache-wachbuch/.venv/lib/python3.12/site-packages/django/templatetags/static.py", line 129, in handle_simple
    return staticfiles_storage.url(path)
           ^^^^^^^^^^^^^^^^^^^^^^^^^^^^^
  File "/Users/michaelkatschko/Projects/rettungswache-wachbuch/.venv/lib/python3.12/site-packages/django/contrib/staticfiles/storage.py", line 235, in url
    return self._url(self.stored_name, name, force)
           ^^^^^^^^^^^^^^^^^^^^^^^^^^^^^^^^^^^^^^^^
  File "/Users/michaelkatschko/Projects/rettungswache-wachbuch/.venv/lib/python3.12/site-packages/django/contrib/staticfiles/storage.py", line 214, in _url
    hashed_name = hashed_name_func(*args)
                  ^^^^^^^^^^^^^^^^^^^^^^^
  File "/Users/michaelkatschko/Projects/rettungswache-wachbuch/.venv/lib/python3.12/site-packages/django/contrib/staticfiles/storage.py", line 601, in stored_name
    raise ValueError(
ValueError: Missing staticfiles manifest entry for 'core/icons/icon-192.png'

During handling of the above exception, another exception occurred:

Traceback (most recent call last):
  File "/Users/michaelkatschko/Projects/rettungswache-wachbuch/.venv/lib/python3.12/site-packages/gunicorn/workers/sync.py", line 141, in handle
    self.handle_request(listener, req, client, addr)
  File "/Users/michaelkatschko/Projects/rettungswache-wachbuch/.venv/lib/python3.12/site-packages/gunicorn/workers/sync.py", line 184, in handle_request
    respiter = self.wsgi(environ, resp.start_response)
               ^^^^^^^^^^^^^^^^^^^^^^^^^^^^^^^^^^^^^^^
  File "/Users/michaelkatschko/Projects/rettungswache-wachbuch/.venv/lib/python3.12/site-packages/django/core/handlers/wsgi.py", line 124, in __call__
    response = self.get_response(request)
               ^^^^^^^^^^^^^^^^^^^^^^^^^^
  File "/Users/michaelkatschko/Projects/rettungswache-wachbuch/.venv/lib/python3.12/site-packages/django/core/handlers/base.py", line 142, in get_response
    response = self._middleware_chain(request)
               ^^^^^^^^^^^^^^^^^^^^^^^^^^^^^^^
  File "/Users/michaelkatschko/Projects/rettungswache-wachbuch/.venv/lib/python3.12/site-packages/django/core/handlers/exception.py", line 58, in inner
    response = response_for_exception(request, exc)
               ^^^^^^^^^^^^^^^^^^^^^^^^^^^^^^^^^^^^
  File "/Users/michaelkatschko/Projects/rettungswache-wachbuch/.venv/lib/python3.12/site-packages/django/core/handlers/exception.py", line 142, in response_for_exception
    response = handle_uncaught_exception(
               ^^^^^^^^^^^^^^^^^^^^^^^^^^
  File "/Users/michaelkatschko/Projects/rettungswache-wachbuch/.venv/lib/python3.12/site-packages/django/core/handlers/exception.py", line 187, in handle_uncaught_exception
    return callback(request)
           ^^^^^^^^^^^^^^^^^
  File "/Users/michaelkatschko/Projects/rettungswache-wachbuch/core/views.py", line 162, in server_error
    response = render(
               ^^^^^^^
  File "/Users/michaelkatschko/Projects/rettungswache-wachbuch/.venv/lib/python3.12/site-packages/django/shortcuts.py", line 27, in render
    content = loader.render_to_string(template_name, context, request, using=using)
              ^^^^^^^^^^^^^^^^^^^^^^^^^^^^^^^^^^^^^^^^^^^^^^^^^^^^^^^^^^^^^^^^^^^^^
  File "/Users/michaelkatschko/Projects/rettungswache-wachbuch/.venv/lib/python3.12/site-packages/django/template/loader.py", line 62, in render_to_string
    return template.render(context, request)
           ^^^^^^^^^^^^^^^^^^^^^^^^^^^^^^^^^
  File "/Users/michaelkatschko/Projects/rettungswache-wachbuch/.venv/lib/python3.12/site-packages/django/template/backends/django.py", line 107, in render
    return self.template.render(context)
           ^^^^^^^^^^^^^^^^^^^^^^^^^^^^^
  File "/Users/michaelkatschko/Projects/rettungswache-wachbuch/.venv/lib/python3.12/site-packages/django/template/base.py", line 174, in render
    return self._render(context)
           ^^^^^^^^^^^^^^^^^^^^^
  File "/Users/michaelkatschko/Projects/rettungswache-wachbuch/.venv/lib/python3.12/site-packages/django/template/base.py", line 166, in _render
    return self.nodelist.render(context)
           ^^^^^^^^^^^^^^^^^^^^^^^^^^^^^
  File "/Users/michaelkatschko/Projects/rettungswache-wachbuch/.venv/lib/python3.12/site-packages/django/template/base.py", line 1107, in render
    return SafeString("".join([node.render_annotated(context) for node in self]))
                               ^^^^^^^^^^^^^^^^^^^^^^^^^^^^^^
  File "/Users/michaelkatschko/Projects/rettungswache-wachbuch/.venv/lib/python3.12/site-packages/django/template/base.py", line 1068, in render_annotated
    return self.render(context)
           ^^^^^^^^^^^^^^^^^^^^
  File "/Users/michaelkatschko/Projects/rettungswache-wachbuch/.venv/lib/python3.12/site-packages/django/template/loader_tags.py", line 160, in render
    return compiled_parent._render(context)
           ^^^^^^^^^^^^^^^^^^^^^^^^^^^^^^^^
  File "/Users/michaelkatschko/Projects/rettungswache-wachbuch/.venv/lib/python3.12/site-packages/django/template/base.py", line 166, in _render
    return self.nodelist.render(context)
           ^^^^^^^^^^^^^^^^^^^^^^^^^^^^^
  File "/Users/michaelkatschko/Projects/rettungswache-wachbuch/.venv/lib/python3.12/site-packages/django/template/base.py", line 1107, in render
    return SafeString("".join([node.render_annotated(context) for node in self]))
                               ^^^^^^^^^^^^^^^^^^^^^^^^^^^^^^
  File "/Users/michaelkatschko/Projects/rettungswache-wachbuch/.venv/lib/python3.12/site-packages/django/template/base.py", line 1068, in render_annotated
    return self.render(context)
           ^^^^^^^^^^^^^^^^^^^^
  File "/Users/michaelkatschko/Projects/rettungswache-wachbuch/.venv/lib/python3.12/site-packages/django/templatetags/static.py", line 116, in render
    url = self.url(context)
          ^^^^^^^^^^^^^^^^^
  File "/Users/michaelkatschko/Projects/rettungswache-wachbuch/.venv/lib/python3.12/site-packages/django/templatetags/static.py", line 113, in url
    return self.handle_simple(path)
           ^^^^^^^^^^^^^^^^^^^^^^^^
  File "/Users/michaelkatschko/Projects/rettungswache-wachbuch/.venv/lib/python3.12/site-packages/django/templatetags/static.py", line 129, in handle_simple
    return staticfiles_storage.url(path)
           ^^^^^^^^^^^^^^^^^^^^^^^^^^^^^
  File "/Users/michaelkatschko/Projects/rettungswache-wachbuch/.venv/lib/python3.12/site-packages/django/contrib/staticfiles/storage.py", line 235, in url
    return self._url(self.stored_name, name, force)
           ^^^^^^^^^^^^^^^^^^^^^^^^^^^^^^^^^^^^^^^^
  File "/Users/michaelkatschko/Projects/rettungswache-wachbuch/.venv/lib/python3.12/site-packages/django/contrib/staticfiles/storage.py", line 214, in _url
    hashed_name = hashed_name_func(*args)
                  ^^^^^^^^^^^^^^^^^^^^^^^
  File "/Users/michaelkatschko/Projects/rettungswache-wachbuch/.venv/lib/python3.12/site-packages/django/contrib/staticfiles/storage.py", line 601, in stored_name
    raise ValueError(
ValueError: Missing staticfiles manifest entry for 'core/icons/icon-192.png'
127.0.0.1 - - [13/Aug/2026:09:50:38 +0200] "GET /anmelden/ HTTP/1.1" 500 0 "-" "-"
2026-08-13 09:50:38,594 INFO wachbuch.requests request_started method=POST path=/anmelden/ correlation_id=1ffe78436b1e4adca9ac98e376679a29
2026-08-13 09:50:38,597 WARNING django.security.csrf Forbidden (CSRF cookie not set.): /anmelden/
127.0.0.1 - - [13/Aug/2026:09:50:38 +0200] "POST /anmelden/ HTTP/1.1" 403 1480 "http://127.0.0.1:8090/anmelden/" "curl/8.7.1"
2026-08-13 09:50:51,733 INFO wachbuch.requests request_started method=GET path=/anmelden/ correlation_id=9f481c07e49a443f9d34bcdd4b5336e3
2026-08-13 09:50:51,739 ERROR wachbuch.errors unhandled_exception message=handler500 method=GET path=/anmelden/ correlation_id=9f481c07e49a443f9d34bcdd4b5336e3
2026-08-13 09:50:51,746 ERROR wachbuch.errors unhandled_exception message=handler500 method=GET path=/anmelden/ correlation_id=9f481c07e49a443f9d34bcdd4b5336e3
2026-08-13 09:50:51,752 ERROR wachbuch.errors unhandled_exception message=handler500 method=GET path=/anmelden/ correlation_id=9f481c07e49a443f9d34bcdd4b5336e3
2026-08-13 09:50:51,754 ERROR wachbuch.errors unhandled_exception message=handler500 method=GET path=/anmelden/ correlation_id=9f481c07e49a443f9d34bcdd4b5336e3
2026-08-13 09:50:51,756 ERROR wachbuch.errors unhandled_exception message=request_failed method=GET path=/anmelden/ correlation_id=9f481c07e49a443f9d34bcdd4b5336e3
2026-08-13 09:50:51,756 ERROR wachbuch.errors unhandled_exception message=handler500 method=GET path=/anmelden/ correlation_id=9f481c07e49a443f9d34bcdd4b5336e3
2026-08-13 09:50:51,758 ERROR wachbuch.errors unhandled_exception message=handler500 method=GET path=/anmelden/ correlation_id=9f481c07e49a443f9d34bcdd4b5336e3
2026-08-13 09:50:51,759 ERROR wachbuch.errors unhandled_exception message=handler500 method=GET path=/anmelden/ correlation_id=9f481c07e49a443f9d34bcdd4b5336e3
2026-08-13 09:50:51,761 ERROR wachbuch.errors unhandled_exception message=handler500 method=GET path=/anmelden/ correlation_id=9f481c07e49a443f9d34bcdd4b5336e3
2026-08-13 09:50:51,762 ERROR wachbuch.errors unhandled_exception message=handler500 method=GET path=/anmelden/ correlation_id=9f481c07e49a443f9d34bcdd4b5336e3
2026-08-13 09:50:51,763 ERROR wachbuch.errors unhandled_exception message=handler500 method=GET path=/anmelden/ correlation_id=9f481c07e49a443f9d34bcdd4b5336e3
2026-08-13 09:50:51,766 ERROR wachbuch.errors unhandled_exception message=handler500 method=GET path=/anmelden/ correlation_id=9f481c07e49a443f9d34bcdd4b5336e3
2026-08-13 09:50:51,766 ERROR wachbuch.errors unhandled_exception message=handler500 method=GET path=/anmelden/ correlation_id=9f481c07e49a443f9d34bcdd4b5336e3
2026-08-13 09:50:51,767 ERROR wachbuch.errors unhandled_exception message=handler500 method=GET path=/anmelden/ correlation_id=9f481c07e49a443f9d34bcdd4b5336e3
[2026-08-13 09:50:51 +0200] [58345] [ERROR] Error handling request GET /anmelden/
Traceback (most recent call last):
  File "/Users/michaelkatschko/Projects/rettungswache-wachbuch/.venv/lib/python3.12/site-packages/django/core/handlers/exception.py", line 56, in inner
    response = get_response(request)
               ^^^^^^^^^^^^^^^^^^^^^
  File "/Users/michaelkatschko/Projects/rettungswache-wachbuch/.venv/lib/python3.12/site-packages/django/core/handlers/base.py", line 222, in _get_response
    response = response.render()
               ^^^^^^^^^^^^^^^^^
  File "/Users/michaelkatschko/Projects/rettungswache-wachbuch/.venv/lib/python3.12/site-packages/django/template/response.py", line 114, in render
    self.content = self.rendered_content
                   ^^^^^^^^^^^^^^^^^^^^^
  File "/Users/michaelkatschko/Projects/rettungswache-wachbuch/.venv/lib/python3.12/site-packages/django/template/response.py", line 92, in rendered_content
    return template.render(context, self._request)
           ^^^^^^^^^^^^^^^^^^^^^^^^^^^^^^^^^^^^^^^
  File "/Users/michaelkatschko/Projects/rettungswache-wachbuch/.venv/lib/python3.12/site-packages/django/template/backends/django.py", line 107, in render
    return self.template.render(context)
           ^^^^^^^^^^^^^^^^^^^^^^^^^^^^^
  File "/Users/michaelkatschko/Projects/rettungswache-wachbuch/.venv/lib/python3.12/site-packages/django/template/base.py", line 174, in render
    return self._render(context)
           ^^^^^^^^^^^^^^^^^^^^^
  File "/Users/michaelkatschko/Projects/rettungswache-wachbuch/.venv/lib/python3.12/site-packages/django/template/base.py", line 166, in _render
    return self.nodelist.render(context)
           ^^^^^^^^^^^^^^^^^^^^^^^^^^^^^
  File "/Users/michaelkatschko/Projects/rettungswache-wachbuch/.venv/lib/python3.12/site-packages/django/template/base.py", line 1107, in render
    return SafeString("".join([node.render_annotated(context) for node in self]))
                               ^^^^^^^^^^^^^^^^^^^^^^^^^^^^^^
  File "/Users/michaelkatschko/Projects/rettungswache-wachbuch/.venv/lib/python3.12/site-packages/django/template/base.py", line 1068, in render_annotated
    return self.render(context)
           ^^^^^^^^^^^^^^^^^^^^
  File "/Users/michaelkatschko/Projects/rettungswache-wachbuch/.venv/lib/python3.12/site-packages/django/template/loader_tags.py", line 160, in render
    return compiled_parent._render(context)
           ^^^^^^^^^^^^^^^^^^^^^^^^^^^^^^^^
  File "/Users/michaelkatschko/Projects/rettungswache-wachbuch/.venv/lib/python3.12/site-packages/django/template/base.py", line 166, in _render
    return self.nodelist.render(context)
           ^^^^^^^^^^^^^^^^^^^^^^^^^^^^^
  File "/Users/michaelkatschko/Projects/rettungswache-wachbuch/.venv/lib/python3.12/site-packages/django/template/base.py", line 1107, in render
    return SafeString("".join([node.render_annotated(context) for node in self]))
                               ^^^^^^^^^^^^^^^^^^^^^^^^^^^^^^
  File "/Users/michaelkatschko/Projects/rettungswache-wachbuch/.venv/lib/python3.12/site-packages/django/template/base.py", line 1068, in render_annotated
    return self.render(context)
           ^^^^^^^^^^^^^^^^^^^^
  File "/Users/michaelkatschko/Projects/rettungswache-wachbuch/.venv/lib/python3.12/site-packages/django/templatetags/static.py", line 116, in render
    url = self.url(context)
          ^^^^^^^^^^^^^^^^^
  File "/Users/michaelkatschko/Projects/rettungswache-wachbuch/.venv/lib/python3.12/site-packages/django/templatetags/static.py", line 113, in url
    return self.handle_simple(path)
           ^^^^^^^^^^^^^^^^^^^^^^^^
  File "/Users/michaelkatschko/Projects/rettungswache-wachbuch/.venv/lib/python3.12/site-packages/django/templatetags/static.py", line 129, in handle_simple
    return staticfiles_storage.url(path)
           ^^^^^^^^^^^^^^^^^^^^^^^^^^^^^
  File "/Users/michaelkatschko/Projects/rettungswache-wachbuch/.venv/lib/python3.12/site-packages/django/contrib/staticfiles/storage.py", line 235, in url
    return self._url(self.stored_name, name, force)
           ^^^^^^^^^^^^^^^^^^^^^^^^^^^^^^^^^^^^^^^^
  File "/Users/michaelkatschko/Projects/rettungswache-wachbuch/.venv/lib/python3.12/site-packages/django/contrib/staticfiles/storage.py", line 214, in _url
    hashed_name = hashed_name_func(*args)
                  ^^^^^^^^^^^^^^^^^^^^^^^
  File "/Users/michaelkatschko/Projects/rettungswache-wachbuch/.venv/lib/python3.12/site-packages/django/contrib/staticfiles/storage.py", line 601, in stored_name
    raise ValueError(
ValueError: Missing staticfiles manifest entry for 'core/icons/icon-192.png'

During handling of the above exception, another exception occurred:

Traceback (most recent call last):
  File "/Users/michaelkatschko/Projects/rettungswache-wachbuch/.venv/lib/python3.12/site-packages/django/core/handlers/exception.py", line 56, in inner
    response = get_response(request)
               ^^^^^^^^^^^^^^^^^^^^^
  File "/Users/michaelkatschko/Projects/rettungswache-wachbuch/.venv/lib/python3.12/site-packages/axes/middleware.py", line 47, in __call__
    response = self.get_response(request)
               ^^^^^^^^^^^^^^^^^^^^^^^^^^
  File "/Users/michaelkatschko/Projects/rettungswache-wachbuch/.venv/lib/python3.12/site-packages/django/core/handlers/exception.py", line 58, in inner
    response = response_for_exception(request, exc)
               ^^^^^^^^^^^^^^^^^^^^^^^^^^^^^^^^^^^^
  File "/Users/michaelkatschko/Projects/rettungswache-wachbuch/.venv/lib/python3.12/site-packages/django/core/handlers/exception.py", line 142, in response_for_exception
    response = handle_uncaught_exception(
               ^^^^^^^^^^^^^^^^^^^^^^^^^^
  File "/Users/michaelkatschko/Projects/rettungswache-wachbuch/.venv/lib/python3.12/site-packages/django/core/handlers/exception.py", line 187, in handle_uncaught_exception
    return callback(request)
           ^^^^^^^^^^^^^^^^^
  File "/Users/michaelkatschko/Projects/rettungswache-wachbuch/core/views.py", line 162, in server_error
    response = render(
               ^^^^^^^
  File "/Users/michaelkatschko/Projects/rettungswache-wachbuch/.venv/lib/python3.12/site-packages/django/shortcuts.py", line 27, in render
    content = loader.render_to_string(template_name, context, request, using=using)
              ^^^^^^^^^^^^^^^^^^^^^^^^^^^^^^^^^^^^^^^^^^^^^^^^^^^^^^^^^^^^^^^^^^^^^
  File "/Users/michaelkatschko/Projects/rettungswache-wachbuch/.venv/lib/python3.12/site-packages/django/template/loader.py", line 62, in render_to_string
    return template.render(context, request)
           ^^^^^^^^^^^^^^^^^^^^^^^^^^^^^^^^^
  File "/Users/michaelkatschko/Projects/rettungswache-wachbuch/.venv/lib/python3.12/site-packages/django/template/backends/django.py", line 107, in render
    return self.template.render(context)
           ^^^^^^^^^^^^^^^^^^^^^^^^^^^^^
  File "/Users/michaelkatschko/Projects/rettungswache-wachbuch/.venv/lib/python3.12/site-packages/django/template/base.py", line 174, in render
    return self._render(context)
           ^^^^^^^^^^^^^^^^^^^^^
  File "/Users/michaelkatschko/Projects/rettungswache-wachbuch/.venv/lib/python3.12/site-packages/django/template/base.py", line 166, in _render
    return self.nodelist.render(context)
           ^^^^^^^^^^^^^^^^^^^^^^^^^^^^^
  File "/Users/michaelkatschko/Projects/rettungswache-wachbuch/.venv/lib/python3.12/site-packages/django/template/base.py", line 1107, in render
    return SafeString("".join([node.render_annotated(context) for node in self]))
                               ^^^^^^^^^^^^^^^^^^^^^^^^^^^^^^
  File "/Users/michaelkatschko/Projects/rettungswache-wachbuch/.venv/lib/python3.12/site-packages/django/template/base.py", line 1068, in render_annotated
    return self.render(context)
           ^^^^^^^^^^^^^^^^^^^^
  File "/Users/michaelkatschko/Projects/rettungswache-wachbuch/.venv/lib/python3.12/site-packages/django/template/loader_tags.py", line 160, in render
    return compiled_parent._render(context)
           ^^^^^^^^^^^^^^^^^^^^^^^^^^^^^^^^
  File "/Users/michaelkatschko/Projects/rettungswache-wachbuch/.venv/lib/python3.12/site-packages/django/template/base.py", line 166, in _render
    return self.nodelist.render(context)
           ^^^^^^^^^^^^^^^^^^^^^^^^^^^^^
  File "/Users/michaelkatschko/Projects/rettungswache-wachbuch/.venv/lib/python3.12/site-packages/django/template/base.py", line 1107, in render
    return SafeString("".join([node.render_annotated(context) for node in self]))
                               ^^^^^^^^^^^^^^^^^^^^^^^^^^^^^^
  File "/Users/michaelkatschko/Projects/rettungswache-wachbuch/.venv/lib/python3.12/site-packages/django/template/base.py", line 1068, in render_annotated
    return self.render(context)
           ^^^^^^^^^^^^^^^^^^^^
  File "/Users/michaelkatschko/Projects/rettungswache-wachbuch/.venv/lib/python3.12/site-packages/django/templatetags/static.py", line 116, in render
    url = self.url(context)
          ^^^^^^^^^^^^^^^^^
  File "/Users/michaelkatschko/Projects/rettungswache-wachbuch/.venv/lib/python3.12/site-packages/django/templatetags/static.py", line 113, in url
    return self.handle_simple(path)
           ^^^^^^^^^^^^^^^^^^^^^^^^
  File "/Users/michaelkatschko/Projects/rettungswache-wachbuch/.venv/lib/python3.12/site-packages/django/templatetags/static.py", line 129, in handle_simple
    return staticfiles_storage.url(path)
           ^^^^^^^^^^^^^^^^^^^^^^^^^^^^^
  File "/Users/michaelkatschko/Projects/rettungswache-wachbuch/.venv/lib/python3.12/site-packages/django/contrib/staticfiles/storage.py", line 235, in url
    return self._url(self.stored_name, name, force)
           ^^^^^^^^^^^^^^^^^^^^^^^^^^^^^^^^^^^^^^^^
  File "/Users/michaelkatschko/Projects/rettungswache-wachbuch/.venv/lib/python3.12/site-packages/django/contrib/staticfiles/storage.py", line 214, in _url
    hashed_name = hashed_name_func(*args)
                  ^^^^^^^^^^^^^^^^^^^^^^^
  File "/Users/michaelkatschko/Projects/rettungswache-wachbuch/.venv/lib/python3.12/site-packages/django/contrib/staticfiles/storage.py", line 601, in stored_name
    raise ValueError(
ValueError: Missing staticfiles manifest entry for 'core/icons/icon-192.png'

During handling of the above exception, another exception occurred:

Traceback (most recent call last):
  File "/Users/michaelkatschko/Projects/rettungswache-wachbuch/.venv/lib/python3.12/site-packages/django/core/handlers/exception.py", line 56, in inner
    response = get_response(request)
               ^^^^^^^^^^^^^^^^^^^^^
  File "/Users/michaelkatschko/Projects/rettungswache-wachbuch/core/middleware.py", line 90, in __call__
    return self.get_response(request)
           ^^^^^^^^^^^^^^^^^^^^^^^^^^
  File "/Users/michaelkatschko/Projects/rettungswache-wachbuch/.venv/lib/python3.12/site-packages/django/core/handlers/exception.py", line 58, in inner
    response = response_for_exception(request, exc)
               ^^^^^^^^^^^^^^^^^^^^^^^^^^^^^^^^^^^^
  File "/Users/michaelkatschko/Projects/rettungswache-wachbuch/.venv/lib/python3.12/site-packages/django/core/handlers/exception.py", line 142, in response_for_exception
    response = handle_uncaught_exception(
               ^^^^^^^^^^^^^^^^^^^^^^^^^^
  File "/Users/michaelkatschko/Projects/rettungswache-wachbuch/.venv/lib/python3.12/site-packages/django/core/handlers/exception.py", line 187, in handle_uncaught_exception
    return callback(request)
           ^^^^^^^^^^^^^^^^^
  File "/Users/michaelkatschko/Projects/rettungswache-wachbuch/core/views.py", line 162, in server_error
    response = render(
               ^^^^^^^
  File "/Users/michaelkatschko/Projects/rettungswache-wachbuch/.venv/lib/python3.12/site-packages/django/shortcuts.py", line 27, in render
    content = loader.render_to_string(template_name, context, request, using=using)
              ^^^^^^^^^^^^^^^^^^^^^^^^^^^^^^^^^^^^^^^^^^^^^^^^^^^^^^^^^^^^^^^^^^^^^
  File "/Users/michaelkatschko/Projects/rettungswache-wachbuch/.venv/lib/python3.12/site-packages/django/template/loader.py", line 62, in render_to_string
    return template.render(context, request)
           ^^^^^^^^^^^^^^^^^^^^^^^^^^^^^^^^^
  File "/Users/michaelkatschko/Projects/rettungswache-wachbuch/.venv/lib/python3.12/site-packages/django/template/backends/django.py", line 107, in render
    return self.template.render(context)
           ^^^^^^^^^^^^^^^^^^^^^^^^^^^^^
  File "/Users/michaelkatschko/Projects/rettungswache-wachbuch/.venv/lib/python3.12/site-packages/django/template/base.py", line 174, in render
    return self._render(context)
           ^^^^^^^^^^^^^^^^^^^^^
  File "/Users/michaelkatschko/Projects/rettungswache-wachbuch/.venv/lib/python3.12/site-packages/django/template/base.py", line 166, in _render
    return self.nodelist.render(context)
           ^^^^^^^^^^^^^^^^^^^^^^^^^^^^^
  File "/Users/michaelkatschko/Projects/rettungswache-wachbuch/.venv/lib/python3.12/site-packages/django/template/base.py", line 1107, in render
    return SafeString("".join([node.render_annotated(context) for node in self]))
                               ^^^^^^^^^^^^^^^^^^^^^^^^^^^^^^
  File "/Users/michaelkatschko/Projects/rettungswache-wachbuch/.venv/lib/python3.12/site-packages/django/template/base.py", line 1068, in render_annotated
    return self.render(context)
           ^^^^^^^^^^^^^^^^^^^^
  File "/Users/michaelkatschko/Projects/rettungswache-wachbuch/.venv/lib/python3.12/site-packages/django/template/loader_tags.py", line 160, in render
    return compiled_parent._render(context)
           ^^^^^^^^^^^^^^^^^^^^^^^^^^^^^^^^
  File "/Users/michaelkatschko/Projects/rettungswache-wachbuch/.venv/lib/python3.12/site-packages/django/template/base.py", line 166, in _render
    return self.nodelist.render(context)
           ^^^^^^^^^^^^^^^^^^^^^^^^^^^^^
  File "/Users/michaelkatschko/Projects/rettungswache-wachbuch/.venv/lib/python3.12/site-packages/django/template/base.py", line 1107, in render
    return SafeString("".join([node.render_annotated(context) for node in self]))
                               ^^^^^^^^^^^^^^^^^^^^^^^^^^^^^^
  File "/Users/michaelkatschko/Projects/rettungswache-wachbuch/.venv/lib/python3.12/site-packages/django/template/base.py", line 1068, in render_annotated
    return self.render(context)
           ^^^^^^^^^^^^^^^^^^^^
  File "/Users/michaelkatschko/Projects/rettungswache-wachbuch/.venv/lib/python3.12/site-packages/django/templatetags/static.py", line 116, in render
    url = self.url(context)
          ^^^^^^^^^^^^^^^^^
  File "/Users/michaelkatschko/Projects/rettungswache-wachbuch/.venv/lib/python3.12/site-packages/django/templatetags/static.py", line 113, in url
    return self.handle_simple(path)
           ^^^^^^^^^^^^^^^^^^^^^^^^
  File "/Users/michaelkatschko/Projects/rettungswache-wachbuch/.venv/lib/python3.12/site-packages/django/templatetags/static.py", line 129, in handle_simple
    return staticfiles_storage.url(path)
           ^^^^^^^^^^^^^^^^^^^^^^^^^^^^^
  File "/Users/michaelkatschko/Projects/rettungswache-wachbuch/.venv/lib/python3.12/site-packages/django/contrib/staticfiles/storage.py", line 235, in url
    return self._url(self.stored_name, name, force)
           ^^^^^^^^^^^^^^^^^^^^^^^^^^^^^^^^^^^^^^^^
  File "/Users/michaelkatschko/Projects/rettungswache-wachbuch/.venv/lib/python3.12/site-packages/django/contrib/staticfiles/storage.py", line 214, in _url
    hashed_name = hashed_name_func(*args)
                  ^^^^^^^^^^^^^^^^^^^^^^^
  File "/Users/michaelkatschko/Projects/rettungswache-wachbuch/.venv/lib/python3.12/site-packages/django/contrib/staticfiles/storage.py", line 601, in stored_name
    raise ValueError(
ValueError: Missing staticfiles manifest entry for 'core/icons/icon-192.png'

During handling of the above exception, another exception occurred:

Traceback (most recent call last):
  File "/Users/michaelkatschko/Projects/rettungswache-wachbuch/.venv/lib/python3.12/site-packages/django/core/handlers/exception.py", line 56, in inner
    response = get_response(request)
               ^^^^^^^^^^^^^^^^^^^^^
  File "/Users/michaelkatschko/Projects/rettungswache-wachbuch/core/middleware.py", line 28, in __call__
    response = self.get_response(request)
               ^^^^^^^^^^^^^^^^^^^^^^^^^^
  File "/Users/michaelkatschko/Projects/rettungswache-wachbuch/.venv/lib/python3.12/site-packages/django/core/handlers/exception.py", line 58, in inner
    response = response_for_exception(request, exc)
               ^^^^^^^^^^^^^^^^^^^^^^^^^^^^^^^^^^^^
  File "/Users/michaelkatschko/Projects/rettungswache-wachbuch/.venv/lib/python3.12/site-packages/django/core/handlers/exception.py", line 142, in response_for_exception
    response = handle_uncaught_exception(
               ^^^^^^^^^^^^^^^^^^^^^^^^^^
  File "/Users/michaelkatschko/Projects/rettungswache-wachbuch/.venv/lib/python3.12/site-packages/django/core/handlers/exception.py", line 187, in handle_uncaught_exception
    return callback(request)
           ^^^^^^^^^^^^^^^^^
  File "/Users/michaelkatschko/Projects/rettungswache-wachbuch/core/views.py", line 162, in server_error
    response = render(
               ^^^^^^^
  File "/Users/michaelkatschko/Projects/rettungswache-wachbuch/.venv/lib/python3.12/site-packages/django/shortcuts.py", line 27, in render
    content = loader.render_to_string(template_name, context, request, using=using)
              ^^^^^^^^^^^^^^^^^^^^^^^^^^^^^^^^^^^^^^^^^^^^^^^^^^^^^^^^^^^^^^^^^^^^^
  File "/Users/michaelkatschko/Projects/rettungswache-wachbuch/.venv/lib/python3.12/site-packages/django/template/loader.py", line 62, in render_to_string
    return template.render(context, request)
           ^^^^^^^^^^^^^^^^^^^^^^^^^^^^^^^^^
  File "/Users/michaelkatschko/Projects/rettungswache-wachbuch/.venv/lib/python3.12/site-packages/django/template/backends/django.py", line 107, in render
    return self.template.render(context)
           ^^^^^^^^^^^^^^^^^^^^^^^^^^^^^
  File "/Users/michaelkatschko/Projects/rettungswache-wachbuch/.venv/lib/python3.12/site-packages/django/template/base.py", line 174, in render
    return self._render(context)
           ^^^^^^^^^^^^^^^^^^^^^
  File "/Users/michaelkatschko/Projects/rettungswache-wachbuch/.venv/lib/python3.12/site-packages/django/template/base.py", line 166, in _render
    return self.nodelist.render(context)
           ^^^^^^^^^^^^^^^^^^^^^^^^^^^^^
  File "/Users/michaelkatschko/Projects/rettungswache-wachbuch/.venv/lib/python3.12/site-packages/django/template/base.py", line 1107, in render
    return SafeString("".join([node.render_annotated(context) for node in self]))
                               ^^^^^^^^^^^^^^^^^^^^^^^^^^^^^^
  File "/Users/michaelkatschko/Projects/rettungswache-wachbuch/.venv/lib/python3.12/site-packages/django/template/base.py", line 1068, in render_annotated
    return self.render(context)
           ^^^^^^^^^^^^^^^^^^^^
  File "/Users/michaelkatschko/Projects/rettungswache-wachbuch/.venv/lib/python3.12/site-packages/django/template/loader_tags.py", line 160, in render
    return compiled_parent._render(context)
           ^^^^^^^^^^^^^^^^^^^^^^^^^^^^^^^^
  File "/Users/michaelkatschko/Projects/rettungswache-wachbuch/.venv/lib/python3.12/site-packages/django/template/base.py", line 166, in _render
    return self.nodelist.render(context)
           ^^^^^^^^^^^^^^^^^^^^^^^^^^^^^
  File "/Users/michaelkatschko/Projects/rettungswache-wachbuch/.venv/lib/python3.12/site-packages/django/template/base.py", line 1107, in render
    return SafeString("".join([node.render_annotated(context) for node in self]))
                               ^^^^^^^^^^^^^^^^^^^^^^^^^^^^^^
  File "/Users/michaelkatschko/Projects/rettungswache-wachbuch/.venv/lib/python3.12/site-packages/django/template/base.py", line 1068, in render_annotated
    return self.render(context)
           ^^^^^^^^^^^^^^^^^^^^
  File "/Users/michaelkatschko/Projects/rettungswache-wachbuch/.venv/lib/python3.12/site-packages/django/templatetags/static.py", line 116, in render
    url = self.url(context)
          ^^^^^^^^^^^^^^^^^
  File "/Users/michaelkatschko/Projects/rettungswache-wachbuch/.venv/lib/python3.12/site-packages/django/templatetags/static.py", line 113, in url
    return self.handle_simple(path)
           ^^^^^^^^^^^^^^^^^^^^^^^^
  File "/Users/michaelkatschko/Projects/rettungswache-wachbuch/.venv/lib/python3.12/site-packages/django/templatetags/static.py", line 129, in handle_simple
    return staticfiles_storage.url(path)
           ^^^^^^^^^^^^^^^^^^^^^^^^^^^^^
  File "/Users/michaelkatschko/Projects/rettungswache-wachbuch/.venv/lib/python3.12/site-packages/django/contrib/staticfiles/storage.py", line 235, in url
    return self._url(self.stored_name, name, force)
           ^^^^^^^^^^^^^^^^^^^^^^^^^^^^^^^^^^^^^^^^
  File "/Users/michaelkatschko/Projects/rettungswache-wachbuch/.venv/lib/python3.12/site-packages/django/contrib/staticfiles/storage.py", line 214, in _url
    hashed_name = hashed_name_func(*args)
                  ^^^^^^^^^^^^^^^^^^^^^^^
  File "/Users/michaelkatschko/Projects/rettungswache-wachbuch/.venv/lib/python3.12/site-packages/django/contrib/staticfiles/storage.py", line 601, in stored_name
    raise ValueError(
ValueError: Missing staticfiles manifest entry for 'core/icons/icon-192.png'

During handling of the above exception, another exception occurred:

Traceback (most recent call last):
  File "/Users/michaelkatschko/Projects/rettungswache-wachbuch/.venv/lib/python3.12/site-packages/django/core/handlers/exception.py", line 56, in inner
    response = get_response(request)
               ^^^^^^^^^^^^^^^^^^^^^
  File "/Users/michaelkatschko/Projects/rettungswache-wachbuch/core/middleware.py", line 76, in __call__
    response = self.get_response(request)
               ^^^^^^^^^^^^^^^^^^^^^^^^^^
  File "/Users/michaelkatschko/Projects/rettungswache-wachbuch/.venv/lib/python3.12/site-packages/django/core/handlers/exception.py", line 58, in inner
    response = response_for_exception(request, exc)
               ^^^^^^^^^^^^^^^^^^^^^^^^^^^^^^^^^^^^
  File "/Users/michaelkatschko/Projects/rettungswache-wachbuch/.venv/lib/python3.12/site-packages/django/core/handlers/exception.py", line 142, in response_for_exception
    response = handle_uncaught_exception(
               ^^^^^^^^^^^^^^^^^^^^^^^^^^
  File "/Users/michaelkatschko/Projects/rettungswache-wachbuch/.venv/lib/python3.12/site-packages/django/core/handlers/exception.py", line 187, in handle_uncaught_exception
    return callback(request)
           ^^^^^^^^^^^^^^^^^
  File "/Users/michaelkatschko/Projects/rettungswache-wachbuch/core/views.py", line 162, in server_error
    response = render(
               ^^^^^^^
  File "/Users/michaelkatschko/Projects/rettungswache-wachbuch/.venv/lib/python3.12/site-packages/django/shortcuts.py", line 27, in render
    content = loader.render_to_string(template_name, context, request, using=using)
              ^^^^^^^^^^^^^^^^^^^^^^^^^^^^^^^^^^^^^^^^^^^^^^^^^^^^^^^^^^^^^^^^^^^^^
  File "/Users/michaelkatschko/Projects/rettungswache-wachbuch/.venv/lib/python3.12/site-packages/django/template/loader.py", line 62, in render_to_string
    return template.render(context, request)
           ^^^^^^^^^^^^^^^^^^^^^^^^^^^^^^^^^
  File "/Users/michaelkatschko/Projects/rettungswache-wachbuch/.venv/lib/python3.12/site-packages/django/template/backends/django.py", line 107, in render
    return self.template.render(context)
           ^^^^^^^^^^^^^^^^^^^^^^^^^^^^^
  File "/Users/michaelkatschko/Projects/rettungswache-wachbuch/.venv/lib/python3.12/site-packages/django/template/base.py", line 174, in render
    return self._render(context)
           ^^^^^^^^^^^^^^^^^^^^^
  File "/Users/michaelkatschko/Projects/rettungswache-wachbuch/.venv/lib/python3.12/site-packages/django/template/base.py", line 166, in _render
    return self.nodelist.render(context)
           ^^^^^^^^^^^^^^^^^^^^^^^^^^^^^
  File "/Users/michaelkatschko/Projects/rettungswache-wachbuch/.venv/lib/python3.12/site-packages/django/template/base.py", line 1107, in render
    return SafeString("".join([node.render_annotated(context) for node in self]))
                               ^^^^^^^^^^^^^^^^^^^^^^^^^^^^^^
  File "/Users/michaelkatschko/Projects/rettungswache-wachbuch/.venv/lib/python3.12/site-packages/django/template/base.py", line 1068, in render_annotated
    return self.render(context)
           ^^^^^^^^^^^^^^^^^^^^
  File "/Users/michaelkatschko/Projects/rettungswache-wachbuch/.venv/lib/python3.12/site-packages/django/template/loader_tags.py", line 160, in render
    return compiled_parent._render(context)
           ^^^^^^^^^^^^^^^^^^^^^^^^^^^^^^^^
  File "/Users/michaelkatschko/Projects/rettungswache-wachbuch/.venv/lib/python3.12/site-packages/django/template/base.py", line 166, in _render
    return self.nodelist.render(context)
           ^^^^^^^^^^^^^^^^^^^^^^^^^^^^^
  File "/Users/michaelkatschko/Projects/rettungswache-wachbuch/.venv/lib/python3.12/site-packages/django/template/base.py", line 1107, in render
    return SafeString("".join([node.render_annotated(context) for node in self]))
                               ^^^^^^^^^^^^^^^^^^^^^^^^^^^^^^
  File "/Users/michaelkatschko/Projects/rettungswache-wachbuch/.venv/lib/python3.12/site-packages/django/template/base.py", line 1068, in render_annotated
    return self.render(context)
           ^^^^^^^^^^^^^^^^^^^^
  File "/Users/michaelkatschko/Projects/rettungswache-wachbuch/.venv/lib/python3.12/site-packages/django/templatetags/static.py", line 116, in render
    url = self.url(context)
          ^^^^^^^^^^^^^^^^^
  File "/Users/michaelkatschko/Projects/rettungswache-wachbuch/.venv/lib/python3.12/site-packages/django/templatetags/static.py", line 113, in url
    return self.handle_simple(path)
           ^^^^^^^^^^^^^^^^^^^^^^^^
  File "/Users/michaelkatschko/Projects/rettungswache-wachbuch/.venv/lib/python3.12/site-packages/django/templatetags/static.py", line 129, in handle_simple
    return staticfiles_storage.url(path)
           ^^^^^^^^^^^^^^^^^^^^^^^^^^^^^
  File "/Users/michaelkatschko/Projects/rettungswache-wachbuch/.venv/lib/python3.12/site-packages/django/contrib/staticfiles/storage.py", line 235, in url
    return self._url(self.stored_name, name, force)
           ^^^^^^^^^^^^^^^^^^^^^^^^^^^^^^^^^^^^^^^^
  File "/Users/michaelkatschko/Projects/rettungswache-wachbuch/.venv/lib/python3.12/site-packages/django/contrib/staticfiles/storage.py", line 214, in _url
    hashed_name = hashed_name_func(*args)
                  ^^^^^^^^^^^^^^^^^^^^^^^
  File "/Users/michaelkatschko/Projects/rettungswache-wachbuch/.venv/lib/python3.12/site-packages/django/contrib/staticfiles/storage.py", line 601, in stored_name
    raise ValueError(
ValueError: Missing staticfiles manifest entry for 'core/icons/icon-192.png'

During handling of the above exception, another exception occurred:

Traceback (most recent call last):
  File "/Users/michaelkatschko/Projects/rettungswache-wachbuch/.venv/lib/python3.12/site-packages/django/core/handlers/exception.py", line 56, in inner
    response = get_response(request)
               ^^^^^^^^^^^^^^^^^^^^^
  File "/Users/michaelkatschko/Projects/rettungswache-wachbuch/.venv/lib/python3.12/site-packages/django/utils/deprecation.py", line 441, in __call__
    response = response or self.get_response(request)
                           ^^^^^^^^^^^^^^^^^^^^^^^^^^
  File "/Users/michaelkatschko/Projects/rettungswache-wachbuch/.venv/lib/python3.12/site-packages/django/core/handlers/exception.py", line 58, in inner
    response = response_for_exception(request, exc)
               ^^^^^^^^^^^^^^^^^^^^^^^^^^^^^^^^^^^^
  File "/Users/michaelkatschko/Projects/rettungswache-wachbuch/.venv/lib/python3.12/site-packages/django/core/handlers/exception.py", line 142, in response_for_exception
    response = handle_uncaught_exception(
               ^^^^^^^^^^^^^^^^^^^^^^^^^^
  File "/Users/michaelkatschko/Projects/rettungswache-wachbuch/.venv/lib/python3.12/site-packages/django/core/handlers/exception.py", line 187, in handle_uncaught_exception
    return callback(request)
           ^^^^^^^^^^^^^^^^^
  File "/Users/michaelkatschko/Projects/rettungswache-wachbuch/core/views.py", line 162, in server_error
    response = render(
               ^^^^^^^
  File "/Users/michaelkatschko/Projects/rettungswache-wachbuch/.venv/lib/python3.12/site-packages/django/shortcuts.py", line 27, in render
    content = loader.render_to_string(template_name, context, request, using=using)
              ^^^^^^^^^^^^^^^^^^^^^^^^^^^^^^^^^^^^^^^^^^^^^^^^^^^^^^^^^^^^^^^^^^^^^
  File "/Users/michaelkatschko/Projects/rettungswache-wachbuch/.venv/lib/python3.12/site-packages/django/template/loader.py", line 62, in render_to_string
    return template.render(context, request)
           ^^^^^^^^^^^^^^^^^^^^^^^^^^^^^^^^^
  File "/Users/michaelkatschko/Projects/rettungswache-wachbuch/.venv/lib/python3.12/site-packages/django/template/backends/django.py", line 107, in render
    return self.template.render(context)
           ^^^^^^^^^^^^^^^^^^^^^^^^^^^^^
  File "/Users/michaelkatschko/Projects/rettungswache-wachbuch/.venv/lib/python3.12/site-packages/django/template/base.py", line 174, in render
    return self._render(context)
           ^^^^^^^^^^^^^^^^^^^^^
  File "/Users/michaelkatschko/Projects/rettungswache-wachbuch/.venv/lib/python3.12/site-packages/django/template/base.py", line 166, in _render
    return self.nodelist.render(context)
           ^^^^^^^^^^^^^^^^^^^^^^^^^^^^^
  File "/Users/michaelkatschko/Projects/rettungswache-wachbuch/.venv/lib/python3.12/site-packages/django/template/base.py", line 1107, in render
    return SafeString("".join([node.render_annotated(context) for node in self]))
                               ^^^^^^^^^^^^^^^^^^^^^^^^^^^^^^
  File "/Users/michaelkatschko/Projects/rettungswache-wachbuch/.venv/lib/python3.12/site-packages/django/template/base.py", line 1068, in render_annotated
    return self.render(context)
           ^^^^^^^^^^^^^^^^^^^^
  File "/Users/michaelkatschko/Projects/rettungswache-wachbuch/.venv/lib/python3.12/site-packages/django/template/loader_tags.py", line 160, in render
    return compiled_parent._render(context)
           ^^^^^^^^^^^^^^^^^^^^^^^^^^^^^^^^
  File "/Users/michaelkatschko/Projects/rettungswache-wachbuch/.venv/lib/python3.12/site-packages/django/template/base.py", line 166, in _render
    return self.nodelist.render(context)
           ^^^^^^^^^^^^^^^^^^^^^^^^^^^^^
  File "/Users/michaelkatschko/Projects/rettungswache-wachbuch/.venv/lib/python3.12/site-packages/django/template/base.py", line 1107, in render
    return SafeString("".join([node.render_annotated(context) for node in self]))
                               ^^^^^^^^^^^^^^^^^^^^^^^^^^^^^^
  File "/Users/michaelkatschko/Projects/rettungswache-wachbuch/.venv/lib/python3.12/site-packages/django/template/base.py", line 1068, in render_annotated
    return self.render(context)
           ^^^^^^^^^^^^^^^^^^^^
  File "/Users/michaelkatschko/Projects/rettungswache-wachbuch/.venv/lib/python3.12/site-packages/django/templatetags/static.py", line 116, in render
    url = self.url(context)
          ^^^^^^^^^^^^^^^^^
  File "/Users/michaelkatschko/Projects/rettungswache-wachbuch/.venv/lib/python3.12/site-packages/django/templatetags/static.py", line 113, in url
    return self.handle_simple(path)
           ^^^^^^^^^^^^^^^^^^^^^^^^
  File "/Users/michaelkatschko/Projects/rettungswache-wachbuch/.venv/lib/python3.12/site-packages/django/templatetags/static.py", line 129, in handle_simple
    return staticfiles_storage.url(path)
           ^^^^^^^^^^^^^^^^^^^^^^^^^^^^^
  File "/Users/michaelkatschko/Projects/rettungswache-wachbuch/.venv/lib/python3.12/site-packages/django/contrib/staticfiles/storage.py", line 235, in url
    return self._url(self.stored_name, name, force)
           ^^^^^^^^^^^^^^^^^^^^^^^^^^^^^^^^^^^^^^^^
  File "/Users/michaelkatschko/Projects/rettungswache-wachbuch/.venv/lib/python3.12/site-packages/django/contrib/staticfiles/storage.py", line 214, in _url
    hashed_name = hashed_name_func(*args)
                  ^^^^^^^^^^^^^^^^^^^^^^^
  File "/Users/michaelkatschko/Projects/rettungswache-wachbuch/.venv/lib/python3.12/site-packages/django/contrib/staticfiles/storage.py", line 601, in stored_name
    raise ValueError(
ValueError: Missing staticfiles manifest entry for 'core/icons/icon-192.png'

During handling of the above exception, another exception occurred:

Traceback (most recent call last):
  File "/Users/michaelkatschko/Projects/rettungswache-wachbuch/.venv/lib/python3.12/site-packages/django/core/handlers/exception.py", line 56, in inner
    response = get_response(request)
               ^^^^^^^^^^^^^^^^^^^^^
  File "/Users/michaelkatschko/Projects/rettungswache-wachbuch/.venv/lib/python3.12/site-packages/django/utils/deprecation.py", line 441, in __call__
    response = response or self.get_response(request)
                           ^^^^^^^^^^^^^^^^^^^^^^^^^^
  File "/Users/michaelkatschko/Projects/rettungswache-wachbuch/.venv/lib/python3.12/site-packages/django/core/handlers/exception.py", line 58, in inner
    response = response_for_exception(request, exc)
               ^^^^^^^^^^^^^^^^^^^^^^^^^^^^^^^^^^^^
  File "/Users/michaelkatschko/Projects/rettungswache-wachbuch/.venv/lib/python3.12/site-packages/django/core/handlers/exception.py", line 142, in response_for_exception
    response = handle_uncaught_exception(
               ^^^^^^^^^^^^^^^^^^^^^^^^^^
  File "/Users/michaelkatschko/Projects/rettungswache-wachbuch/.venv/lib/python3.12/site-packages/django/core/handlers/exception.py", line 187, in handle_uncaught_exception
    return callback(request)
           ^^^^^^^^^^^^^^^^^
  File "/Users/michaelkatschko/Projects/rettungswache-wachbuch/core/views.py", line 162, in server_error
    response = render(
               ^^^^^^^
  File "/Users/michaelkatschko/Projects/rettungswache-wachbuch/.venv/lib/python3.12/site-packages/django/shortcuts.py", line 27, in render
    content = loader.render_to_string(template_name, context, request, using=using)
              ^^^^^^^^^^^^^^^^^^^^^^^^^^^^^^^^^^^^^^^^^^^^^^^^^^^^^^^^^^^^^^^^^^^^^
  File "/Users/michaelkatschko/Projects/rettungswache-wachbuch/.venv/lib/python3.12/site-packages/django/template/loader.py", line 62, in render_to_string
    return template.render(context, request)
           ^^^^^^^^^^^^^^^^^^^^^^^^^^^^^^^^^
  File "/Users/michaelkatschko/Projects/rettungswache-wachbuch/.venv/lib/python3.12/site-packages/django/template/backends/django.py", line 107, in render
    return self.template.render(context)
           ^^^^^^^^^^^^^^^^^^^^^^^^^^^^^
  File "/Users/michaelkatschko/Projects/rettungswache-wachbuch/.venv/lib/python3.12/site-packages/django/template/base.py", line 174, in render
    return self._render(context)
           ^^^^^^^^^^^^^^^^^^^^^
  File "/Users/michaelkatschko/Projects/rettungswache-wachbuch/.venv/lib/python3.12/site-packages/django/template/base.py", line 166, in _render
    return self.nodelist.render(context)
           ^^^^^^^^^^^^^^^^^^^^^^^^^^^^^
  File "/Users/michaelkatschko/Projects/rettungswache-wachbuch/.venv/lib/python3.12/site-packages/django/template/base.py", line 1107, in render
    return SafeString("".join([node.render_annotated(context) for node in self]))
                               ^^^^^^^^^^^^^^^^^^^^^^^^^^^^^^
  File "/Users/michaelkatschko/Projects/rettungswache-wachbuch/.venv/lib/python3.12/site-packages/django/template/base.py", line 1068, in render_annotated
    return self.render(context)
           ^^^^^^^^^^^^^^^^^^^^
  File "/Users/michaelkatschko/Projects/rettungswache-wachbuch/.venv/lib/python3.12/site-packages/django/template/loader_tags.py", line 160, in render
    return compiled_parent._render(context)
           ^^^^^^^^^^^^^^^^^^^^^^^^^^^^^^^^
  File "/Users/michaelkatschko/Projects/rettungswache-wachbuch/.venv/lib/python3.12/site-packages/django/template/base.py", line 166, in _render
    return self.nodelist.render(context)
           ^^^^^^^^^^^^^^^^^^^^^^^^^^^^^
  File "/Users/michaelkatschko/Projects/rettungswache-wachbuch/.venv/lib/python3.12/site-packages/django/template/base.py", line 1107, in render
    return SafeString("".join([node.render_annotated(context) for node in self]))
                               ^^^^^^^^^^^^^^^^^^^^^^^^^^^^^^
  File "/Users/michaelkatschko/Projects/rettungswache-wachbuch/.venv/lib/python3.12/site-packages/django/template/base.py", line 1068, in render_annotated
    return self.render(context)
           ^^^^^^^^^^^^^^^^^^^^
  File "/Users/michaelkatschko/Projects/rettungswache-wachbuch/.venv/lib/python3.12/site-packages/django/templatetags/static.py", line 116, in render
    url = self.url(context)
          ^^^^^^^^^^^^^^^^^
  File "/Users/michaelkatschko/Projects/rettungswache-wachbuch/.venv/lib/python3.12/site-packages/django/templatetags/static.py", line 113, in url
    return self.handle_simple(path)
           ^^^^^^^^^^^^^^^^^^^^^^^^
  File "/Users/michaelkatschko/Projects/rettungswache-wachbuch/.venv/lib/python3.12/site-packages/django/templatetags/static.py", line 129, in handle_simple
    return staticfiles_storage.url(path)
           ^^^^^^^^^^^^^^^^^^^^^^^^^^^^^
  File "/Users/michaelkatschko/Projects/rettungswache-wachbuch/.venv/lib/python3.12/site-packages/django/contrib/staticfiles/storage.py", line 235, in url
    return self._url(self.stored_name, name, force)
           ^^^^^^^^^^^^^^^^^^^^^^^^^^^^^^^^^^^^^^^^
  File "/Users/michaelkatschko/Projects/rettungswache-wachbuch/.venv/lib/python3.12/site-packages/django/contrib/staticfiles/storage.py", line 214, in _url
    hashed_name = hashed_name_func(*args)
                  ^^^^^^^^^^^^^^^^^^^^^^^
  File "/Users/michaelkatschko/Projects/rettungswache-wachbuch/.venv/lib/python3.12/site-packages/django/contrib/staticfiles/storage.py", line 601, in stored_name
    raise ValueError(
ValueError: Missing staticfiles manifest entry for 'core/icons/icon-192.png'

During handling of the above exception, another exception occurred:

Traceback (most recent call last):
  File "/Users/michaelkatschko/Projects/rettungswache-wachbuch/.venv/lib/python3.12/site-packages/django/core/handlers/exception.py", line 56, in inner
    response = get_response(request)
               ^^^^^^^^^^^^^^^^^^^^^
  File "/Users/michaelkatschko/Projects/rettungswache-wachbuch/.venv/lib/python3.12/site-packages/django/utils/deprecation.py", line 441, in __call__
    response = response or self.get_response(request)
                           ^^^^^^^^^^^^^^^^^^^^^^^^^^
  File "/Users/michaelkatschko/Projects/rettungswache-wachbuch/.venv/lib/python3.12/site-packages/django/core/handlers/exception.py", line 58, in inner
    response = response_for_exception(request, exc)
               ^^^^^^^^^^^^^^^^^^^^^^^^^^^^^^^^^^^^
  File "/Users/michaelkatschko/Projects/rettungswache-wachbuch/.venv/lib/python3.12/site-packages/django/core/handlers/exception.py", line 142, in response_for_exception
    response = handle_uncaught_exception(
               ^^^^^^^^^^^^^^^^^^^^^^^^^^
  File "/Users/michaelkatschko/Projects/rettungswache-wachbuch/.venv/lib/python3.12/site-packages/django/core/handlers/exception.py", line 187, in handle_uncaught_exception
    return callback(request)
           ^^^^^^^^^^^^^^^^^
  File "/Users/michaelkatschko/Projects/rettungswache-wachbuch/core/views.py", line 162, in server_error
    response = render(
               ^^^^^^^
  File "/Users/michaelkatschko/Projects/rettungswache-wachbuch/.venv/lib/python3.12/site-packages/django/shortcuts.py", line 27, in render
    content = loader.render_to_string(template_name, context, request, using=using)
              ^^^^^^^^^^^^^^^^^^^^^^^^^^^^^^^^^^^^^^^^^^^^^^^^^^^^^^^^^^^^^^^^^^^^^
  File "/Users/michaelkatschko/Projects/rettungswache-wachbuch/.venv/lib/python3.12/site-packages/django/template/loader.py", line 62, in render_to_string
    return template.render(context, request)
           ^^^^^^^^^^^^^^^^^^^^^^^^^^^^^^^^^
  File "/Users/michaelkatschko/Projects/rettungswache-wachbuch/.venv/lib/python3.12/site-packages/django/template/backends/django.py", line 107, in render
    return self.template.render(context)
           ^^^^^^^^^^^^^^^^^^^^^^^^^^^^^
  File "/Users/michaelkatschko/Projects/rettungswache-wachbuch/.venv/lib/python3.12/site-packages/django/template/base.py", line 174, in render
    return self._render(context)
           ^^^^^^^^^^^^^^^^^^^^^
  File "/Users/michaelkatschko/Projects/rettungswache-wachbuch/.venv/lib/python3.12/site-packages/django/template/base.py", line 166, in _render
    return self.nodelist.render(context)
           ^^^^^^^^^^^^^^^^^^^^^^^^^^^^^
  File "/Users/michaelkatschko/Projects/rettungswache-wachbuch/.venv/lib/python3.12/site-packages/django/template/base.py", line 1107, in render
    return SafeString("".join([node.render_annotated(context) for node in self]))
                               ^^^^^^^^^^^^^^^^^^^^^^^^^^^^^^
  File "/Users/michaelkatschko/Projects/rettungswache-wachbuch/.venv/lib/python3.12/site-packages/django/template/base.py", line 1068, in render_annotated
    return self.render(context)
           ^^^^^^^^^^^^^^^^^^^^
  File "/Users/michaelkatschko/Projects/rettungswache-wachbuch/.venv/lib/python3.12/site-packages/django/template/loader_tags.py", line 160, in render
    return compiled_parent._render(context)
           ^^^^^^^^^^^^^^^^^^^^^^^^^^^^^^^^
  File "/Users/michaelkatschko/Projects/rettungswache-wachbuch/.venv/lib/python3.12/site-packages/django/template/base.py", line 166, in _render
    return self.nodelist.render(context)
           ^^^^^^^^^^^^^^^^^^^^^^^^^^^^^
  File "/Users/michaelkatschko/Projects/rettungswache-wachbuch/.venv/lib/python3.12/site-packages/django/template/base.py", line 1107, in render
    return SafeString("".join([node.render_annotated(context) for node in self]))
                               ^^^^^^^^^^^^^^^^^^^^^^^^^^^^^^
  File "/Users/michaelkatschko/Projects/rettungswache-wachbuch/.venv/lib/python3.12/site-packages/django/template/base.py", line 1068, in render_annotated
    return self.render(context)
           ^^^^^^^^^^^^^^^^^^^^
  File "/Users/michaelkatschko/Projects/rettungswache-wachbuch/.venv/lib/python3.12/site-packages/django/templatetags/static.py", line 116, in render
    url = self.url(context)
          ^^^^^^^^^^^^^^^^^
  File "/Users/michaelkatschko/Projects/rettungswache-wachbuch/.venv/lib/python3.12/site-packages/django/templatetags/static.py", line 113, in url
    return self.handle_simple(path)
           ^^^^^^^^^^^^^^^^^^^^^^^^
  File "/Users/michaelkatschko/Projects/rettungswache-wachbuch/.venv/lib/python3.12/site-packages/django/templatetags/static.py", line 129, in handle_simple
    return staticfiles_storage.url(path)
           ^^^^^^^^^^^^^^^^^^^^^^^^^^^^^
  File "/Users/michaelkatschko/Projects/rettungswache-wachbuch/.venv/lib/python3.12/site-packages/django/contrib/staticfiles/storage.py", line 235, in url
    return self._url(self.stored_name, name, force)
           ^^^^^^^^^^^^^^^^^^^^^^^^^^^^^^^^^^^^^^^^
  File "/Users/michaelkatschko/Projects/rettungswache-wachbuch/.venv/lib/python3.12/site-packages/django/contrib/staticfiles/storage.py", line 214, in _url
    hashed_name = hashed_name_func(*args)
                  ^^^^^^^^^^^^^^^^^^^^^^^
  File "/Users/michaelkatschko/Projects/rettungswache-wachbuch/.venv/lib/python3.12/site-packages/django/contrib/staticfiles/storage.py", line 601, in stored_name
    raise ValueError(
ValueError: Missing staticfiles manifest entry for 'core/icons/icon-192.png'

During handling of the above exception, another exception occurred:

Traceback (most recent call last):
  File "/Users/michaelkatschko/Projects/rettungswache-wachbuch/.venv/lib/python3.12/site-packages/django/core/handlers/exception.py", line 56, in inner
    response = get_response(request)
               ^^^^^^^^^^^^^^^^^^^^^
  File "/Users/michaelkatschko/Projects/rettungswache-wachbuch/.venv/lib/python3.12/site-packages/django/utils/deprecation.py", line 441, in __call__
    response = response or self.get_response(request)
                           ^^^^^^^^^^^^^^^^^^^^^^^^^^
  File "/Users/michaelkatschko/Projects/rettungswache-wachbuch/.venv/lib/python3.12/site-packages/django/core/handlers/exception.py", line 58, in inner
    response = response_for_exception(request, exc)
               ^^^^^^^^^^^^^^^^^^^^^^^^^^^^^^^^^^^^
  File "/Users/michaelkatschko/Projects/rettungswache-wachbuch/.venv/lib/python3.12/site-packages/django/core/handlers/exception.py", line 142, in response_for_exception
    response = handle_uncaught_exception(
               ^^^^^^^^^^^^^^^^^^^^^^^^^^
  File "/Users/michaelkatschko/Projects/rettungswache-wachbuch/.venv/lib/python3.12/site-packages/django/core/handlers/exception.py", line 187, in handle_uncaught_exception
    return callback(request)
           ^^^^^^^^^^^^^^^^^
  File "/Users/michaelkatschko/Projects/rettungswache-wachbuch/core/views.py", line 162, in server_error
    response = render(
               ^^^^^^^
  File "/Users/michaelkatschko/Projects/rettungswache-wachbuch/.venv/lib/python3.12/site-packages/django/shortcuts.py", line 27, in render
    content = loader.render_to_string(template_name, context, request, using=using)
              ^^^^^^^^^^^^^^^^^^^^^^^^^^^^^^^^^^^^^^^^^^^^^^^^^^^^^^^^^^^^^^^^^^^^^
  File "/Users/michaelkatschko/Projects/rettungswache-wachbuch/.venv/lib/python3.12/site-packages/django/template/loader.py", line 62, in render_to_string
    return template.render(context, request)
           ^^^^^^^^^^^^^^^^^^^^^^^^^^^^^^^^^
  File "/Users/michaelkatschko/Projects/rettungswache-wachbuch/.venv/lib/python3.12/site-packages/django/template/backends/django.py", line 107, in render
    return self.template.render(context)
           ^^^^^^^^^^^^^^^^^^^^^^^^^^^^^
  File "/Users/michaelkatschko/Projects/rettungswache-wachbuch/.venv/lib/python3.12/site-packages/django/template/base.py", line 174, in render
    return self._render(context)
           ^^^^^^^^^^^^^^^^^^^^^
  File "/Users/michaelkatschko/Projects/rettungswache-wachbuch/.venv/lib/python3.12/site-packages/django/template/base.py", line 166, in _render
    return self.nodelist.render(context)
           ^^^^^^^^^^^^^^^^^^^^^^^^^^^^^
  File "/Users/michaelkatschko/Projects/rettungswache-wachbuch/.venv/lib/python3.12/site-packages/django/template/base.py", line 1107, in render
    return SafeString("".join([node.render_annotated(context) for node in self]))
                               ^^^^^^^^^^^^^^^^^^^^^^^^^^^^^^
  File "/Users/michaelkatschko/Projects/rettungswache-wachbuch/.venv/lib/python3.12/site-packages/django/template/base.py", line 1068, in render_annotated
    return self.render(context)
           ^^^^^^^^^^^^^^^^^^^^
  File "/Users/michaelkatschko/Projects/rettungswache-wachbuch/.venv/lib/python3.12/site-packages/django/template/loader_tags.py", line 160, in render
    return compiled_parent._render(context)
           ^^^^^^^^^^^^^^^^^^^^^^^^^^^^^^^^
  File "/Users/michaelkatschko/Projects/rettungswache-wachbuch/.venv/lib/python3.12/site-packages/django/template/base.py", line 166, in _render
    return self.nodelist.render(context)
           ^^^^^^^^^^^^^^^^^^^^^^^^^^^^^
  File "/Users/michaelkatschko/Projects/rettungswache-wachbuch/.venv/lib/python3.12/site-packages/django/template/base.py", line 1107, in render
    return SafeString("".join([node.render_annotated(context) for node in self]))
                               ^^^^^^^^^^^^^^^^^^^^^^^^^^^^^^
  File "/Users/michaelkatschko/Projects/rettungswache-wachbuch/.venv/lib/python3.12/site-packages/django/template/base.py", line 1068, in render_annotated
    return self.render(context)
           ^^^^^^^^^^^^^^^^^^^^
  File "/Users/michaelkatschko/Projects/rettungswache-wachbuch/.venv/lib/python3.12/site-packages/django/templatetags/static.py", line 116, in render
    url = self.url(context)
          ^^^^^^^^^^^^^^^^^
  File "/Users/michaelkatschko/Projects/rettungswache-wachbuch/.venv/lib/python3.12/site-packages/django/templatetags/static.py", line 113, in url
    return self.handle_simple(path)
           ^^^^^^^^^^^^^^^^^^^^^^^^
  File "/Users/michaelkatschko/Projects/rettungswache-wachbuch/.venv/lib/python3.12/site-packages/django/templatetags/static.py", line 129, in handle_simple
    return staticfiles_storage.url(path)
           ^^^^^^^^^^^^^^^^^^^^^^^^^^^^^
  File "/Users/michaelkatschko/Projects/rettungswache-wachbuch/.venv/lib/python3.12/site-packages/django/contrib/staticfiles/storage.py", line 235, in url
    return self._url(self.stored_name, name, force)
           ^^^^^^^^^^^^^^^^^^^^^^^^^^^^^^^^^^^^^^^^
  File "/Users/michaelkatschko/Projects/rettungswache-wachbuch/.venv/lib/python3.12/site-packages/django/contrib/staticfiles/storage.py", line 214, in _url
    hashed_name = hashed_name_func(*args)
                  ^^^^^^^^^^^^^^^^^^^^^^^
  File "/Users/michaelkatschko/Projects/rettungswache-wachbuch/.venv/lib/python3.12/site-packages/django/contrib/staticfiles/storage.py", line 601, in stored_name
    raise ValueError(
ValueError: Missing staticfiles manifest entry for 'core/icons/icon-192.png'

During handling of the above exception, another exception occurred:

Traceback (most recent call last):
  File "/Users/michaelkatschko/Projects/rettungswache-wachbuch/.venv/lib/python3.12/site-packages/django/core/handlers/exception.py", line 56, in inner
    response = get_response(request)
               ^^^^^^^^^^^^^^^^^^^^^
  File "/Users/michaelkatschko/Projects/rettungswache-wachbuch/.venv/lib/python3.12/site-packages/django/utils/deprecation.py", line 441, in __call__
    response = response or self.get_response(request)
                           ^^^^^^^^^^^^^^^^^^^^^^^^^^
  File "/Users/michaelkatschko/Projects/rettungswache-wachbuch/.venv/lib/python3.12/site-packages/django/core/handlers/exception.py", line 58, in inner
    response = response_for_exception(request, exc)
               ^^^^^^^^^^^^^^^^^^^^^^^^^^^^^^^^^^^^
  File "/Users/michaelkatschko/Projects/rettungswache-wachbuch/.venv/lib/python3.12/site-packages/django/core/handlers/exception.py", line 142, in response_for_exception
    response = handle_uncaught_exception(
               ^^^^^^^^^^^^^^^^^^^^^^^^^^
  File "/Users/michaelkatschko/Projects/rettungswache-wachbuch/.venv/lib/python3.12/site-packages/django/core/handlers/exception.py", line 187, in handle_uncaught_exception
    return callback(request)
           ^^^^^^^^^^^^^^^^^
  File "/Users/michaelkatschko/Projects/rettungswache-wachbuch/core/views.py", line 162, in server_error
    response = render(
               ^^^^^^^
  File "/Users/michaelkatschko/Projects/rettungswache-wachbuch/.venv/lib/python3.12/site-packages/django/shortcuts.py", line 27, in render
    content = loader.render_to_string(template_name, context, request, using=using)
              ^^^^^^^^^^^^^^^^^^^^^^^^^^^^^^^^^^^^^^^^^^^^^^^^^^^^^^^^^^^^^^^^^^^^^
  File "/Users/michaelkatschko/Projects/rettungswache-wachbuch/.venv/lib/python3.12/site-packages/django/template/loader.py", line 62, in render_to_string
    return template.render(context, request)
           ^^^^^^^^^^^^^^^^^^^^^^^^^^^^^^^^^
  File "/Users/michaelkatschko/Projects/rettungswache-wachbuch/.venv/lib/python3.12/site-packages/django/template/backends/django.py", line 107, in render
    return self.template.render(context)
           ^^^^^^^^^^^^^^^^^^^^^^^^^^^^^
  File "/Users/michaelkatschko/Projects/rettungswache-wachbuch/.venv/lib/python3.12/site-packages/django/template/base.py", line 174, in render
    return self._render(context)
           ^^^^^^^^^^^^^^^^^^^^^
  File "/Users/michaelkatschko/Projects/rettungswache-wachbuch/.venv/lib/python3.12/site-packages/django/template/base.py", line 166, in _render
    return self.nodelist.render(context)
           ^^^^^^^^^^^^^^^^^^^^^^^^^^^^^
  File "/Users/michaelkatschko/Projects/rettungswache-wachbuch/.venv/lib/python3.12/site-packages/django/template/base.py", line 1107, in render
    return SafeString("".join([node.render_annotated(context) for node in self]))
                               ^^^^^^^^^^^^^^^^^^^^^^^^^^^^^^
  File "/Users/michaelkatschko/Projects/rettungswache-wachbuch/.venv/lib/python3.12/site-packages/django/template/base.py", line 1068, in render_annotated
    return self.render(context)
           ^^^^^^^^^^^^^^^^^^^^
  File "/Users/michaelkatschko/Projects/rettungswache-wachbuch/.venv/lib/python3.12/site-packages/django/template/loader_tags.py", line 160, in render
    return compiled_parent._render(context)
           ^^^^^^^^^^^^^^^^^^^^^^^^^^^^^^^^
  File "/Users/michaelkatschko/Projects/rettungswache-wachbuch/.venv/lib/python3.12/site-packages/django/template/base.py", line 166, in _render
    return self.nodelist.render(context)
           ^^^^^^^^^^^^^^^^^^^^^^^^^^^^^
  File "/Users/michaelkatschko/Projects/rettungswache-wachbuch/.venv/lib/python3.12/site-packages/django/template/base.py", line 1107, in render
    return SafeString("".join([node.render_annotated(context) for node in self]))
                               ^^^^^^^^^^^^^^^^^^^^^^^^^^^^^^
  File "/Users/michaelkatschko/Projects/rettungswache-wachbuch/.venv/lib/python3.12/site-packages/django/template/base.py", line 1068, in render_annotated
    return self.render(context)
           ^^^^^^^^^^^^^^^^^^^^
  File "/Users/michaelkatschko/Projects/rettungswache-wachbuch/.venv/lib/python3.12/site-packages/django/templatetags/static.py", line 116, in render
    url = self.url(context)
          ^^^^^^^^^^^^^^^^^
  File "/Users/michaelkatschko/Projects/rettungswache-wachbuch/.venv/lib/python3.12/site-packages/django/templatetags/static.py", line 113, in url
    return self.handle_simple(path)
           ^^^^^^^^^^^^^^^^^^^^^^^^
  File "/Users/michaelkatschko/Projects/rettungswache-wachbuch/.venv/lib/python3.12/site-packages/django/templatetags/static.py", line 129, in handle_simple
    return staticfiles_storage.url(path)
           ^^^^^^^^^^^^^^^^^^^^^^^^^^^^^
  File "/Users/michaelkatschko/Projects/rettungswache-wachbuch/.venv/lib/python3.12/site-packages/django/contrib/staticfiles/storage.py", line 235, in url
    return self._url(self.stored_name, name, force)
           ^^^^^^^^^^^^^^^^^^^^^^^^^^^^^^^^^^^^^^^^
  File "/Users/michaelkatschko/Projects/rettungswache-wachbuch/.venv/lib/python3.12/site-packages/django/contrib/staticfiles/storage.py", line 214, in _url
    hashed_name = hashed_name_func(*args)
                  ^^^^^^^^^^^^^^^^^^^^^^^
  File "/Users/michaelkatschko/Projects/rettungswache-wachbuch/.venv/lib/python3.12/site-packages/django/contrib/staticfiles/storage.py", line 601, in stored_name
    raise ValueError(
ValueError: Missing staticfiles manifest entry for 'core/icons/icon-192.png'

During handling of the above exception, another exception occurred:

Traceback (most recent call last):
  File "/Users/michaelkatschko/Projects/rettungswache-wachbuch/.venv/lib/python3.12/site-packages/django/core/handlers/exception.py", line 56, in inner
    response = get_response(request)
               ^^^^^^^^^^^^^^^^^^^^^
  File "/Users/michaelkatschko/Projects/rettungswache-wachbuch/.venv/lib/python3.12/site-packages/django/utils/deprecation.py", line 441, in __call__
    response = response or self.get_response(request)
                           ^^^^^^^^^^^^^^^^^^^^^^^^^^
  File "/Users/michaelkatschko/Projects/rettungswache-wachbuch/.venv/lib/python3.12/site-packages/django/core/handlers/exception.py", line 58, in inner
    response = response_for_exception(request, exc)
               ^^^^^^^^^^^^^^^^^^^^^^^^^^^^^^^^^^^^
  File "/Users/michaelkatschko/Projects/rettungswache-wachbuch/.venv/lib/python3.12/site-packages/django/core/handlers/exception.py", line 142, in response_for_exception
    response = handle_uncaught_exception(
               ^^^^^^^^^^^^^^^^^^^^^^^^^^
  File "/Users/michaelkatschko/Projects/rettungswache-wachbuch/.venv/lib/python3.12/site-packages/django/core/handlers/exception.py", line 187, in handle_uncaught_exception
    return callback(request)
           ^^^^^^^^^^^^^^^^^
  File "/Users/michaelkatschko/Projects/rettungswache-wachbuch/core/views.py", line 162, in server_error
    response = render(
               ^^^^^^^
  File "/Users/michaelkatschko/Projects/rettungswache-wachbuch/.venv/lib/python3.12/site-packages/django/shortcuts.py", line 27, in render
    content = loader.render_to_string(template_name, context, request, using=using)
              ^^^^^^^^^^^^^^^^^^^^^^^^^^^^^^^^^^^^^^^^^^^^^^^^^^^^^^^^^^^^^^^^^^^^^
  File "/Users/michaelkatschko/Projects/rettungswache-wachbuch/.venv/lib/python3.12/site-packages/django/template/loader.py", line 62, in render_to_string
    return template.render(context, request)
           ^^^^^^^^^^^^^^^^^^^^^^^^^^^^^^^^^
  File "/Users/michaelkatschko/Projects/rettungswache-wachbuch/.venv/lib/python3.12/site-packages/django/template/backends/django.py", line 107, in render
    return self.template.render(context)
           ^^^^^^^^^^^^^^^^^^^^^^^^^^^^^
  File "/Users/michaelkatschko/Projects/rettungswache-wachbuch/.venv/lib/python3.12/site-packages/django/template/base.py", line 174, in render
    return self._render(context)
           ^^^^^^^^^^^^^^^^^^^^^
  File "/Users/michaelkatschko/Projects/rettungswache-wachbuch/.venv/lib/python3.12/site-packages/django/template/base.py", line 166, in _render
    return self.nodelist.render(context)
           ^^^^^^^^^^^^^^^^^^^^^^^^^^^^^
  File "/Users/michaelkatschko/Projects/rettungswache-wachbuch/.venv/lib/python3.12/site-packages/django/template/base.py", line 1107, in render
    return SafeString("".join([node.render_annotated(context) for node in self]))
                               ^^^^^^^^^^^^^^^^^^^^^^^^^^^^^^
  File "/Users/michaelkatschko/Projects/rettungswache-wachbuch/.venv/lib/python3.12/site-packages/django/template/base.py", line 1068, in render_annotated
    return self.render(context)
           ^^^^^^^^^^^^^^^^^^^^
  File "/Users/michaelkatschko/Projects/rettungswache-wachbuch/.venv/lib/python3.12/site-packages/django/template/loader_tags.py", line 160, in render
    return compiled_parent._render(context)
           ^^^^^^^^^^^^^^^^^^^^^^^^^^^^^^^^
  File "/Users/michaelkatschko/Projects/rettungswache-wachbuch/.venv/lib/python3.12/site-packages/django/template/base.py", line 166, in _render
    return self.nodelist.render(context)
           ^^^^^^^^^^^^^^^^^^^^^^^^^^^^^
  File "/Users/michaelkatschko/Projects/rettungswache-wachbuch/.venv/lib/python3.12/site-packages/django/template/base.py", line 1107, in render
    return SafeString("".join([node.render_annotated(context) for node in self]))
                               ^^^^^^^^^^^^^^^^^^^^^^^^^^^^^^
  File "/Users/michaelkatschko/Projects/rettungswache-wachbuch/.venv/lib/python3.12/site-packages/django/template/base.py", line 1068, in render_annotated
    return self.render(context)
           ^^^^^^^^^^^^^^^^^^^^
  File "/Users/michaelkatschko/Projects/rettungswache-wachbuch/.venv/lib/python3.12/site-packages/django/templatetags/static.py", line 116, in render
    url = self.url(context)
          ^^^^^^^^^^^^^^^^^
  File "/Users/michaelkatschko/Projects/rettungswache-wachbuch/.venv/lib/python3.12/site-packages/django/templatetags/static.py", line 113, in url
    return self.handle_simple(path)
           ^^^^^^^^^^^^^^^^^^^^^^^^
  File "/Users/michaelkatschko/Projects/rettungswache-wachbuch/.venv/lib/python3.12/site-packages/django/templatetags/static.py", line 129, in handle_simple
    return staticfiles_storage.url(path)
           ^^^^^^^^^^^^^^^^^^^^^^^^^^^^^
  File "/Users/michaelkatschko/Projects/rettungswache-wachbuch/.venv/lib/python3.12/site-packages/django/contrib/staticfiles/storage.py", line 235, in url
    return self._url(self.stored_name, name, force)
           ^^^^^^^^^^^^^^^^^^^^^^^^^^^^^^^^^^^^^^^^
  File "/Users/michaelkatschko/Projects/rettungswache-wachbuch/.venv/lib/python3.12/site-packages/django/contrib/staticfiles/storage.py", line 214, in _url
    hashed_name = hashed_name_func(*args)
                  ^^^^^^^^^^^^^^^^^^^^^^^
  File "/Users/michaelkatschko/Projects/rettungswache-wachbuch/.venv/lib/python3.12/site-packages/django/contrib/staticfiles/storage.py", line 601, in stored_name
    raise ValueError(
ValueError: Missing staticfiles manifest entry for 'core/icons/icon-192.png'

During handling of the above exception, another exception occurred:

Traceback (most recent call last):
  File "/Users/michaelkatschko/Projects/rettungswache-wachbuch/.venv/lib/python3.12/site-packages/django/core/handlers/exception.py", line 56, in inner
    response = get_response(request)
               ^^^^^^^^^^^^^^^^^^^^^
  File "/Users/michaelkatschko/Projects/rettungswache-wachbuch/.venv/lib/python3.12/site-packages/whitenoise/middleware.py", line 123, in __call__
    return self.get_response(request)
           ^^^^^^^^^^^^^^^^^^^^^^^^^^
  File "/Users/michaelkatschko/Projects/rettungswache-wachbuch/.venv/lib/python3.12/site-packages/django/core/handlers/exception.py", line 58, in inner
    response = response_for_exception(request, exc)
               ^^^^^^^^^^^^^^^^^^^^^^^^^^^^^^^^^^^^
  File "/Users/michaelkatschko/Projects/rettungswache-wachbuch/.venv/lib/python3.12/site-packages/django/core/handlers/exception.py", line 142, in response_for_exception
    response = handle_uncaught_exception(
               ^^^^^^^^^^^^^^^^^^^^^^^^^^
  File "/Users/michaelkatschko/Projects/rettungswache-wachbuch/.venv/lib/python3.12/site-packages/django/core/handlers/exception.py", line 187, in handle_uncaught_exception
    return callback(request)
           ^^^^^^^^^^^^^^^^^
  File "/Users/michaelkatschko/Projects/rettungswache-wachbuch/core/views.py", line 162, in server_error
    response = render(
               ^^^^^^^
  File "/Users/michaelkatschko/Projects/rettungswache-wachbuch/.venv/lib/python3.12/site-packages/django/shortcuts.py", line 27, in render
    content = loader.render_to_string(template_name, context, request, using=using)
              ^^^^^^^^^^^^^^^^^^^^^^^^^^^^^^^^^^^^^^^^^^^^^^^^^^^^^^^^^^^^^^^^^^^^^
  File "/Users/michaelkatschko/Projects/rettungswache-wachbuch/.venv/lib/python3.12/site-packages/django/template/loader.py", line 62, in render_to_string
    return template.render(context, request)
           ^^^^^^^^^^^^^^^^^^^^^^^^^^^^^^^^^
  File "/Users/michaelkatschko/Projects/rettungswache-wachbuch/.venv/lib/python3.12/site-packages/django/template/backends/django.py", line 107, in render
    return self.template.render(context)
           ^^^^^^^^^^^^^^^^^^^^^^^^^^^^^
  File "/Users/michaelkatschko/Projects/rettungswache-wachbuch/.venv/lib/python3.12/site-packages/django/template/base.py", line 174, in render
    return self._render(context)
           ^^^^^^^^^^^^^^^^^^^^^
  File "/Users/michaelkatschko/Projects/rettungswache-wachbuch/.venv/lib/python3.12/site-packages/django/template/base.py", line 166, in _render
    return self.nodelist.render(context)
           ^^^^^^^^^^^^^^^^^^^^^^^^^^^^^
  File "/Users/michaelkatschko/Projects/rettungswache-wachbuch/.venv/lib/python3.12/site-packages/django/template/base.py", line 1107, in render
    return SafeString("".join([node.render_annotated(context) for node in self]))
                               ^^^^^^^^^^^^^^^^^^^^^^^^^^^^^^
  File "/Users/michaelkatschko/Projects/rettungswache-wachbuch/.venv/lib/python3.12/site-packages/django/template/base.py", line 1068, in render_annotated
    return self.render(context)
           ^^^^^^^^^^^^^^^^^^^^
  File "/Users/michaelkatschko/Projects/rettungswache-wachbuch/.venv/lib/python3.12/site-packages/django/template/loader_tags.py", line 160, in render
    return compiled_parent._render(context)
           ^^^^^^^^^^^^^^^^^^^^^^^^^^^^^^^^
  File "/Users/michaelkatschko/Projects/rettungswache-wachbuch/.venv/lib/python3.12/site-packages/django/template/base.py", line 166, in _render
    return self.nodelist.render(context)
           ^^^^^^^^^^^^^^^^^^^^^^^^^^^^^
  File "/Users/michaelkatschko/Projects/rettungswache-wachbuch/.venv/lib/python3.12/site-packages/django/template/base.py", line 1107, in render
    return SafeString("".join([node.render_annotated(context) for node in self]))
                               ^^^^^^^^^^^^^^^^^^^^^^^^^^^^^^
  File "/Users/michaelkatschko/Projects/rettungswache-wachbuch/.venv/lib/python3.12/site-packages/django/template/base.py", line 1068, in render_annotated
    return self.render(context)
           ^^^^^^^^^^^^^^^^^^^^
  File "/Users/michaelkatschko/Projects/rettungswache-wachbuch/.venv/lib/python3.12/site-packages/django/templatetags/static.py", line 116, in render
    url = self.url(context)
          ^^^^^^^^^^^^^^^^^
  File "/Users/michaelkatschko/Projects/rettungswache-wachbuch/.venv/lib/python3.12/site-packages/django/templatetags/static.py", line 113, in url
    return self.handle_simple(path)
           ^^^^^^^^^^^^^^^^^^^^^^^^
  File "/Users/michaelkatschko/Projects/rettungswache-wachbuch/.venv/lib/python3.12/site-packages/django/templatetags/static.py", line 129, in handle_simple
    return staticfiles_storage.url(path)
           ^^^^^^^^^^^^^^^^^^^^^^^^^^^^^
  File "/Users/michaelkatschko/Projects/rettungswache-wachbuch/.venv/lib/python3.12/site-packages/django/contrib/staticfiles/storage.py", line 235, in url
    return self._url(self.stored_name, name, force)
           ^^^^^^^^^^^^^^^^^^^^^^^^^^^^^^^^^^^^^^^^
  File "/Users/michaelkatschko/Projects/rettungswache-wachbuch/.venv/lib/python3.12/site-packages/django/contrib/staticfiles/storage.py", line 214, in _url
    hashed_name = hashed_name_func(*args)
                  ^^^^^^^^^^^^^^^^^^^^^^^
  File "/Users/michaelkatschko/Projects/rettungswache-wachbuch/.venv/lib/python3.12/site-packages/django/contrib/staticfiles/storage.py", line 601, in stored_name
    raise ValueError(
ValueError: Missing staticfiles manifest entry for 'core/icons/icon-192.png'

During handling of the above exception, another exception occurred:

Traceback (most recent call last):
  File "/Users/michaelkatschko/Projects/rettungswache-wachbuch/.venv/lib/python3.12/site-packages/django/core/handlers/exception.py", line 56, in inner
    response = get_response(request)
               ^^^^^^^^^^^^^^^^^^^^^
  File "/Users/michaelkatschko/Projects/rettungswache-wachbuch/.venv/lib/python3.12/site-packages/django/utils/deprecation.py", line 441, in __call__
    response = response or self.get_response(request)
                           ^^^^^^^^^^^^^^^^^^^^^^^^^^
  File "/Users/michaelkatschko/Projects/rettungswache-wachbuch/.venv/lib/python3.12/site-packages/django/core/handlers/exception.py", line 58, in inner
    response = response_for_exception(request, exc)
               ^^^^^^^^^^^^^^^^^^^^^^^^^^^^^^^^^^^^
  File "/Users/michaelkatschko/Projects/rettungswache-wachbuch/.venv/lib/python3.12/site-packages/django/core/handlers/exception.py", line 142, in response_for_exception
    response = handle_uncaught_exception(
               ^^^^^^^^^^^^^^^^^^^^^^^^^^
  File "/Users/michaelkatschko/Projects/rettungswache-wachbuch/.venv/lib/python3.12/site-packages/django/core/handlers/exception.py", line 187, in handle_uncaught_exception
    return callback(request)
           ^^^^^^^^^^^^^^^^^
  File "/Users/michaelkatschko/Projects/rettungswache-wachbuch/core/views.py", line 162, in server_error
    response = render(
               ^^^^^^^
  File "/Users/michaelkatschko/Projects/rettungswache-wachbuch/.venv/lib/python3.12/site-packages/django/shortcuts.py", line 27, in render
    content = loader.render_to_string(template_name, context, request, using=using)
              ^^^^^^^^^^^^^^^^^^^^^^^^^^^^^^^^^^^^^^^^^^^^^^^^^^^^^^^^^^^^^^^^^^^^^
  File "/Users/michaelkatschko/Projects/rettungswache-wachbuch/.venv/lib/python3.12/site-packages/django/template/loader.py", line 62, in render_to_string
    return template.render(context, request)
           ^^^^^^^^^^^^^^^^^^^^^^^^^^^^^^^^^
  File "/Users/michaelkatschko/Projects/rettungswache-wachbuch/.venv/lib/python3.12/site-packages/django/template/backends/django.py", line 107, in render
    return self.template.render(context)
           ^^^^^^^^^^^^^^^^^^^^^^^^^^^^^
  File "/Users/michaelkatschko/Projects/rettungswache-wachbuch/.venv/lib/python3.12/site-packages/django/template/base.py", line 174, in render
    return self._render(context)
           ^^^^^^^^^^^^^^^^^^^^^
  File "/Users/michaelkatschko/Projects/rettungswache-wachbuch/.venv/lib/python3.12/site-packages/django/template/base.py", line 166, in _render
    return self.nodelist.render(context)
           ^^^^^^^^^^^^^^^^^^^^^^^^^^^^^
  File "/Users/michaelkatschko/Projects/rettungswache-wachbuch/.venv/lib/python3.12/site-packages/django/template/base.py", line 1107, in render
    return SafeString("".join([node.render_annotated(context) for node in self]))
                               ^^^^^^^^^^^^^^^^^^^^^^^^^^^^^^
  File "/Users/michaelkatschko/Projects/rettungswache-wachbuch/.venv/lib/python3.12/site-packages/django/template/base.py", line 1068, in render_annotated
    return self.render(context)
           ^^^^^^^^^^^^^^^^^^^^
  File "/Users/michaelkatschko/Projects/rettungswache-wachbuch/.venv/lib/python3.12/site-packages/django/template/loader_tags.py", line 160, in render
    return compiled_parent._render(context)
           ^^^^^^^^^^^^^^^^^^^^^^^^^^^^^^^^
  File "/Users/michaelkatschko/Projects/rettungswache-wachbuch/.venv/lib/python3.12/site-packages/django/template/base.py", line 166, in _render
    return self.nodelist.render(context)
           ^^^^^^^^^^^^^^^^^^^^^^^^^^^^^
  File "/Users/michaelkatschko/Projects/rettungswache-wachbuch/.venv/lib/python3.12/site-packages/django/template/base.py", line 1107, in render
    return SafeString("".join([node.render_annotated(context) for node in self]))
                               ^^^^^^^^^^^^^^^^^^^^^^^^^^^^^^
  File "/Users/michaelkatschko/Projects/rettungswache-wachbuch/.venv/lib/python3.12/site-packages/django/template/base.py", line 1068, in render_annotated
    return self.render(context)
           ^^^^^^^^^^^^^^^^^^^^
  File "/Users/michaelkatschko/Projects/rettungswache-wachbuch/.venv/lib/python3.12/site-packages/django/templatetags/static.py", line 116, in render
    url = self.url(context)
          ^^^^^^^^^^^^^^^^^
  File "/Users/michaelkatschko/Projects/rettungswache-wachbuch/.venv/lib/python3.12/site-packages/django/templatetags/static.py", line 113, in url
    return self.handle_simple(path)
           ^^^^^^^^^^^^^^^^^^^^^^^^
  File "/Users/michaelkatschko/Projects/rettungswache-wachbuch/.venv/lib/python3.12/site-packages/django/templatetags/static.py", line 129, in handle_simple
    return staticfiles_storage.url(path)
           ^^^^^^^^^^^^^^^^^^^^^^^^^^^^^
  File "/Users/michaelkatschko/Projects/rettungswache-wachbuch/.venv/lib/python3.12/site-packages/django/contrib/staticfiles/storage.py", line 235, in url
    return self._url(self.stored_name, name, force)
           ^^^^^^^^^^^^^^^^^^^^^^^^^^^^^^^^^^^^^^^^
  File "/Users/michaelkatschko/Projects/rettungswache-wachbuch/.venv/lib/python3.12/site-packages/django/contrib/staticfiles/storage.py", line 214, in _url
    hashed_name = hashed_name_func(*args)
                  ^^^^^^^^^^^^^^^^^^^^^^^
  File "/Users/michaelkatschko/Projects/rettungswache-wachbuch/.venv/lib/python3.12/site-packages/django/contrib/staticfiles/storage.py", line 601, in stored_name
    raise ValueError(
ValueError: Missing staticfiles manifest entry for 'core/icons/icon-192.png'

During handling of the above exception, another exception occurred:

Traceback (most recent call last):
  File "/Users/michaelkatschko/Projects/rettungswache-wachbuch/.venv/lib/python3.12/site-packages/gunicorn/workers/sync.py", line 141, in handle
    self.handle_request(listener, req, client, addr)
  File "/Users/michaelkatschko/Projects/rettungswache-wachbuch/.venv/lib/python3.12/site-packages/gunicorn/workers/sync.py", line 184, in handle_request
    respiter = self.wsgi(environ, resp.start_response)
               ^^^^^^^^^^^^^^^^^^^^^^^^^^^^^^^^^^^^^^^
  File "/Users/michaelkatschko/Projects/rettungswache-wachbuch/.venv/lib/python3.12/site-packages/django/core/handlers/wsgi.py", line 124, in __call__
    response = self.get_response(request)
               ^^^^^^^^^^^^^^^^^^^^^^^^^^
  File "/Users/michaelkatschko/Projects/rettungswache-wachbuch/.venv/lib/python3.12/site-packages/django/core/handlers/base.py", line 142, in get_response
    response = self._middleware_chain(request)
               ^^^^^^^^^^^^^^^^^^^^^^^^^^^^^^^
  File "/Users/michaelkatschko/Projects/rettungswache-wachbuch/.venv/lib/python3.12/site-packages/django/core/handlers/exception.py", line 58, in inner
    response = response_for_exception(request, exc)
               ^^^^^^^^^^^^^^^^^^^^^^^^^^^^^^^^^^^^
  File "/Users/michaelkatschko/Projects/rettungswache-wachbuch/.venv/lib/python3.12/site-packages/django/core/handlers/exception.py", line 142, in response_for_exception
    response = handle_uncaught_exception(
               ^^^^^^^^^^^^^^^^^^^^^^^^^^
  File "/Users/michaelkatschko/Projects/rettungswache-wachbuch/.venv/lib/python3.12/site-packages/django/core/handlers/exception.py", line 187, in handle_uncaught_exception
    return callback(request)
           ^^^^^^^^^^^^^^^^^
  File "/Users/michaelkatschko/Projects/rettungswache-wachbuch/core/views.py", line 162, in server_error
    response = render(
               ^^^^^^^
  File "/Users/michaelkatschko/Projects/rettungswache-wachbuch/.venv/lib/python3.12/site-packages/django/shortcuts.py", line 27, in render
    content = loader.render_to_string(template_name, context, request, using=using)
              ^^^^^^^^^^^^^^^^^^^^^^^^^^^^^^^^^^^^^^^^^^^^^^^^^^^^^^^^^^^^^^^^^^^^^
  File "/Users/michaelkatschko/Projects/rettungswache-wachbuch/.venv/lib/python3.12/site-packages/django/template/loader.py", line 62, in render_to_string
    return template.render(context, request)
           ^^^^^^^^^^^^^^^^^^^^^^^^^^^^^^^^^
  File "/Users/michaelkatschko/Projects/rettungswache-wachbuch/.venv/lib/python3.12/site-packages/django/template/backends/django.py", line 107, in render
    return self.template.render(context)
           ^^^^^^^^^^^^^^^^^^^^^^^^^^^^^
  File "/Users/michaelkatschko/Projects/rettungswache-wachbuch/.venv/lib/python3.12/site-packages/django/template/base.py", line 174, in render
    return self._render(context)
           ^^^^^^^^^^^^^^^^^^^^^
  File "/Users/michaelkatschko/Projects/rettungswache-wachbuch/.venv/lib/python3.12/site-packages/django/template/base.py", line 166, in _render
    return self.nodelist.render(context)
           ^^^^^^^^^^^^^^^^^^^^^^^^^^^^^
  File "/Users/michaelkatschko/Projects/rettungswache-wachbuch/.venv/lib/python3.12/site-packages/django/template/base.py", line 1107, in render
    return SafeString("".join([node.render_annotated(context) for node in self]))
                               ^^^^^^^^^^^^^^^^^^^^^^^^^^^^^^
  File "/Users/michaelkatschko/Projects/rettungswache-wachbuch/.venv/lib/python3.12/site-packages/django/template/base.py", line 1068, in render_annotated
    return self.render(context)
           ^^^^^^^^^^^^^^^^^^^^
  File "/Users/michaelkatschko/Projects/rettungswache-wachbuch/.venv/lib/python3.12/site-packages/django/template/loader_tags.py", line 160, in render
    return compiled_parent._render(context)
           ^^^^^^^^^^^^^^^^^^^^^^^^^^^^^^^^
  File "/Users/michaelkatschko/Projects/rettungswache-wachbuch/.venv/lib/python3.12/site-packages/django/template/base.py", line 166, in _render
    return self.nodelist.render(context)
           ^^^^^^^^^^^^^^^^^^^^^^^^^^^^^
  File "/Users/michaelkatschko/Projects/rettungswache-wachbuch/.venv/lib/python3.12/site-packages/django/template/base.py", line 1107, in render
    return SafeString("".join([node.render_annotated(context) for node in self]))
                               ^^^^^^^^^^^^^^^^^^^^^^^^^^^^^^
  File "/Users/michaelkatschko/Projects/rettungswache-wachbuch/.venv/lib/python3.12/site-packages/django/template/base.py", line 1068, in render_annotated
    return self.render(context)
           ^^^^^^^^^^^^^^^^^^^^
  File "/Users/michaelkatschko/Projects/rettungswache-wachbuch/.venv/lib/python3.12/site-packages/django/templatetags/static.py", line 116, in render
    url = self.url(context)
          ^^^^^^^^^^^^^^^^^
  File "/Users/michaelkatschko/Projects/rettungswache-wachbuch/.venv/lib/python3.12/site-packages/django/templatetags/static.py", line 113, in url
    return self.handle_simple(path)
           ^^^^^^^^^^^^^^^^^^^^^^^^
  File "/Users/michaelkatschko/Projects/rettungswache-wachbuch/.venv/lib/python3.12/site-packages/django/templatetags/static.py", line 129, in handle_simple
    return staticfiles_storage.url(path)
           ^^^^^^^^^^^^^^^^^^^^^^^^^^^^^
  File "/Users/michaelkatschko/Projects/rettungswache-wachbuch/.venv/lib/python3.12/site-packages/django/contrib/staticfiles/storage.py", line 235, in url
    return self._url(self.stored_name, name, force)
           ^^^^^^^^^^^^^^^^^^^^^^^^^^^^^^^^^^^^^^^^
  File "/Users/michaelkatschko/Projects/rettungswache-wachbuch/.venv/lib/python3.12/site-packages/django/contrib/staticfiles/storage.py", line 214, in _url
    hashed_name = hashed_name_func(*args)
                  ^^^^^^^^^^^^^^^^^^^^^^^
  File "/Users/michaelkatschko/Projects/rettungswache-wachbuch/.venv/lib/python3.12/site-packages/django/contrib/staticfiles/storage.py", line 601, in stored_name
    raise ValueError(
ValueError: Missing staticfiles manifest entry for 'core/icons/icon-192.png'
127.0.0.1 - - [13/Aug/2026:09:50:51 +0200] "GET /anmelden/ HTTP/1.1" 500 0 "-" "-"
[2026-08-13 09:51:28 +0200] [58341] [INFO] Handling signal: term
[2026-08-13 09:51:28 +0200] [58344] [INFO] Worker exiting (pid: 58344)
[2026-08-13 09:51:28 +0200] [58345] [INFO] Worker exiting (pid: 58345)
[2026-08-13 09:51:28 +0200] [58341] [INFO] Shutting down: Master
[2026-08-13 09:51:28 +0200] [58533] [INFO] Starting gunicorn 26.0.0
[2026-08-13 09:51:28 +0200] [58533] [INFO] Listening at: http://127.0.0.1:8090 (58533)
[2026-08-13 09:51:28 +0200] [58533] [INFO] Using worker: sync
[2026-08-13 09:51:28 +0200] [58536] [INFO] Booting worker with pid: 58536
[2026-08-13 09:51:28 +0200] [58537] [INFO] Booting worker with pid: 58537
[2026-08-13 09:51:29 +0200] [58533] [INFO] Control socket listening at /Users/michaelkatschko/.gunicorn/gunicorn.ctl
2026-08-13 09:51:29,222 INFO axes.apps AXES: BEGIN version 8.3.1, blocking by combination of username and ip_address
2026-08-13 09:51:29,222 INFO axes.apps AXES: BEGIN version 8.3.1, blocking by combination of username and ip_address
2026-08-13 09:51:32,814 INFO wachbuch.requests request_started method=GET path=/healthz/ correlation_id=ce398182c0bd4665ad6b1edc98373a2f
127.0.0.1 - - [13/Aug/2026:09:51:32 +0200] "GET /healthz/ HTTP/1.1" 200 37 "-" "curl/8.7.1"
2026-08-13 09:51:33,005 INFO wachbuch.requests request_started method=GET path=/anmelden/ correlation_id=9db176d108d342aebc795cfafd8685f8
127.0.0.1 - - [13/Aug/2026:09:51:33 +0200] "GET /anmelden/ HTTP/1.1" 200 4486 "-" "curl/8.7.1"
2026-08-13 09:51:44,050 INFO wachbuch.requests request_started method=GET path=/anmelden/ correlation_id=77cff6b224694210a2dcb61a8efac2d2
127.0.0.1 - - [13/Aug/2026:09:51:44 +0200] "GET /anmelden/ HTTP/1.1" 200 4486 "-" "curl/8.7.1"
2026-08-13 09:51:44,072 INFO wachbuch.requests request_started method=POST path=/anmelden/ correlation_id=6b3fcf37004d47ac844496f411fe7039
2026-08-13 09:51:44,151 INFO axes.handlers.database AXES: Successful login by {username: "********************", ip_address: "********************", user_agent: "curl/8.7.1", path_info: "/anmelden/"}.
2026-08-13 09:51:44,151 INFO axes.handlers.database AXES: Cleaned up 0 expired access attempts from database that were older than 2026-08-13 06:51:44.074127+00:00
2026-08-13 09:51:44,154 INFO axes.handlers.database AXES: Reset 0 access attempts from database.
2026-08-13 09:51:44,154 INFO axes.handlers.database AXES: Deleted 0 failed login attempts by {username: "********************", ip_address: "********************", user_agent: "curl/8.7.1", path_info: "/anmelden/"} from database.
127.0.0.1 - - [13/Aug/2026:09:51:44 +0200] "POST /anmelden/ HTTP/1.1" 302 0 "http://127.0.0.1:8090/anmelden/" "curl/8.7.1"
2026-08-13 09:52:09,835 INFO wachbuch.requests request_started method=GET path=/uebersicht/ correlation_id=768c3516b66947d1a48a511382d14a2e
127.0.0.1 - - [13/Aug/2026:09:52:09 +0200] "GET /uebersicht/ HTTP/1.1" 302 0 "-" "curl/8.7.1"
2026-08-13 09:52:09,864 INFO wachbuch.requests request_started method=GET path=/pinnwand/ correlation_id=1eaf1d0a911b4e67a654880c8380c57c
127.0.0.1 - - [13/Aug/2026:09:52:09 +0200] "GET /pinnwand/ HTTP/1.1" 302 0 "-" "curl/8.7.1"
2026-08-13 09:52:09,884 INFO wachbuch.requests request_started method=GET path=/chat/ correlation_id=a55d1918776d43698be490d30a2cd1ec
127.0.0.1 - - [13/Aug/2026:09:52:09 +0200] "GET /chat/ HTTP/1.1" 302 0 "-" "curl/8.7.1"
2026-08-13 09:52:09,901 INFO wachbuch.requests request_started method=GET path=/uebergaben/ correlation_id=ec40b74f792e43249e6ba523435b2ac6
127.0.0.1 - - [13/Aug/2026:09:52:09 +0200] "GET /uebergaben/ HTTP/1.1" 302 0 "-" "curl/8.7.1"
2026-08-13 09:52:09,918 INFO wachbuch.requests request_started method=GET path=/maengel/ correlation_id=5e414c8655e04d42849d40c86bf6ac14
127.0.0.1 - - [13/Aug/2026:09:52:09 +0200] "GET /maengel/ HTTP/1.1" 302 0 "-" "curl/8.7.1"
2026-08-13 09:52:09,937 INFO wachbuch.requests request_started method=GET path=/team/ correlation_id=75441acfe0064b8ca94197da93e51031
127.0.0.1 - - [13/Aug/2026:09:52:09 +0200] "GET /team/ HTTP/1.1" 302 0 "-" "curl/8.7.1"
2026-08-13 09:52:09,954 INFO wachbuch.requests request_started method=GET path=/django-admin/ correlation_id=462996da7f3c4aac81c82b3dc9ff5d5d
127.0.0.1 - - [13/Aug/2026:09:52:09 +0200] "GET /django-admin/ HTTP/1.1" 200 18274 "-" "curl/8.7.1"
2026-08-13 09:52:09,997 INFO wachbuch.requests request_started method=GET path=/uebersicht/ correlation_id=be0b5ce9d97f422bb74c87d210396b68
127.0.0.1 - - [13/Aug/2026:09:52:10 +0200] "GET /uebersicht/ HTTP/1.1" 302 0 "-" "curl/8.7.1"
2026-08-13 09:53:04,128 INFO wachbuch.requests request_started method=GET path=/uebersicht/ correlation_id=737afaa2b25a4cb0ad5698d5629ea19f
127.0.0.1 - - [13/Aug/2026:09:53:04 +0200] "GET /uebersicht/ HTTP/1.1" 200 9256 "-" "curl/8.7.1"
2026-08-13 09:53:04,168 INFO wachbuch.requests request_started method=GET path=/pinnwand/ correlation_id=1203867f9d28440abbfed5df23216be5
127.0.0.1 - - [13/Aug/2026:09:53:04 +0200] "GET /pinnwand/ HTTP/1.1" 200 6160 "-" "curl/8.7.1"
2026-08-13 09:53:04,194 INFO wachbuch.requests request_started method=GET path=/chat/ correlation_id=cc12dbe3940e432c83648c649f2bc3f7
127.0.0.1 - - [13/Aug/2026:09:53:04 +0200] "GET /chat/ HTTP/1.1" 200 6803 "-" "curl/8.7.1"
2026-08-13 09:53:04,232 INFO wachbuch.requests request_started method=GET path=/uebergaben/ correlation_id=abf17cebdac841eda6dcd00c3caa1b72
127.0.0.1 - - [13/Aug/2026:09:53:04 +0200] "GET /uebergaben/ HTTP/1.1" 200 6383 "-" "curl/8.7.1"
2026-08-13 09:53:04,253 INFO wachbuch.requests request_started method=GET path=/maengel/ correlation_id=dd630c5a22864113a659ff732f37fb37
127.0.0.1 - - [13/Aug/2026:09:53:04 +0200] "GET /maengel/ HTTP/1.1" 200 6479 "-" "curl/8.7.1"
2026-08-13 09:53:04,271 INFO wachbuch.requests request_started method=GET path=/geraete/ correlation_id=a988e96303ae4bf38e03b5eab7807601
127.0.0.1 - - [13/Aug/2026:09:53:04 +0200] "GET /geraete/ HTTP/1.1" 200 7764 "-" "curl/8.7.1"
2026-08-13 09:53:04,289 INFO wachbuch.requests request_started method=GET path=/checklisten/ correlation_id=504dd1b2481645e3abab05f6738455f4
2026-08-13 09:53:04,297 WARNING django.request Not Found: /checklisten/
127.0.0.1 - - [13/Aug/2026:09:53:04 +0200] "GET /checklisten/ HTTP/1.1" 404 6365 "-" "curl/8.7.1"
2026-08-13 09:53:04,308 INFO wachbuch.requests request_started method=GET path=/kalender/ correlation_id=7e9ccfe7391f461ab79449fd8db712c7
127.0.0.1 - - [13/Aug/2026:09:53:04 +0200] "GET /kalender/ HTTP/1.1" 200 11005 "-" "curl/8.7.1"
2026-08-13 09:53:04,326 INFO wachbuch.requests request_started method=GET path=/kaffeekasse/ correlation_id=44941250e452480e941c992259d6d4de
127.0.0.1 - - [13/Aug/2026:09:53:04 +0200] "GET /kaffeekasse/ HTTP/1.1" 200 6656 "-" "curl/8.7.1"
2026-08-13 09:53:04,347 INFO wachbuch.requests request_started method=GET path=/team/ correlation_id=33bdab9349eb486eaeed0b342182b594
127.0.0.1 - - [13/Aug/2026:09:53:04 +0200] "GET /team/ HTTP/1.1" 200 6427 "-" "curl/8.7.1"
2026-08-13 09:53:04,379 INFO wachbuch.requests request_started method=GET path=/audit/ correlation_id=64937c39b95f40559aa8c404e9c2097b
127.0.0.1 - - [13/Aug/2026:09:53:04 +0200] "GET /audit/ HTTP/1.1" 200 6363 "-" "curl/8.7.1"
2026-08-13 09:53:20,237 INFO wachbuch.requests request_started method=GET path=/checklisten/ correlation_id=32c7539504a8407b94a37fc00bddd954
127.0.0.1 - - [13/Aug/2026:09:53:20 +0200] "GET /checklisten/ HTTP/1.1" 200 6081 "-" "curl/8.7.1"
2026-08-13 09:53:41,655 INFO wachbuch.requests request_started method=GET path=/api/v1/me/ correlation_id=afa7c50aae7f4678b537f644f0dffb04
127.0.0.1 - - [13/Aug/2026:09:53:41 +0200] "GET /api/v1/me/ HTTP/1.1" 200 804 "-" "curl/8.7.1"
2026-08-13 09:53:41,680 INFO wachbuch.requests request_started method=GET path=/api/v1/uebersicht/ correlation_id=26650857ea0d4ee8bfda8e6fa51de4f0
127.0.0.1 - - [13/Aug/2026:09:53:41 +0200] "GET /api/v1/uebersicht/ HTTP/1.1" 200 553 "-" "curl/8.7.1"
2026-08-13 09:53:41,706 INFO wachbuch.requests request_started method=GET path=/api/v1/uebergaben/ correlation_id=ddb27905a0c74572825568d260e74966
127.0.0.1 - - [13/Aug/2026:09:53:41 +0200] "GET /api/v1/uebergaben/ HTTP/1.1" 200 92 "-" "curl/8.7.1"
2026-08-13 09:53:41,727 INFO wachbuch.requests request_started method=GET path=/api/v1/kalender/ correlation_id=5871fc073f1946549a52694156960e74
127.0.0.1 - - [13/Aug/2026:09:53:41 +0200] "GET /api/v1/kalender/ HTTP/1.1" 200 27 "-" "curl/8.7.1"
2026-08-13 09:53:41,753 INFO wachbuch.requests request_started method=GET path=/api/v1/pinnwand/ correlation_id=cd9698d21ab74737b05b490093d11465
127.0.0.1 - - [13/Aug/2026:09:53:41 +0200] "GET /api/v1/pinnwand/ HTTP/1.1" 200 60 "-" "curl/8.7.1"
2026-08-13 09:53:41,774 INFO wachbuch.requests request_started method=GET path=/api/v1/chat// correlation_id=a77347f30b1c43b7885e86fa4b7fca19
2026-08-13 09:53:41,777 WARNING django.request Not Found: /api/v1/chat//
127.0.0.1 - - [13/Aug/2026:09:53:41 +0200] "GET /api/v1/chat// HTTP/1.1" 404 129 "-" "curl/8.7.1"
2026-08-13 09:53:41,791 INFO wachbuch.requests request_started method=GET path=/api/v1/status/ correlation_id=625381e6aa8449e2bcd16684c822cbe3
127.0.0.1 - - [13/Aug/2026:09:53:41 +0200] "GET /api/v1/status/ HTTP/1.1" 200 150 "-" "curl/8.7.1"
2026-08-13 09:53:41,810 INFO wachbuch.requests request_started method=GET path=/api/v1/me/ correlation_id=0ee81ea5b18a4f7482913763ab5e40e4
127.0.0.1 - - [13/Aug/2026:09:53:41 +0200] "GET /api/v1/me/ HTTP/1.1" 200 804 "-" "curl/8.7.1"
2026-08-13 09:53:50,874 INFO wachbuch.requests request_started method=GET path=/api/v1/chat/ correlation_id=6cae1579e7a04ead9373ab3a9d6316cd
127.0.0.1 - - [13/Aug/2026:09:53:50 +0200] "GET /api/v1/chat/ HTTP/1.1" 200 48 "-" "curl/8.7.1"
2026-08-13 09:53:50,907 INFO wachbuch.requests request_started method=GET path=/api/v1/chat/identity/ correlation_id=8376a25803754da2b38fe6c41ed1005a
127.0.0.1 - - [13/Aug/2026:09:53:50 +0200] "GET /api/v1/chat/identity/ HTTP/1.1" 200 33 "-" "curl/8.7.1"
2026-08-13 09:53:50,931 INFO wachbuch.requests request_started method=GET path=/api/v1/chat/keys/ correlation_id=08dd08928e30462093f63d05774cd5e8
127.0.0.1 - - [13/Aug/2026:09:53:50 +0200] "GET /api/v1/chat/keys/ HTTP/1.1" 200 100 "-" "curl/8.7.1"
2026-08-13 09:53:50,954 INFO wachbuch.requests request_started method=GET path=/api/v1/post/ correlation_id=98538d7f8a6b42e2aad88abf2e88022d
127.0.0.1 - - [13/Aug/2026:09:53:50 +0200] "GET /api/v1/post/ HTTP/1.1" 200 58 "-" "curl/8.7.1"
2026-08-13 09:58:44,690 INFO wachbuch.requests request_started method=GET path=/ correlation_id=c82c6671a493413b9d82993afc91c29a
127.0.0.1 - - [13/Aug/2026:09:58:44 +0200] "GET / HTTP/1.1" 200 4980 "-" "Mozilla/5.0 (Macintosh; Intel Mac OS X 10.15; rv:153.0) Gecko/20100101 Firefox/153.0"
127.0.0.1 - - [13/Aug/2026:09:58:44 +0200] "GET /static/core/app.eb542da7c9c9.css HTTP/1.1" 200 0 "http://127.0.0.1:8090/" "Mozilla/5.0 (Macintosh; Intel Mac OS X 10.15; rv:153.0) Gecko/20100101 Firefox/153.0"
127.0.0.1 - - [13/Aug/2026:09:58:44 +0200] "GET /static/core/accessibility.02da0f67358e.css HTTP/1.1" 200 0 "http://127.0.0.1:8090/" "Mozilla/5.0 (Macintosh; Intel Mac OS X 10.15; rv:153.0) Gecko/20100101 Firefox/153.0"
127.0.0.1 - - [13/Aug/2026:09:58:44 +0200] "GET /static/core/crypto_unlock.6083fcda32da.css HTTP/1.1" 200 0 "http://127.0.0.1:8090/" "Mozilla/5.0 (Macintosh; Intel Mac OS X 10.15; rv:153.0) Gecko/20100101 Firefox/153.0"
127.0.0.1 - - [13/Aug/2026:09:58:44 +0200] "GET /static/core/json_data.bc2aefaca34b.js HTTP/1.1" 200 0 "http://127.0.0.1:8090/" "Mozilla/5.0 (Macintosh; Intel Mac OS X 10.15; rv:153.0) Gecko/20100101 Firefox/153.0"
127.0.0.1 - - [13/Aug/2026:09:58:44 +0200] "GET /static/core/app.27a8f698a3be.js HTTP/1.1" 200 0 "http://127.0.0.1:8090/" "Mozilla/5.0 (Macintosh; Intel Mac OS X 10.15; rv:153.0) Gecko/20100101 Firefox/153.0"
127.0.0.1 - - [13/Aug/2026:09:58:44 +0200] "GET /static/core/crypto_unlock.3689235e4872.js HTTP/1.1" 200 0 "http://127.0.0.1:8090/" "Mozilla/5.0 (Macintosh; Intel Mac OS X 10.15; rv:153.0) Gecko/20100101 Firefox/153.0"
127.0.0.1 - - [13/Aug/2026:09:58:44 +0200] "GET /static/core/fonts/SourceSans3-Regular.2bbd402483a1.woff2 HTTP/1.1" 200 0 "http://127.0.0.1:8090/static/core/app.eb542da7c9c9.css" "Mozilla/5.0 (Macintosh; Intel Mac OS X 10.15; rv:153.0) Gecko/20100101 Firefox/153.0"
127.0.0.1 - - [13/Aug/2026:09:58:44 +0200] "GET /static/core/fonts/SourceSans3-Semibold.b1104bf9708a.woff2 HTTP/1.1" 200 0 "http://127.0.0.1:8090/static/core/app.eb542da7c9c9.css" "Mozilla/5.0 (Macintosh; Intel Mac OS X 10.15; rv:153.0) Gecko/20100101 Firefox/153.0"
127.0.0.1 - - [13/Aug/2026:09:58:44 +0200] "GET /static/core/fonts/SourceSans3-Bold.1d14517aa447.woff2 HTTP/1.1" 200 0 "http://127.0.0.1:8090/static/core/app.eb542da7c9c9.css" "Mozilla/5.0 (Macintosh; Intel Mac OS X 10.15; rv:153.0) Gecko/20100101 Firefox/153.0"
127.0.0.1 - - [13/Aug/2026:09:58:44 +0200] "GET /static/core/icons/icon-192.beae330fd004.png HTTP/1.1" 200 0 "http://127.0.0.1:8090/" "Mozilla/5.0 (Macintosh; Intel Mac OS X 10.15; rv:153.0) Gecko/20100101 Firefox/153.0"
2026-08-13 09:58:44,818 INFO wachbuch.requests request_started method=GET path=/service-worker.js correlation_id=c79068a98b0e47feae3ae78c808f52a4
127.0.0.1 - - [13/Aug/2026:09:58:44 +0200] "GET /service-worker.js HTTP/1.1" 200 3847 "-" "Mozilla/5.0 (Macintosh; Intel Mac OS X 10.15; rv:153.0) Gecko/20100101 Firefox/153.0"
127.0.0.1 - - [13/Aug/2026:09:58:44 +0200] "GET /static/core/icons/icon-512.0768c312089b.png HTTP/1.1" 200 0 "http://127.0.0.1:8090/service-worker.js" "Mozilla/5.0 (Macintosh; Intel Mac OS X 10.15; rv:153.0) Gecko/20100101 Firefox/153.0"
2026-08-13 09:58:44,874 INFO wachbuch.requests request_started method=GET path=/offline/ correlation_id=f775fe9f7ba04847ae3a27614f2e960a
127.0.0.1 - - [13/Aug/2026:09:58:44 +0200] "GET /offline/ HTTP/1.1" 200 4105 "http://127.0.0.1:8090/service-worker.js" "Mozilla/5.0 (Macintosh; Intel Mac OS X 10.15; rv:153.0) Gecko/20100101 Firefox/153.0"
2026-08-13 09:58:55,891 INFO wachbuch.requests request_started method=GET path=/datenschutz/ correlation_id=1989b28d461c4b0db74be32110b36783
127.0.0.1 - - [13/Aug/2026:09:58:55 +0200] "GET /datenschutz/ HTTP/1.1" 200 9681 "http://127.0.0.1:8090/" "Mozilla/5.0 (Macintosh; Intel Mac OS X 10.15; rv:153.0) Gecko/20100101 Firefox/153.0"
2026-08-13 09:58:56,970 INFO wachbuch.requests request_started method=GET path=/service-worker.js correlation_id=b77efae9911047eda3cf75aa8bb9d137
127.0.0.1 - - [13/Aug/2026:09:58:56 +0200] "GET /service-worker.js HTTP/1.1" 200 3847 "-" "Mozilla/5.0 (Macintosh; Intel Mac OS X 10.15; rv:153.0) Gecko/20100101 Firefox/153.0"
2026-08-13 09:58:57,151 INFO wachbuch.requests request_started method=GET path=/favicon.ico correlation_id=3a96dca95ccd481d89c0b15ee381fc43
2026-08-13 09:58:57,155 WARNING django.request Not Found: /favicon.ico
127.0.0.1 - - [13/Aug/2026:09:58:57 +0200] "GET /favicon.ico HTTP/1.1" 404 4116 "http://127.0.0.1:8090/" "Mozilla/5.0 (Macintosh; Intel Mac OS X 10.15; rv:153.0) Gecko/20100101 Firefox/153.0"
2026-08-13 09:59:00,500 INFO wachbuch.requests request_started method=GET path=/anmelden/ correlation_id=35abd9668e684c5a96e39e71d6001c4e
127.0.0.1 - - [13/Aug/2026:09:59:00 +0200] "GET /anmelden/ HTTP/1.1" 200 4486 "http://127.0.0.1:8090/" "Mozilla/5.0 (Macintosh; Intel Mac OS X 10.15; rv:153.0) Gecko/20100101 Firefox/153.0"
2026-08-13 09:59:01,579 INFO wachbuch.requests request_started method=GET path=/service-worker.js correlation_id=e25ebf2d160e439eb7327afa5a43c1cc
127.0.0.1 - - [13/Aug/2026:09:59:01 +0200] "GET /service-worker.js HTTP/1.1" 200 3847 "-" "Mozilla/5.0 (Macintosh; Intel Mac OS X 10.15; rv:153.0) Gecko/20100101 Firefox/153.0"
2026-08-13 09:59:19,747 INFO wachbuch.requests request_started method=GET path=/ correlation_id=1ff9bd801b6048b68fb13d0b11395f97
127.0.0.1 - - [13/Aug/2026:09:59:19 +0200] "GET / HTTP/1.1" 200 4980 "http://127.0.0.1:8090/anmelden/" "Mozilla/5.0 (Macintosh; Intel Mac OS X 10.15; rv:153.0) Gecko/20100101 Firefox/153.0"
2026-08-13 09:59:20,767 INFO wachbuch.requests request_started method=GET path=/service-worker.js correlation_id=d3d38927c9f54742bca448960a51d61f
127.0.0.1 - - [13/Aug/2026:09:59:20 +0200] "GET /service-worker.js HTTP/1.1" 200 3847 "-" "Mozilla/5.0 (Macintosh; Intel Mac OS X 10.15; rv:153.0) Gecko/20100101 Firefox/153.0"
2026-08-13 10:00:03,682 INFO wachbuch.requests request_started method=GET path=/anmelden/ correlation_id=a12125471776425ba2a0d45272acbcbe
127.0.0.1 - - [13/Aug/2026:10:00:03 +0200] "GET /anmelden/ HTTP/1.1" 200 4486 "http://127.0.0.1:8090/" "Mozilla/5.0 (Macintosh; Intel Mac OS X 10.15; rv:153.0) Gecko/20100101 Firefox/153.0"
2026-08-13 10:00:04,784 INFO wachbuch.requests request_started method=GET path=/service-worker.js correlation_id=b69172dc92274041b825ecd52b908c3d
127.0.0.1 - - [13/Aug/2026:10:00:04 +0200] "GET /service-worker.js HTTP/1.1" 200 3847 "-" "Mozilla/5.0 (Macintosh; Intel Mac OS X 10.15; rv:153.0) Gecko/20100101 Firefox/153.0"
2026-08-13 10:00:12,718 INFO wachbuch.requests request_started method=POST path=/anmelden/ correlation_id=32a29d424875423b8c40d4c0810fe726
2026-08-13 10:00:12,794 INFO axes.handlers.database AXES: User login failed, running database handler for failure.
2026-08-13 10:00:12,795 INFO axes.handlers.database AXES: Cleaned up 0 expired access attempts from database that were older than 2026-08-13 07:00:12.719930+00:00
2026-08-13 10:00:12,798 WARNING axes.handlers.database AXES: New login failure by {username: "********************", ip_address: "********************", user_agent: "Mozilla/5.0 (Macintosh; Intel Mac OS X 10.15; rv:153.0) Gecko/20100101 Firefox/153.0", path_info: "/anmelden/"}. Created new record in the database.
127.0.0.1 - - [13/Aug/2026:10:00:12 +0200] "POST /anmelden/ HTTP/1.1" 200 4809 "http://127.0.0.1:8090/anmelden/" "Mozilla/5.0 (Macintosh; Intel Mac OS X 10.15; rv:153.0) Gecko/20100101 Firefox/153.0"
2026-08-13 10:00:13,813 INFO wachbuch.requests request_started method=GET path=/service-worker.js correlation_id=bd46261bad654bbbbd01c670a71e766a
127.0.0.1 - - [13/Aug/2026:10:00:13 +0200] "GET /service-worker.js HTTP/1.1" 200 3847 "-" "Mozilla/5.0 (Macintosh; Intel Mac OS X 10.15; rv:153.0) Gecko/20100101 Firefox/153.0"
2026-08-13 10:00:16,273 INFO wachbuch.requests request_started method=GET path=/ correlation_id=be5e638f494b4c27bf9f5c8f0c5466a0
127.0.0.1 - - [13/Aug/2026:10:00:16 +0200] "GET / HTTP/1.1" 200 4980 "http://127.0.0.1:8090/anmelden/" "Mozilla/5.0 (Macintosh; Intel Mac OS X 10.15; rv:153.0) Gecko/20100101 Firefox/153.0"
2026-08-13 10:00:17,332 INFO wachbuch.requests request_started method=GET path=/service-worker.js correlation_id=703e8dbf43bf47268221fc4fec4e033b
127.0.0.1 - - [13/Aug/2026:10:00:17 +0200] "GET /service-worker.js HTTP/1.1" 200 3847 "-" "Mozilla/5.0 (Macintosh; Intel Mac OS X 10.15; rv:153.0) Gecko/20100101 Firefox/153.0"
2026-08-13 10:00:47,524 INFO wachbuch.requests request_started method=GET path=/ correlation_id=18ac8895f12c4abb8953030a6001dba4
127.0.0.1 - - [13/Aug/2026:10:00:47 +0200] "GET / HTTP/1.1" 200 4980 "-" "curl/8.7.1"
2026-08-13 10:01:20,495 INFO wachbuch.requests request_started method=GET path=/ correlation_id=18b5722f16e24e6699e01cbb7dbdf77d
127.0.0.1 - - [13/Aug/2026:10:01:20 +0200] "GET / HTTP/1.1" 200 4980 "http://127.0.0.1:8090/" "Mozilla/5.0 (Macintosh; Intel Mac OS X 10.15; rv:153.0) Gecko/20100101 Firefox/153.0"
2026-08-13 10:01:21,568 INFO wachbuch.requests request_started method=GET path=/service-worker.js correlation_id=e2363eead73f4c939b40e834ab0497b6
127.0.0.1 - - [13/Aug/2026:10:01:21 +0200] "GET /service-worker.js HTTP/1.1" 200 3847 "-" "Mozilla/5.0 (Macintosh; Intel Mac OS X 10.15; rv:153.0) Gecko/20100101 Firefox/153.0"
2026-08-13 10:02:35,947 INFO wachbuch.requests request_started method=GET path=/ correlation_id=f09c580e3d794868ad84ab2c237ef927
127.0.0.1 - - [13/Aug/2026:10:02:36 +0200] "GET / HTTP/1.1" 200 4980 "-" "Mozilla/5.0 (Macintosh; Intel Mac OS X 10_15_7) AppleWebKit/537.36 (KHTML, like Gecko) Chrome/151.0.0.0 Safari/537.36"
127.0.0.1 - - [13/Aug/2026:10:02:36 +0200] "GET /static/core/app.eb542da7c9c9.css HTTP/1.1" 200 0 "http://127.0.0.1:8090/" "Mozilla/5.0 (Macintosh; Intel Mac OS X 10_15_7) AppleWebKit/537.36 (KHTML, like Gecko) Chrome/151.0.0.0 Safari/537.36"
127.0.0.1 - - [13/Aug/2026:10:02:36 +0200] "GET /static/core/accessibility.02da0f67358e.css HTTP/1.1" 200 0 "http://127.0.0.1:8090/" "Mozilla/5.0 (Macintosh; Intel Mac OS X 10_15_7) AppleWebKit/537.36 (KHTML, like Gecko) Chrome/151.0.0.0 Safari/537.36"
127.0.0.1 - - [13/Aug/2026:10:02:36 +0200] "GET /static/core/crypto_unlock.6083fcda32da.css HTTP/1.1" 200 0 "http://127.0.0.1:8090/" "Mozilla/5.0 (Macintosh; Intel Mac OS X 10_15_7) AppleWebKit/537.36 (KHTML, like Gecko) Chrome/151.0.0.0 Safari/537.36"
127.0.0.1 - - [13/Aug/2026:10:02:36 +0200] "GET /static/core/crypto_unlock.3689235e4872.js HTTP/1.1" 200 0 "http://127.0.0.1:8090/" "Mozilla/5.0 (Macintosh; Intel Mac OS X 10_15_7) AppleWebKit/537.36 (KHTML, like Gecko) Chrome/151.0.0.0 Safari/537.36"
127.0.0.1 - - [13/Aug/2026:10:02:36 +0200] "GET /static/core/json_data.bc2aefaca34b.js HTTP/1.1" 200 0 "http://127.0.0.1:8090/" "Mozilla/5.0 (Macintosh; Intel Mac OS X 10_15_7) AppleWebKit/537.36 (KHTML, like Gecko) Chrome/151.0.0.0 Safari/537.36"
2026-08-13 10:02:36,115 INFO wachbuch.requests request_started method=GET path=/manifest.webmanifest correlation_id=1357a004df83452c934ff9169b4e42e9
127.0.0.1 - - [13/Aug/2026:10:02:36 +0200] "GET /static/core/app.27a8f698a3be.js HTTP/1.1" 200 0 "http://127.0.0.1:8090/" "Mozilla/5.0 (Macintosh; Intel Mac OS X 10_15_7) AppleWebKit/537.36 (KHTML, like Gecko) Chrome/151.0.0.0 Safari/537.36"
127.0.0.1 - - [13/Aug/2026:10:02:36 +0200] "GET /manifest.webmanifest HTTP/1.1" 200 1144 "http://127.0.0.1:8090/" "Mozilla/5.0 (Macintosh; Intel Mac OS X 10_15_7) AppleWebKit/537.36 (KHTML, like Gecko) Chrome/151.0.0.0 Safari/537.36"
127.0.0.1 - - [13/Aug/2026:10:02:36 +0200] "GET /static/core/fonts/SourceSans3-Regular.2bbd402483a1.woff2 HTTP/1.1" 200 0 "http://127.0.0.1:8090/static/core/app.eb542da7c9c9.css" "Mozilla/5.0 (Macintosh; Intel Mac OS X 10_15_7) AppleWebKit/537.36 (KHTML, like Gecko) Chrome/151.0.0.0 Safari/537.36"
127.0.0.1 - - [13/Aug/2026:10:02:36 +0200] "GET /static/core/fonts/SourceSans3-Semibold.b1104bf9708a.woff2 HTTP/1.1" 200 0 "http://127.0.0.1:8090/static/core/app.eb542da7c9c9.css" "Mozilla/5.0 (Macintosh; Intel Mac OS X 10_15_7) AppleWebKit/537.36 (KHTML, like Gecko) Chrome/151.0.0.0 Safari/537.36"
127.0.0.1 - - [13/Aug/2026:10:02:36 +0200] "GET /static/core/fonts/SourceSans3-Bold.1d14517aa447.woff2 HTTP/1.1" 200 0 "http://127.0.0.1:8090/static/core/app.eb542da7c9c9.css" "Mozilla/5.0 (Macintosh; Intel Mac OS X 10_15_7) AppleWebKit/537.36 (KHTML, like Gecko) Chrome/151.0.0.0 Safari/537.36"
127.0.0.1 - - [13/Aug/2026:10:02:36 +0200] "GET /static/core/icons/icon-192.beae330fd004.png HTTP/1.1" 200 0 "http://127.0.0.1:8090/" "Mozilla/5.0 (Macintosh; Intel Mac OS X 10_15_7) AppleWebKit/537.36 (KHTML, like Gecko) Chrome/151.0.0.0 Safari/537.36"
2026-08-13 10:02:36,213 INFO wachbuch.requests request_started method=GET path=/service-worker.js correlation_id=5e65aa3ddfd84d01acfccfad823314ff
127.0.0.1 - - [13/Aug/2026:10:02:36 +0200] "GET /service-worker.js HTTP/1.1" 200 3847 "http://127.0.0.1:8090/" "Mozilla/5.0 (Macintosh; Intel Mac OS X 10_15_7) AppleWebKit/537.36 (KHTML, like Gecko) Chrome/151.0.0.0 Safari/537.36"
127.0.0.1 - - [13/Aug/2026:10:02:36 +0200] "GET /static/core/icons/icon-512.0768c312089b.png HTTP/1.1" 200 0 "http://127.0.0.1:8090/service-worker.js" "Mozilla/5.0 (Macintosh; Intel Mac OS X 10_15_7) AppleWebKit/537.36 (KHTML, like Gecko) Chrome/151.0.0.0 Safari/537.36"
2026-08-13 10:02:36,265 INFO wachbuch.requests request_started method=GET path=/offline/ correlation_id=25ac7bdc9a0b42f8b301018d20b37e4e
127.0.0.1 - - [13/Aug/2026:10:02:36 +0200] "GET /offline/ HTTP/1.1" 200 4105 "http://127.0.0.1:8090/service-worker.js" "Mozilla/5.0 (Macintosh; Intel Mac OS X 10_15_7) AppleWebKit/537.36 (KHTML, like Gecko) Chrome/151.0.0.0 Safari/537.36"
127.0.0.1 - - [13/Aug/2026:10:03:18 +0200] "GET /static/core/app.eb542da7c9c9.css HTTP/1.1" 200 0 "-" "curl/8.7.1"
127.0.0.1 - - [13/Aug/2026:10:03:18 +0200] "GET /static/core/app.eb542da7c9c9.css HTTP/1.1" 200 0 "-" "curl/8.7.1"
2026-08-13 10:03:33,456 INFO wachbuch.requests request_started method=GET path=/datenschutz/ correlation_id=3bcbb0a5567140f1845f1f4e881c1ef0
127.0.0.1 - - [13/Aug/2026:10:03:33 +0200] "GET /datenschutz/ HTTP/1.1" 200 9681 "http://127.0.0.1:8090/" "Mozilla/5.0 (Macintosh; Intel Mac OS X 10_15_7) AppleWebKit/537.36 (KHTML, like Gecko) Chrome/151.0.0.0 Safari/537.36"
2026-08-13 10:03:33,494 INFO wachbuch.requests request_started method=GET path=/manifest.webmanifest correlation_id=32da6dc15a914542af8ba7b6ca55634a
127.0.0.1 - - [13/Aug/2026:10:03:33 +0200] "GET /manifest.webmanifest HTTP/1.1" 200 1144 "http://127.0.0.1:8090/datenschutz/" "Mozilla/5.0 (Macintosh; Intel Mac OS X 10_15_7) AppleWebKit/537.36 (KHTML, like Gecko) Chrome/151.0.0.0 Safari/537.36"
2026-08-13 10:03:35,021 INFO wachbuch.requests request_started method=GET path=/service-worker.js correlation_id=3b028f32c42c4de4923194e82f34cc18
127.0.0.1 - - [13/Aug/2026:10:03:35 +0200] "GET /service-worker.js HTTP/1.1" 200 3847 "http://127.0.0.1:8090/service-worker.js" "Mozilla/5.0 (Macintosh; Intel Mac OS X 10_15_7) AppleWebKit/537.36 (KHTML, like Gecko) Chrome/151.0.0.0 Safari/537.36"
2026-08-13 10:03:39,811 INFO wachbuch.requests request_started method=GET path=/ correlation_id=a9e55e0af759453c9dfceb4b3346c8c4
127.0.0.1 - - [13/Aug/2026:10:03:39 +0200] "GET / HTTP/1.1" 200 4980 "http://127.0.0.1:8090/datenschutz/" "Mozilla/5.0 (Macintosh; Intel Mac OS X 10_15_7) AppleWebKit/537.36 (KHTML, like Gecko) Chrome/151.0.0.0 Safari/537.36"
2026-08-13 10:03:39,841 INFO wachbuch.requests request_started method=GET path=/manifest.webmanifest correlation_id=3a5ea7a8ef2e48b58e2a8131708e266b
127.0.0.1 - - [13/Aug/2026:10:03:39 +0200] "GET /manifest.webmanifest HTTP/1.1" 200 1144 "http://127.0.0.1:8090/" "Mozilla/5.0 (Macintosh; Intel Mac OS X 10_15_7) AppleWebKit/537.36 (KHTML, like Gecko) Chrome/151.0.0.0 Safari/537.36"
2026-08-13 10:03:41,360 INFO wachbuch.requests request_started method=GET path=/service-worker.js correlation_id=c910070c42064bad84f75efa2ed561a4
127.0.0.1 - - [13/Aug/2026:10:03:41 +0200] "GET /service-worker.js HTTP/1.1" 200 3847 "http://127.0.0.1:8090/service-worker.js" "Mozilla/5.0 (Macintosh; Intel Mac OS X 10_15_7) AppleWebKit/537.36 (KHTML, like Gecko) Chrome/151.0.0.0 Safari/537.36"
[2026-08-13 10:06:37 +0200] [58533] [INFO] Handling signal: term
[2026-08-13 10:06:37 +0200] [58536] [INFO] Worker exiting (pid: 58536)
[2026-08-13 10:06:37 +0200] [58537] [INFO] Worker exiting (pid: 58537)
[2026-08-13 10:06:37 +0200] [58533] [INFO] Shutting down: Master
[2026-08-13 10:06:37 +0200] [59092] [INFO] Starting gunicorn 26.0.0
[2026-08-13 10:06:37 +0200] [59092] [INFO] Listening at: http://127.0.0.1:8090 (59092)
[2026-08-13 10:06:37 +0200] [59092] [INFO] Using worker: sync
[2026-08-13 10:06:37 +0200] [59095] [INFO] Booting worker with pid: 59095
[2026-08-13 10:06:37 +0200] [59097] [INFO] Booting worker with pid: 59097
2026-08-13 10:06:37,733 INFO axes.apps AXES: BEGIN version 8.3.1, blocking by combination of username and ip_address
[2026-08-13 10:06:37 +0200] [59092] [INFO] Control socket listening at /Users/michaelkatschko/.gunicorn/gunicorn.ctl
2026-08-13 10:06:37,816 INFO axes.apps AXES: BEGIN version 8.3.1, blocking by combination of username and ip_address
2026-08-13 10:06:41,523 INFO wachbuch.requests request_started method=GET path=/healthz/ correlation_id=e2ea360a47a8424c91acbbe0f06b68ab
127.0.0.1 - - [13/Aug/2026:10:06:41 +0200] "GET /healthz/ HTTP/1.1" 200 37 "-" "curl/8.7.1"
2026-08-13 10:06:46,804 INFO wachbuch.requests request_started method=GET path=/ correlation_id=b72ee68bbbc34e22be6a5c4656008180
127.0.0.1 - - [13/Aug/2026:10:06:46 +0200] "GET / HTTP/1.1" 200 5789 "-" "Mozilla/5.0 (Macintosh; Intel Mac OS X 10_15_7) AppleWebKit/537.36 (KHTML, like Gecko) Chrome/151.0.0.0 Safari/537.36"
127.0.0.1 - - [13/Aug/2026:10:06:46 +0200] "GET /static/core/app.037506cce936.css HTTP/1.1" 200 0 "http://127.0.0.1:8090/" "Mozilla/5.0 (Macintosh; Intel Mac OS X 10_15_7) AppleWebKit/537.36 (KHTML, like Gecko) Chrome/151.0.0.0 Safari/537.36"
2026-08-13 10:06:46,862 INFO wachbuch.requests request_started method=GET path=/manifest.webmanifest correlation_id=876b2f8ac90a4cee9a251c4300d88b25
127.0.0.1 - - [13/Aug/2026:10:06:46 +0200] "GET /manifest.webmanifest HTTP/1.1" 200 1144 "http://127.0.0.1:8090/" "Mozilla/5.0 (Macintosh; Intel Mac OS X 10_15_7) AppleWebKit/537.36 (KHTML, like Gecko) Chrome/151.0.0.0 Safari/537.36"
2026-08-13 10:06:48,393 INFO wachbuch.requests request_started method=GET path=/service-worker.js correlation_id=6d476bcaf3544879aeaef167b3703da2
127.0.0.1 - - [13/Aug/2026:10:06:48 +0200] "GET /service-worker.js HTTP/1.1" 200 3847 "http://127.0.0.1:8090/service-worker.js" "Mozilla/5.0 (Macintosh; Intel Mac OS X 10_15_7) AppleWebKit/537.36 (KHTML, like Gecko) Chrome/151.0.0.0 Safari/537.36"
2026-08-13 10:06:48,406 INFO wachbuch.requests request_started method=GET path=/offline/ correlation_id=e4025254afa6414a845de57b8a67783f
127.0.0.1 - - [13/Aug/2026:10:06:48 +0200] "GET /offline/ HTTP/1.1" 200 4210 "http://127.0.0.1:8090/service-worker.js" "Mozilla/5.0 (Macintosh; Intel Mac OS X 10_15_7) AppleWebKit/537.36 (KHTML, like Gecko) Chrome/151.0.0.0 Safari/537.36"
[2026-08-13 10:07:57 +0200] [59092] [INFO] Handling signal: term
[2026-08-13 10:07:57 +0200] [59095] [INFO] Worker exiting (pid: 59095)
[2026-08-13 10:07:57 +0200] [59097] [INFO] Worker exiting (pid: 59097)
[2026-08-13 10:07:57 +0200] [59092] [INFO] Shutting down: Master
[2026-08-13 10:07:57 +0200] [59149] [INFO] Starting gunicorn 26.0.0
[2026-08-13 10:07:57 +0200] [59149] [INFO] Listening at: http://127.0.0.1:8090 (59149)
[2026-08-13 10:07:57 +0200] [59149] [INFO] Using worker: sync
[2026-08-13 10:07:57 +0200] [59152] [INFO] Booting worker with pid: 59152
[2026-08-13 10:07:57 +0200] [59153] [INFO] Booting worker with pid: 59153
2026-08-13 10:07:57,481 INFO axes.apps AXES: BEGIN version 8.3.1, blocking by combination of username and ip_address
[2026-08-13 10:07:57 +0200] [59149] [INFO] Control socket listening at /Users/michaelkatschko/.gunicorn/gunicorn.ctl
2026-08-13 10:07:57,538 INFO axes.apps AXES: BEGIN version 8.3.1, blocking by combination of username and ip_address
2026-08-13 10:08:01,292 INFO wachbuch.requests request_started method=GET path=/healthz/ correlation_id=5bd81ed5874345c7aa29e742a5c739d2
127.0.0.1 - - [13/Aug/2026:10:08:01 +0200] "GET /healthz/ HTTP/1.1" 200 37 "-" "curl/8.7.1"
2026-08-13 10:08:06,257 INFO wachbuch.requests request_started method=GET path=/ correlation_id=9dd723e380fb4d68b9c17a636b83956b
127.0.0.1 - - [13/Aug/2026:10:08:06 +0200] "GET / HTTP/1.1" 200 5789 "-" "Mozilla/5.0 (Macintosh; Intel Mac OS X 10_15_7) AppleWebKit/537.36 (KHTML, like Gecko) Chrome/151.0.0.0 Safari/537.36"
2026-08-13 10:08:06,300 INFO wachbuch.requests request_started method=GET path=/manifest.webmanifest correlation_id=a8ef8e9403c443e5ada233e9ff417edd
127.0.0.1 - - [13/Aug/2026:10:08:06 +0200] "GET /static/core/app.782f3dcd8f80.css HTTP/1.1" 200 0 "http://127.0.0.1:8090/" "Mozilla/5.0 (Macintosh; Intel Mac OS X 10_15_7) AppleWebKit/537.36 (KHTML, like Gecko) Chrome/151.0.0.0 Safari/537.36"
127.0.0.1 - - [13/Aug/2026:10:08:06 +0200] "GET /manifest.webmanifest HTTP/1.1" 200 1144 "http://127.0.0.1:8090/" "Mozilla/5.0 (Macintosh; Intel Mac OS X 10_15_7) AppleWebKit/537.36 (KHTML, like Gecko) Chrome/151.0.0.0 Safari/537.36"
2026-08-13 10:08:07,844 INFO wachbuch.requests request_started method=GET path=/service-worker.js correlation_id=6f0fc0c6902a4c36a8098e799124cac8
127.0.0.1 - - [13/Aug/2026:10:08:07 +0200] "GET /service-worker.js HTTP/1.1" 200 3847 "http://127.0.0.1:8090/service-worker.js" "Mozilla/5.0 (Macintosh; Intel Mac OS X 10_15_7) AppleWebKit/537.36 (KHTML, like Gecko) Chrome/151.0.0.0 Safari/537.36"
2026-08-13 10:08:07,859 INFO wachbuch.requests request_started method=GET path=/offline/ correlation_id=856e6903321c4d758e15ef63569e8e12
127.0.0.1 - - [13/Aug/2026:10:08:07 +0200] "GET /offline/ HTTP/1.1" 200 4210 "http://127.0.0.1:8090/service-worker.js" "Mozilla/5.0 (Macintosh; Intel Mac OS X 10_15_7) AppleWebKit/537.36 (KHTML, like Gecko) Chrome/151.0.0.0 Safari/537.36"
2026-08-13 10:08:08,877 INFO wachbuch.requests request_started method=GET path=/anmelden/ correlation_id=df605059817243b7a1f04b88a06d3d29
127.0.0.1 - - [13/Aug/2026:10:08:08 +0200] "GET /anmelden/ HTTP/1.1" 200 4591 "http://127.0.0.1:8090/" "Mozilla/5.0 (Macintosh; Intel Mac OS X 10_15_7) AppleWebKit/537.36 (KHTML, like Gecko) Chrome/151.0.0.0 Safari/537.36"
2026-08-13 10:08:08,924 INFO wachbuch.requests request_started method=GET path=/manifest.webmanifest correlation_id=13db1c01bdc54cb1b2cac5ff311cf2fe
127.0.0.1 - - [13/Aug/2026:10:08:08 +0200] "GET /manifest.webmanifest HTTP/1.1" 200 1144 "http://127.0.0.1:8090/anmelden/" "Mozilla/5.0 (Macintosh; Intel Mac OS X 10_15_7) AppleWebKit/537.36 (KHTML, like Gecko) Chrome/151.0.0.0 Safari/537.36"
2026-08-13 10:08:10,469 INFO wachbuch.requests request_started method=GET path=/service-worker.js correlation_id=87c61c2b235d40d1bcb66af23ff8375c
127.0.0.1 - - [13/Aug/2026:10:08:10 +0200] "GET /service-worker.js HTTP/1.1" 200 3847 "http://127.0.0.1:8090/service-worker.js" "Mozilla/5.0 (Macintosh; Intel Mac OS X 10_15_7) AppleWebKit/537.36 (KHTML, like Gecko) Chrome/151.0.0.0 Safari/537.36"
2026-08-13 10:08:13,977 INFO wachbuch.requests request_started method=GET path=/service-worker.js correlation_id=48d5a10d30464434826baf80aa056d7d
127.0.0.1 - - [13/Aug/2026:10:08:13 +0200] "GET /service-worker.js HTTP/1.1" 200 3847 "http://127.0.0.1:8090/service-worker.js" "Mozilla/5.0 (Macintosh; Intel Mac OS X 10_15_7) AppleWebKit/537.36 (KHTML, like Gecko) Chrome/151.0.0.0 Safari/537.36"
[2026-08-13 10:09:13 +0200] [59149] [CRITICAL] WORKER TIMEOUT (pid:59153)
[2026-08-13 10:09:13 +0200] [59153] [ERROR] Error handling request (no URI read)
Traceback (most recent call last):
  File "/Users/michaelkatschko/Projects/rettungswache-wachbuch/.venv/lib/python3.12/site-packages/gunicorn/workers/sync.py", line 140, in handle
    req = next(parser)
          ^^^^^^^^^^^^
  File "/Users/michaelkatschko/Projects/rettungswache-wachbuch/.venv/lib/python3.12/site-packages/gunicorn/http/parser.py", line 111, in __next__
    self.mesg = self.mesg_class(self.cfg, self.unreader, self.source_addr, self.req_count)
                ^^^^^^^^^^^^^^^^^^^^^^^^^^^^^^^^^^^^^^^^^^^^^^^^^^^^^^^^^^^^^^^^^^^^^^^^^^
  File "/Users/michaelkatschko/Projects/rettungswache-wachbuch/.venv/lib/python3.12/site-packages/gunicorn/http/message.py", line 459, in __init__
    super().__init__(cfg, unreader, peer_addr)
  File "/Users/michaelkatschko/Projects/rettungswache-wachbuch/.venv/lib/python3.12/site-packages/gunicorn/http/message.py", line 199, in __init__
    unused = self.parse(self.unreader)
             ^^^^^^^^^^^^^^^^^^^^^^^^^
  File "/Users/michaelkatschko/Projects/rettungswache-wachbuch/.venv/lib/python3.12/site-packages/gunicorn/http/message.py", line 471, in parse
    self.read_into(unreader, buf, stop=True)
  File "/Users/michaelkatschko/Projects/rettungswache-wachbuch/.venv/lib/python3.12/site-packages/gunicorn/http/message.py", line 605, in read_into
    data = unreader.read()
           ^^^^^^^^^^^^^^^
  File "/Users/michaelkatschko/Projects/rettungswache-wachbuch/.venv/lib/python3.12/site-packages/gunicorn/http/unreader.py", line 36, in read
    d = self.chunk()
        ^^^^^^^^^^^^
  File "/Users/michaelkatschko/Projects/rettungswache-wachbuch/.venv/lib/python3.12/site-packages/gunicorn/http/unreader.py", line 65, in chunk
    return self.sock.recv(self.mxchunk)
           ^^^^^^^^^^^^^^^^^^^^^^^^^^^^
  File "/Users/michaelkatschko/Projects/rettungswache-wachbuch/.venv/lib/python3.12/site-packages/gunicorn/workers/base.py", line 198, in handle_abort
    sys.exit(1)
SystemExit: 1
[2026-08-13 10:09:14 +0200] [59149] [ERROR] Worker (pid:59153) was sent SIGKILL! Perhaps out of memory?
[2026-08-13 10:09:14 +0200] [59225] [INFO] Booting worker with pid: 59225
[2026-08-13 10:09:14 +0200] [59149] [INFO] Control socket listening at /Users/michaelkatschko/.gunicorn/gunicorn.ctl
2026-08-13 10:09:14,775 INFO axes.apps AXES: BEGIN version 8.3.1, blocking by combination of username and ip_address
2026-08-13 10:10:22,768 INFO wachbuch.requests request_started method=GET path=/anmelden/ correlation_id=2e1ba74dbab547968e2741f5c9ef64be
127.0.0.1 - - [13/Aug/2026:10:10:22 +0200] "GET /anmelden/ HTTP/1.1" 200 4591 "http://127.0.0.1:8090/" "Mozilla/5.0 (Macintosh; Intel Mac OS X 10_15_7) AppleWebKit/537.36 (KHTML, like Gecko) Chrome/151.0.0.0 Safari/537.36"
2026-08-13 10:10:22,938 INFO wachbuch.requests request_started method=GET path=/manifest.webmanifest correlation_id=0877ac2ff7a6492395cb53c9f619edbb
127.0.0.1 - - [13/Aug/2026:10:10:22 +0200] "GET /manifest.webmanifest HTTP/1.1" 200 1144 "http://127.0.0.1:8090/anmelden/" "Mozilla/5.0 (Macintosh; Intel Mac OS X 10_15_7) AppleWebKit/537.36 (KHTML, like Gecko) Chrome/151.0.0.0 Safari/537.36"
2026-08-13 10:10:24,459 INFO wachbuch.requests request_started method=GET path=/service-worker.js correlation_id=93051817610245c6ae55090e926915e3
127.0.0.1 - - [13/Aug/2026:10:10:24 +0200] "GET /service-worker.js HTTP/1.1" 200 3847 "http://127.0.0.1:8090/service-worker.js" "Mozilla/5.0 (Macintosh; Intel Mac OS X 10_15_7) AppleWebKit/537.36 (KHTML, like Gecko) Chrome/151.0.0.0 Safari/537.36"
2026-08-13 10:10:27,437 INFO wachbuch.requests request_started method=GET path=/ correlation_id=4aea8efc898a42f194fcc7d9feb3c8a3
127.0.0.1 - - [13/Aug/2026:10:10:27 +0200] "GET / HTTP/1.1" 200 5789 "http://127.0.0.1:8090/" "Mozilla/5.0 (Macintosh; Intel Mac OS X 10_15_7) AppleWebKit/537.36 (KHTML, like Gecko) Chrome/151.0.0.0 Safari/537.36"
2026-08-13 10:10:27,453 INFO wachbuch.requests request_started method=GET path=/manifest.webmanifest correlation_id=2118f2568d93430b865f884a08a6fb89
127.0.0.1 - - [13/Aug/2026:10:10:27 +0200] "GET /manifest.webmanifest HTTP/1.1" 200 1144 "http://127.0.0.1:8090/" "Mozilla/5.0 (Macintosh; Intel Mac OS X 10_15_7) AppleWebKit/537.36 (KHTML, like Gecko) Chrome/151.0.0.0 Safari/537.36"
2026-08-13 10:10:27,462 INFO wachbuch.requests request_started method=GET path=/manifest.webmanifest correlation_id=f45a4256eac54f2ca059a7e795f4a5bf
127.0.0.1 - - [13/Aug/2026:10:10:27 +0200] "GET /manifest.webmanifest HTTP/1.1" 200 1144 "http://127.0.0.1:8090/" "Mozilla/5.0 (Macintosh; Intel Mac OS X 10_15_7) AppleWebKit/537.36 (KHTML, like Gecko) Chrome/151.0.0.0 Safari/537.36"
2026-08-13 10:10:27,780 INFO wachbuch.requests request_started method=GET path=/service-worker.js correlation_id=84abd9cf3d024720914eeb2ce4c4fe58
127.0.0.1 - - [13/Aug/2026:10:10:27 +0200] "GET /service-worker.js HTTP/1.1" 200 3847 "http://127.0.0.1:8090/service-worker.js" "Mozilla/5.0 (Macintosh; Intel Mac OS X 10_15_7) AppleWebKit/537.36 (KHTML, like Gecko) Chrome/151.0.0.0 Safari/537.36"
2026-08-13 10:10:28,978 INFO wachbuch.requests request_started method=GET path=/service-worker.js correlation_id=85db41d7ad70428eaaf8c10b095b5d59
127.0.0.1 - - [13/Aug/2026:10:10:28 +0200] "GET /service-worker.js HTTP/1.1" 200 3847 "http://127.0.0.1:8090/service-worker.js" "Mozilla/5.0 (Macintosh; Intel Mac OS X 10_15_7) AppleWebKit/537.36 (KHTML, like Gecko) Chrome/151.0.0.0 Safari/537.36"
2026-08-13 10:42:35,894 INFO wachbuch.requests request_started method=GET path=/ correlation_id=7ec7a17805d342db94c579259358b0b2
2026-08-13 10:42:35,921 ERROR wachbuch.errors unhandled_exception message=handler500 method=GET path=/ correlation_id=7ec7a17805d342db94c579259358b0b2
2026-08-13 10:42:35,937 ERROR django.request Internal Server Error: /
Traceback (most recent call last):
  File "/Users/michaelkatschko/Projects/rettungswache-wachbuch/.venv/lib/python3.12/site-packages/django/core/handlers/exception.py", line 56, in inner
    response = get_response(request)
               ^^^^^^^^^^^^^^^^^^^^^
  File "/Users/michaelkatschko/Projects/rettungswache-wachbuch/.venv/lib/python3.12/site-packages/django/core/handlers/base.py", line 199, in _get_response
    response = wrapped_callback(request, *callback_args, **callback_kwargs)
               ^^^^^^^^^^^^^^^^^^^^^^^^^^^^^^^^^^^^^^^^^^^^^^^^^^^^^^^^^^^^
  File "/Users/michaelkatschko/Projects/rettungswache-wachbuch/.venv/lib/python3.12/site-packages/django/views/decorators/http.py", line 63, in inner
    return func(request, *args, **kwargs)
           ^^^^^^^^^^^^^^^^^^^^^^^^^^^^^^
  File "/Users/michaelkatschko/Projects/rettungswache-wachbuch/core/views.py", line 343, in landing
    return render(request, "core/landing.html")
           ^^^^^^^^^^^^^^^^^^^^^^^^^^^^^^^^^^^^
  File "/Users/michaelkatschko/Projects/rettungswache-wachbuch/.venv/lib/python3.12/site-packages/django/shortcuts.py", line 27, in render
    content = loader.render_to_string(template_name, context, request, using=using)
              ^^^^^^^^^^^^^^^^^^^^^^^^^^^^^^^^^^^^^^^^^^^^^^^^^^^^^^^^^^^^^^^^^^^^^
  File "/Users/michaelkatschko/Projects/rettungswache-wachbuch/.venv/lib/python3.12/site-packages/django/template/loader.py", line 62, in render_to_string
    return template.render(context, request)
           ^^^^^^^^^^^^^^^^^^^^^^^^^^^^^^^^^
  File "/Users/michaelkatschko/Projects/rettungswache-wachbuch/.venv/lib/python3.12/site-packages/django/template/backends/django.py", line 107, in render
    return self.template.render(context)
           ^^^^^^^^^^^^^^^^^^^^^^^^^^^^^
  File "/Users/michaelkatschko/Projects/rettungswache-wachbuch/.venv/lib/python3.12/site-packages/django/template/base.py", line 174, in render
    return self._render(context)
           ^^^^^^^^^^^^^^^^^^^^^
  File "/Users/michaelkatschko/Projects/rettungswache-wachbuch/.venv/lib/python3.12/site-packages/django/template/base.py", line 166, in _render
    return self.nodelist.render(context)
           ^^^^^^^^^^^^^^^^^^^^^^^^^^^^^
  File "/Users/michaelkatschko/Projects/rettungswache-wachbuch/.venv/lib/python3.12/site-packages/django/template/base.py", line 1107, in render
    return SafeString("".join([node.render_annotated(context) for node in self]))
                               ^^^^^^^^^^^^^^^^^^^^^^^^^^^^^^
  File "/Users/michaelkatschko/Projects/rettungswache-wachbuch/.venv/lib/python3.12/site-packages/django/template/base.py", line 1068, in render_annotated
    return self.render(context)
           ^^^^^^^^^^^^^^^^^^^^
  File "/Users/michaelkatschko/Projects/rettungswache-wachbuch/.venv/lib/python3.12/site-packages/django/template/loader_tags.py", line 160, in render
    return compiled_parent._render(context)
           ^^^^^^^^^^^^^^^^^^^^^^^^^^^^^^^^
  File "/Users/michaelkatschko/Projects/rettungswache-wachbuch/.venv/lib/python3.12/site-packages/django/template/base.py", line 166, in _render
    return self.nodelist.render(context)
           ^^^^^^^^^^^^^^^^^^^^^^^^^^^^^
  File "/Users/michaelkatschko/Projects/rettungswache-wachbuch/.venv/lib/python3.12/site-packages/django/template/base.py", line 1107, in render
    return SafeString("".join([node.render_annotated(context) for node in self]))
                               ^^^^^^^^^^^^^^^^^^^^^^^^^^^^^^
  File "/Users/michaelkatschko/Projects/rettungswache-wachbuch/.venv/lib/python3.12/site-packages/django/template/base.py", line 1068, in render_annotated
    return self.render(context)
           ^^^^^^^^^^^^^^^^^^^^
  File "/Users/michaelkatschko/Projects/rettungswache-wachbuch/.venv/lib/python3.12/site-packages/django/template/loader_tags.py", line 66, in render
    result = block.nodelist.render(context)
             ^^^^^^^^^^^^^^^^^^^^^^^^^^^^^^
  File "/Users/michaelkatschko/Projects/rettungswache-wachbuch/.venv/lib/python3.12/site-packages/django/template/base.py", line 1107, in render
    return SafeString("".join([node.render_annotated(context) for node in self]))
                               ^^^^^^^^^^^^^^^^^^^^^^^^^^^^^^
  File "/Users/michaelkatschko/Projects/rettungswache-wachbuch/.venv/lib/python3.12/site-packages/django/template/base.py", line 1068, in render_annotated
    return self.render(context)
           ^^^^^^^^^^^^^^^^^^^^
  File "/Users/michaelkatschko/Projects/rettungswache-wachbuch/.venv/lib/python3.12/site-packages/django/templatetags/static.py", line 116, in render
    url = self.url(context)
          ^^^^^^^^^^^^^^^^^
  File "/Users/michaelkatschko/Projects/rettungswache-wachbuch/.venv/lib/python3.12/site-packages/django/templatetags/static.py", line 113, in url
    return self.handle_simple(path)
           ^^^^^^^^^^^^^^^^^^^^^^^^
  File "/Users/michaelkatschko/Projects/rettungswache-wachbuch/.venv/lib/python3.12/site-packages/django/templatetags/static.py", line 129, in handle_simple
    return staticfiles_storage.url(path)
           ^^^^^^^^^^^^^^^^^^^^^^^^^^^^^
  File "/Users/michaelkatschko/Projects/rettungswache-wachbuch/.venv/lib/python3.12/site-packages/django/contrib/staticfiles/storage.py", line 235, in url
    return self._url(self.stored_name, name, force)
           ^^^^^^^^^^^^^^^^^^^^^^^^^^^^^^^^^^^^^^^^
  File "/Users/michaelkatschko/Projects/rettungswache-wachbuch/.venv/lib/python3.12/site-packages/django/contrib/staticfiles/storage.py", line 214, in _url
    hashed_name = hashed_name_func(*args)
                  ^^^^^^^^^^^^^^^^^^^^^^^
  File "/Users/michaelkatschko/Projects/rettungswache-wachbuch/.venv/lib/python3.12/site-packages/django/contrib/staticfiles/storage.py", line 601, in stored_name
    raise ValueError(
ValueError: Missing staticfiles manifest entry for 'core/landing-hero.jpg'
127.0.0.1 - - [13/Aug/2026:10:42:35 +0200] "GET / HTTP/1.1" 500 4341 "http://127.0.0.1:8090/" "Mozilla/5.0 (Macintosh; Intel Mac OS X 10_15_7) AppleWebKit/537.36 (KHTML, like Gecko) Chrome/151.0.0.0 Safari/537.36"
2026-08-13 10:42:36,037 INFO wachbuch.requests request_started method=GET path=/manifest.webmanifest correlation_id=5d46c9618dbc4e62818d4ed4a002c8e1
127.0.0.1 - - [13/Aug/2026:10:42:36 +0200] "GET /manifest.webmanifest HTTP/1.1" 200 1144 "http://127.0.0.1:8090/" "Mozilla/5.0 (Macintosh; Intel Mac OS X 10_15_7) AppleWebKit/537.36 (KHTML, like Gecko) Chrome/151.0.0.0 Safari/537.36"
127.0.0.1 - - [13/Aug/2026:10:42:36 +0200] "GET /static/core/icons/icon-192.beae330fd004.png HTTP/1.1" 200 0 "http://127.0.0.1:8090/" "Mozilla/5.0 (Macintosh; Intel Mac OS X 10_15_7) AppleWebKit/537.36 (KHTML, like Gecko) Chrome/151.0.0.0 Safari/537.36"
2026-08-13 10:42:37,576 INFO wachbuch.requests request_started method=GET path=/service-worker.js correlation_id=f3250128b117497e91cedd13234d3a48
127.0.0.1 - - [13/Aug/2026:10:42:37 +0200] "GET /service-worker.js HTTP/1.1" 200 3847 "http://127.0.0.1:8090/service-worker.js" "Mozilla/5.0 (Macintosh; Intel Mac OS X 10_15_7) AppleWebKit/537.36 (KHTML, like Gecko) Chrome/151.0.0.0 Safari/537.36"
2026-08-13 10:42:38,389 INFO wachbuch.requests request_started method=GET path=/ correlation_id=79617d651ce44982aeade93e3d697a23
2026-08-13 10:42:38,395 ERROR wachbuch.errors unhandled_exception message=handler500 method=GET path=/ correlation_id=79617d651ce44982aeade93e3d697a23
2026-08-13 10:42:38,398 ERROR django.request Internal Server Error: /
Traceback (most recent call last):
  File "/Users/michaelkatschko/Projects/rettungswache-wachbuch/.venv/lib/python3.12/site-packages/django/core/handlers/exception.py", line 56, in inner
    response = get_response(request)
               ^^^^^^^^^^^^^^^^^^^^^
  File "/Users/michaelkatschko/Projects/rettungswache-wachbuch/.venv/lib/python3.12/site-packages/django/core/handlers/base.py", line 199, in _get_response
    response = wrapped_callback(request, *callback_args, **callback_kwargs)
               ^^^^^^^^^^^^^^^^^^^^^^^^^^^^^^^^^^^^^^^^^^^^^^^^^^^^^^^^^^^^
  File "/Users/michaelkatschko/Projects/rettungswache-wachbuch/.venv/lib/python3.12/site-packages/django/views/decorators/http.py", line 63, in inner
    return func(request, *args, **kwargs)
           ^^^^^^^^^^^^^^^^^^^^^^^^^^^^^^
  File "/Users/michaelkatschko/Projects/rettungswache-wachbuch/core/views.py", line 343, in landing
    return render(request, "core/landing.html")
           ^^^^^^^^^^^^^^^^^^^^^^^^^^^^^^^^^^^^
  File "/Users/michaelkatschko/Projects/rettungswache-wachbuch/.venv/lib/python3.12/site-packages/django/shortcuts.py", line 27, in render
    content = loader.render_to_string(template_name, context, request, using=using)
              ^^^^^^^^^^^^^^^^^^^^^^^^^^^^^^^^^^^^^^^^^^^^^^^^^^^^^^^^^^^^^^^^^^^^^
  File "/Users/michaelkatschko/Projects/rettungswache-wachbuch/.venv/lib/python3.12/site-packages/django/template/loader.py", line 62, in render_to_string
    return template.render(context, request)
           ^^^^^^^^^^^^^^^^^^^^^^^^^^^^^^^^^
  File "/Users/michaelkatschko/Projects/rettungswache-wachbuch/.venv/lib/python3.12/site-packages/django/template/backends/django.py", line 107, in render
    return self.template.render(context)
           ^^^^^^^^^^^^^^^^^^^^^^^^^^^^^
  File "/Users/michaelkatschko/Projects/rettungswache-wachbuch/.venv/lib/python3.12/site-packages/django/template/base.py", line 174, in render
    return self._render(context)
           ^^^^^^^^^^^^^^^^^^^^^
  File "/Users/michaelkatschko/Projects/rettungswache-wachbuch/.venv/lib/python3.12/site-packages/django/template/base.py", line 166, in _render
    return self.nodelist.render(context)
           ^^^^^^^^^^^^^^^^^^^^^^^^^^^^^
  File "/Users/michaelkatschko/Projects/rettungswache-wachbuch/.venv/lib/python3.12/site-packages/django/template/base.py", line 1107, in render
    return SafeString("".join([node.render_annotated(context) for node in self]))
                               ^^^^^^^^^^^^^^^^^^^^^^^^^^^^^^
  File "/Users/michaelkatschko/Projects/rettungswache-wachbuch/.venv/lib/python3.12/site-packages/django/template/base.py", line 1068, in render_annotated
    return self.render(context)
           ^^^^^^^^^^^^^^^^^^^^
  File "/Users/michaelkatschko/Projects/rettungswache-wachbuch/.venv/lib/python3.12/site-packages/django/template/loader_tags.py", line 160, in render
    return compiled_parent._render(context)
           ^^^^^^^^^^^^^^^^^^^^^^^^^^^^^^^^
  File "/Users/michaelkatschko/Projects/rettungswache-wachbuch/.venv/lib/python3.12/site-packages/django/template/base.py", line 166, in _render
    return self.nodelist.render(context)
           ^^^^^^^^^^^^^^^^^^^^^^^^^^^^^
  File "/Users/michaelkatschko/Projects/rettungswache-wachbuch/.venv/lib/python3.12/site-packages/django/template/base.py", line 1107, in render
    return SafeString("".join([node.render_annotated(context) for node in self]))
                               ^^^^^^^^^^^^^^^^^^^^^^^^^^^^^^
  File "/Users/michaelkatschko/Projects/rettungswache-wachbuch/.venv/lib/python3.12/site-packages/django/template/base.py", line 1068, in render_annotated
    return self.render(context)
           ^^^^^^^^^^^^^^^^^^^^
  File "/Users/michaelkatschko/Projects/rettungswache-wachbuch/.venv/lib/python3.12/site-packages/django/template/loader_tags.py", line 66, in render
    result = block.nodelist.render(context)
             ^^^^^^^^^^^^^^^^^^^^^^^^^^^^^^
  File "/Users/michaelkatschko/Projects/rettungswache-wachbuch/.venv/lib/python3.12/site-packages/django/template/base.py", line 1107, in render
    return SafeString("".join([node.render_annotated(context) for node in self]))
                               ^^^^^^^^^^^^^^^^^^^^^^^^^^^^^^
  File "/Users/michaelkatschko/Projects/rettungswache-wachbuch/.venv/lib/python3.12/site-packages/django/template/base.py", line 1068, in render_annotated
    return self.render(context)
           ^^^^^^^^^^^^^^^^^^^^
  File "/Users/michaelkatschko/Projects/rettungswache-wachbuch/.venv/lib/python3.12/site-packages/django/templatetags/static.py", line 116, in render
    url = self.url(context)
          ^^^^^^^^^^^^^^^^^
  File "/Users/michaelkatschko/Projects/rettungswache-wachbuch/.venv/lib/python3.12/site-packages/django/templatetags/static.py", line 113, in url
    return self.handle_simple(path)
           ^^^^^^^^^^^^^^^^^^^^^^^^
  File "/Users/michaelkatschko/Projects/rettungswache-wachbuch/.venv/lib/python3.12/site-packages/django/templatetags/static.py", line 129, in handle_simple
    return staticfiles_storage.url(path)
           ^^^^^^^^^^^^^^^^^^^^^^^^^^^^^
  File "/Users/michaelkatschko/Projects/rettungswache-wachbuch/.venv/lib/python3.12/site-packages/django/contrib/staticfiles/storage.py", line 235, in url
    return self._url(self.stored_name, name, force)
           ^^^^^^^^^^^^^^^^^^^^^^^^^^^^^^^^^^^^^^^^
  File "/Users/michaelkatschko/Projects/rettungswache-wachbuch/.venv/lib/python3.12/site-packages/django/contrib/staticfiles/storage.py", line 214, in _url
    hashed_name = hashed_name_func(*args)
                  ^^^^^^^^^^^^^^^^^^^^^^^
  File "/Users/michaelkatschko/Projects/rettungswache-wachbuch/.venv/lib/python3.12/site-packages/django/contrib/staticfiles/storage.py", line 601, in stored_name
    raise ValueError(
ValueError: Missing staticfiles manifest entry for 'core/landing-hero.jpg'
127.0.0.1 - - [13/Aug/2026:10:42:38 +0200] "GET / HTTP/1.1" 500 4341 "http://127.0.0.1:8090/" "Mozilla/5.0 (Macintosh; Intel Mac OS X 10_15_7) AppleWebKit/537.36 (KHTML, like Gecko) Chrome/151.0.0.0 Safari/537.36"
2026-08-13 10:42:38,422 INFO wachbuch.requests request_started method=GET path=/manifest.webmanifest correlation_id=bdca43b7a6a34f22bd6c1391c784df87
127.0.0.1 - - [13/Aug/2026:10:42:38 +0200] "GET /manifest.webmanifest HTTP/1.1" 200 1144 "http://127.0.0.1:8090/" "Mozilla/5.0 (Macintosh; Intel Mac OS X 10_15_7) AppleWebKit/537.36 (KHTML, like Gecko) Chrome/151.0.0.0 Safari/537.36"
2026-08-13 10:42:39,973 INFO wachbuch.requests request_started method=GET path=/service-worker.js correlation_id=75d98b75dd8f47d6986c30357d206049
127.0.0.1 - - [13/Aug/2026:10:42:39 +0200] "GET /service-worker.js HTTP/1.1" 200 3847 "http://127.0.0.1:8090/service-worker.js" "Mozilla/5.0 (Macintosh; Intel Mac OS X 10_15_7) AppleWebKit/537.36 (KHTML, like Gecko) Chrome/151.0.0.0 Safari/537.36"
[2026-08-13 11:04:06 +0200] [59149] [INFO] Handling signal: term
[2026-08-13 11:04:06 +0200] [59152] [INFO] Worker exiting (pid: 59152)
[2026-08-13 11:04:06 +0200] [59225] [INFO] Worker exiting (pid: 59225)
[2026-08-13 11:04:06 +0200] [59149] [INFO] Shutting down: Master
[2026-08-13 11:04:06 +0200] [62660] [INFO] Starting gunicorn 26.0.0
[2026-08-13 11:04:06 +0200] [62660] [INFO] Listening at: http://127.0.0.1:8090 (62660)
[2026-08-13 11:04:06 +0200] [62660] [INFO] Using worker: sync
[2026-08-13 11:04:06 +0200] [62664] [INFO] Booting worker with pid: 62664
2026-08-13 11:04:06,829 INFO axes.apps AXES: BEGIN version 8.3.1, blocking by combination of username and ip_address
[2026-08-13 11:04:06 +0200] [62666] [INFO] Booting worker with pid: 62666
2026-08-13 11:04:07,013 INFO axes.apps AXES: BEGIN version 8.3.1, blocking by combination of username and ip_address
[2026-08-13 11:04:07 +0200] [62660] [INFO] Control socket listening at /Users/michaelkatschko/.gunicorn/gunicorn.ctl
2026-08-13 11:04:10,611 INFO wachbuch.requests request_started method=GET path=/ correlation_id=d6609e15c3d54394bc78e3c991bf537b
127.0.0.1 - - [13/Aug/2026:11:04:10 +0200] "GET / HTTP/1.1" 200 6181 "-" "curl/8.7.1"
2026-08-13 11:04:46,674 INFO wachbuch.requests request_started method=GET path=/ correlation_id=05a2e6b949da4f3991e37e2ffec7f523
127.0.0.1 - - [13/Aug/2026:11:04:46 +0200] "GET / HTTP/1.1" 200 6181 "-" "curl/8.7.1"
2026-08-13 11:04:46,836 INFO wachbuch.requests request_started method=POST path=/demo-einstieg/ correlation_id=378928af4e424f2ca27d8c65ee9f1013
2026-08-13 11:04:46,844 INFO axes.handlers.database AXES: Successful login by {username: "********************", ip_address: "********************", user_agent: "curl/8.7.1", path_info: "/demo-einstieg/"}.
2026-08-13 11:04:46,847 INFO axes.handlers.database AXES: Cleaned up 1 expired access attempts from database that were older than 2026-08-13 08:04:46.844594+00:00
2026-08-13 11:04:46,848 INFO axes.handlers.database AXES: Reset 0 access attempts from database.
2026-08-13 11:04:46,849 INFO axes.handlers.database AXES: Deleted 0 failed login attempts by {username: "********************", ip_address: "********************", user_agent: "curl/8.7.1", path_info: "/demo-einstieg/"} from database.
127.0.0.1 - - [13/Aug/2026:11:04:46 +0200] "POST /demo-einstieg/ HTTP/1.1" 302 0 "http://127.0.0.1:8090/" "curl/8.7.1"
2026-08-13 11:04:46,865 INFO wachbuch.requests request_started method=GET path=/uebersicht/ correlation_id=5b9c0d8d9b2541f3b9a1483a1791faa9
127.0.0.1 - - [13/Aug/2026:11:04:46 +0200] "GET /uebersicht/ HTTP/1.1" 200 10502 "-" "curl/8.7.1"
